studentID,name,birthDate,address,schoolCode,"P5_subject_scores (Chi,Eng,Math,GS,VA,Music,PE)","P6_subject_scores (Chi,Eng,Math,GS,VA,Music,PE)",applicationID,choicePartB (Top 3 Choices)
KT2025001,Chan Tai Man,5/12/2013,45 Lam Tin Road,KTPS001,"75,78,92,88,75,80,90","42,82,95,90,78,85,92",APP2025001,"KTSS001,KTSS005,KTSS012,KTSS003,KTSS008,KTSS010,KTSS015,KTSS002,KTSS007,KTSS009,KTSS014,KTSS016,KTSS004,KTSS011,KTSS013,KTSS017,KTSS018,KTSS019,KTSS020,KTSS006"
KT2025002,Lee Siu Ming,8/23/2013,12 Ngau Tau Kok Rd,KTPS002,"72,85,80,76,82,78,85","75,88,84,80,85,80,88",APP2025002,"KTSS008,KTSS003,KTSS010,KTSS001,KTSS005,KTSS012,KTSS015,KTSS002,KTSS007,KTSS009,KTSS014,KTSS016,KTSS004,KTSS011,KTSS013,KTSS017,KTSS018,KTSS019,KTSS020,KTSS006"
KT2025003,Wong Mei Ling,2/17/2013,8 Yau Tong Bay,KTPS003,"90,92,87,85,88,90,92","92,95,90,88,92,93,95",APP2025003,"KTSS005,KTSS001,KTSS007,KTSS003,KTSS008,KTSS010,KTSS015,KTSS002,KTSS009,KTSS014,KTSS016,KTSS004,KTSS011,KTSS013,KTSS017,KTSS018,KTSS019,KTSS020,KTSS006,KTSS012"
KT2025004,Ho Ka Lok,11/30/2013,15 Kwun Tong Rd,KTPS004,"68,72,65,70,60,65,75","70,75,68,73,65,70,78",APP2025004,"KTSS012,KTSS002,KTSS009,KTSS001,KTSS005,KTSS003,KTSS008,KTSS010,KTSS015,KTSS007,KTSS014,KTSS016,KTSS004,KTSS011,KTSS013,KTSS017,KTSS018,KTSS019,KTSS020,KTSS006"
KT2025005,Cheung Wai,7/5/2013,23 Lei Yue Mun,KTPS005,"78,80,85,82,75,78,80","82,85,88,85,80,82,85",APP2025005,"KTSS003,KTSS006,KTSS011,KTSS001,KTSS005,KTSS012,KTSS008,KTSS010,KTSS015,KTSS002,KTSS007,KTSS009,KTSS014,KTSS016,KTSS004,KTSS011,KTSS013,KTSS017,KTSS018,KTSS019"
KT2025006,Lau Tin Yau,4/19/2013,30 Hoi Yuen Road,KTPS006,"88,90,92,89,85,88,90","90,93,95,92,88,90,93",APP2025006,"KTSS001,KTSS004,KTSS008,KTSS005,KTSS012,KTSS003,KTSS010,KTSS015,KTSS002,KTSS007,KTSS009,KTSS014,KTSS016,KTSS004,KTSS011,KTSS013,KTSS017,KTSS018,KTSS019,KTSS020"
KT2025007,Yeung Lok,9/27/2013,5 Tsui Ping Rd,KTPS007,"75,72,78,80,70,65,72","78,75,82,85,75,70,78",APP2025007,"KTSS010,KTSS015,KTSS002,KTSS001,KTSS005,KTSS012,KTSS003,KTSS008,KTSS007,KTSS009,KTSS014,KTSS016,KTSS004,KTSS011,KTSS013,KTSS017,KTSS018,KTSS019,KTSS020,KTSS006"
KT2025008,Cheung Hiu,1/14/2013,18 Kowloon Bay,KTPS008,"92,88,95,90,85,88,92","95,90,98,93,90,92,95",APP2025008,"KTSS004,KTSS001,KTSS005,KTSS012,KTSS003,KTSS008,KTSS010,KTSS015,KTSS002,KTSS007,KTSS009,KTSS014,KTSS016,KTSS011,KTSS013,KTSS017,KTSS018,KTSS019,KTSS020,KTSS006"
KT2025009,Lam Tsz,12/8/2013,7 Sau Mau Ping,KTPS009,"65,70,68,72,60,62,70","68,75,72,78,65,68,75",APP2025009,"KTSS015,KTSS012,KTSS007,KTSS001,KTSS005,KTSS003,KTSS008,KTSS010,KTSS002,KTSS009,KTSS014,KTSS016,KTSS004,KTSS011,KTSS013,KTSS017,KTSS018,KTSS019,KTSS020,KTSS006"
KT2025010,Ng Ka Fai,6/21/2013,9 Kwun Tong Bypass,KTPS010,"80,85,88,82,78,80,85","85,88,92,85,82,85,88",APP2025010,"KTSS007,KTSS003,KTSS009,KTSS001,KTSS005,KTSS012,KTSS008,KTSS010,KTSS015,KTSS002,KTSS014,KTSS016,KTSS004,KTSS011,KTSS013,KTSS017,KTSS018,KTSS019,KTSS020,KTSS006"
KT2025011,Cheng Ho Yin,3/11/2013,14 Lam Tin Estate,KTPS011,"82,85,90,88,80,78,85","85,88,93,90,85,82,88",APP2025011,"KTSS006,KTSS001,KTSS005,KTSS012,KTSS003,KTSS008,KTSS010,KTSS015,KTSS002,KTSS007,KTSS009,KTSS014,KTSS016,KTSS004,KTSS011,KTSS013,KTSS017,KTSS018,KTSS019,KTSS020"
KT2025012,Wong Siu Lung,10/22/2013,25 Ngau Tau Kok,KTPS012,"70,75,72,78,65,68,75","73,78,75,82,70,72,78",APP2025012,"KTSS009,KTSS002,KTSS007,KTSS001,KTSS005,KTSS012,KTSS003,KTSS008,KTSS010,KTSS015,KTSS014,KTSS016,KTSS004,KTSS011,KTSS013,KTSS017,KTSS018,KTSS019,KTSS020,KTSS006"
KT2025013,Yip Chun Hei,7/30/2013,11 Kwun Tong Road,KTPS013,"85,80,88,82,75,78,80","88,85,92,85,80,82,85",APP2025013,"KTSS011,KTSS013,KTSS017,KTSS001,KTSS005,KTSS012,KTSS003,KTSS008,KTSS010,KTSS015,KTSS002,KTSS007,KTSS009,KTSS014,KTSS016,KTSS004,KTSS018,KTSS019,KTSS020,KTSS006"
KT2025014,Leung Tsz Yan,5/8/2013,19 Yau Tong Estate,KTPS014,"90,88,92,89,85,88,90","93,90,95,92,88,90,93",APP2025014,"KTSS014,KTSS016,KTSS004,KTSS001,KTSS005,KTSS012,KTSS003,KTSS008,KTSS010,KTSS015,KTSS002,KTSS007,KTSS009,KTSS011,KTSS013,KTSS017,KTSS018,KTSS019,KTSS020,KTSS006"
KT2025015,Tam Wai Kit,9/15/2013,6 Kowloon Bay Plaza,KTPS015,"78,82,85,80,75,78,82","82,85,88,85,80,82,85",APP2025015,"KTSS016,KTSS004,KTSS011,KTSS001,KTSS005,KTSS012,KTSS003,KTSS008,KTSS010,KTSS015,KTSS002,KTSS007,KTSS009,KTSS014,KTSS013,KTSS017,KTSS018,KTSS019,KTSS020,KTSS006"
KT2025016,Chow Mei Ling,2/28/2013,3 Lam Tin Bypass,KTPS016,"88,90,92,89,85,88,90","90,93,95,92,88,90,93",APP2025016,"KTSS013,KTSS017,KTSS018,KTSS001,KTSS005,KTSS012,KTSS003,KTSS008,KTSS010,KTSS015,KTSS002,KTSS007,KTSS009,KTSS014,KTSS016,KTSS004,KTSS011,KTSS019,KTSS020,KTSS006"
KT2025017,Lau Ka Ho,11/12/2013,17 Kwun Tong Plaza,KTPS017,"75,78,80,82,70,72,78","78,82,85,85,75,78,82",APP2025017,"KTSS017,KTSS018,KTSS019,KTSS001,KTSS005,KTSS012,KTSS003,KTSS008,KTSS010,KTSS015,KTSS002,KTSS007,KTSS009,KTSS014,KTSS016,KTSS004,KTSS011,KTSS013,KTSS020,KTSS006"
KT2025018,Chan Siu Wai,4/5/2013,22 Ngau Tau Kok Rd,KTPS018,"82,85,88,85,80,82,85","85,88,92,88,85,85,88",APP2025018,"KTSS018,KTSS019,KTSS020,KTSS001,KTSS005,KTSS012,KTSS003,KTSS008,KTSS010,KTSS015,KTSS002,KTSS007,KTSS009,KTSS014,KTSS016,KTSS004,KTSS011,KTSS013,KTSS017,KTSS006"
KT2025019,Ho Tsz Ching,8/19/2013,10 Lam Tin Centre,KTPS019,"72,75,78,80,70,68,75","75,78,82,85,75,72,78",APP2025019,"KTSS019,KTSS020,KTSS006,KTSS001,KTSS005,KTSS012,KTSS003,KTSS008,KTSS010,KTSS015,KTSS002,KTSS007,KTSS009,KTSS014,KTSS016,KTSS004,KTSS011,KTSS013,KTSS017,KTSS018"
KT2025020,Leung Ho Yin,1/26/2013,4 Yau Tong Bay,KTPS020,"85,88,90,89,80,82,87","88,90,93,92,85,85,90",APP2025020,"KTSS020,KTSS006,KTSS001,KTSS005,KTSS012,KTSS003,KTSS008,KTSS010,KTSS015,KTSS002,KTSS007,KTSS009,KTSS014,KTSS016,KTSS004,KTSS011,KTSS013,KTSS017,KTSS018,KTSS019"
KT2025021,Emily Jackson,08/09/2013,51 Kwun Tong Bypass,KTPS017,"14,35,76,65,31,67,44","94,67,48,59,46,84,41",APP2025021,"KTSS011,KTSS008,KTSS018,KTSS010,KTSS019,KTSS017,KTSS015,KTSS020,KTSS004,KTSS007,KTSS014,KTSS013,KTSS016,KTSS012,KTSS002,KTSS009,KTSS003,KTSS005,KTSS001,KTSS006"
KT2025022,Olivia Johnson,11/20/2013,21 Kwun Tong Bypass,KTPS007,"38,19,70,64,2,77,95","8,94,37,38,64,48,42",APP2025022,"KTSS009,KTSS005,KTSS008,KTSS011,KTSS004,KTSS006,KTSS003,KTSS012,KTSS007,KTSS020,KTSS019,KTSS018,KTSS017,KTSS015,KTSS001,KTSS010,KTSS014,KTSS002,KTSS016,KTSS013"
KT2025023,Michael Williams,03/12/2013,52 Yau Tong Bay,KTPS020,"15,37,91,50,69,13,42","88,92,26,8,63,69,54",APP2025023,"KTSS003,KTSS004,KTSS001,KTSS007,KTSS015,KTSS020,KTSS002,KTSS019,KTSS010,KTSS012,KTSS013,KTSS017,KTSS005,KTSS018,KTSS016,KTSS011,KTSS008,KTSS009,KTSS014,KTSS006"
KT2025024,Isabella Brown,01/15/2013,30 Kwun Tong Rd,KTPS019,"29,2,36,78,98,30,58","64,80,84,37,5,79,41",APP2025024,"KTSS011,KTSS003,KTSS006,KTSS002,KTSS015,KTSS010,KTSS014,KTSS019,KTSS009,KTSS020,KTSS008,KTSS012,KTSS013,KTSS017,KTSS001,KTSS005,KTSS004,KTSS007,KTSS016,KTSS018"
KT2025025,Benjamin Garcia,01/21/2013,17 Sau Mau Ping,KTPS019,"23,56,14,97,24,93,72","28,39,91,61,77,8,64",APP2025025,"KTSS020,KTSS018,KTSS011,KTSS015,KTSS016,KTSS001,KTSS004,KTSS009,KTSS008,KTSS010,KTSS005,KTSS013,KTSS012,KTSS019,KTSS017,KTSS006,KTSS007,KTSS002,KTSS014,KTSS003"
KT2025026,Emily Jones,08/27/2013,28 Kowloon Bay,KTPS018,"48,69,58,25,20,18,53","47,64,7,83,51,11,2",APP2025026,"KTSS011,KTSS016,KTSS020,KTSS001,KTSS009,KTSS015,KTSS008,KTSS019,KTSS004,KTSS014,KTSS013,KTSS002,KTSS012,KTSS007,KTSS018,KTSS003,KTSS005,KTSS010,KTSS017,KTSS006"
KT2025027,Emily Taylor,05/09/2013,25 Hoi Yuen Road,KTPS014,"86,28,51,72,6,14,99","5,77,71,19,27,84,4",APP2025027,"KTSS013,KTSS004,KTSS008,KTSS020,KTSS010,KTSS016,KTSS001,KTSS018,KTSS012,KTSS005,KTSS011,KTSS002,KTSS007,KTSS017,KTSS014,KTSS015,KTSS003,KTSS009,KTSS006,KTSS019"
KT2025028,Charlotte Wilson,02/09/2013,57 Kwun Tong Rd,KTPS006,"91,78,21,4,74,86,25","100,42,7,54,21,24,6",APP2025028,"KTSS018,KTSS012,KTSS009,KTSS002,KTSS004,KTSS011,KTSS016,KTSS019,KTSS015,KTSS008,KTSS010,KTSS017,KTSS005,KTSS003,KTSS014,KTSS007,KTSS013,KTSS001,KTSS020,KTSS006"
KT2025029,Mia Brown,11/20/2013,13 Lam Tin Road,KTPS015,"70,85,73,32,60,48,51","66,43,42,36,99,94,41",APP2025029,"KTSS004,KTSS014,KTSS008,KTSS010,KTSS012,KTSS017,KTSS019,KTSS009,KTSS011,KTSS005,KTSS015,KTSS001,KTSS018,KTSS003,KTSS002,KTSS020,KTSS007,KTSS006,KTSS016,KTSS013"
KT2025030,Ethan Jackson,08/29/2013,58 Hoi Yuen Road,KTPS007,"9,93,29,13,30,42,51","3,80,6,15,75,56,7",APP2025030,"KTSS004,KTSS020,KTSS014,KTSS008,KTSS001,KTSS017,KTSS011,KTSS016,KTSS013,KTSS010,KTSS007,KTSS019,KTSS015,KTSS006,KTSS018,KTSS003,KTSS005,KTSS009,KTSS012,KTSS002"
KT2025031,Ethan Johnson,10/26/2013,55 Sau Mau Ping,KTPS002,"62,8,14,48,77,70,18","22,57,73,56,29,39,47",APP2025031,"KTSS001,KTSS014,KTSS011,KTSS016,KTSS006,KTSS003,KTSS002,KTSS008,KTSS018,KTSS015,KTSS020,KTSS004,KTSS009,KTSS012,KTSS005,KTSS013,KTSS017,KTSS007,KTSS019,KTSS010"
KT2025032,Isabella Lopez,06/23/2013,67 Kowloon Bay,KTPS019,"92,59,43,14,88,41,39","27,27,67,71,76,41,35",APP2025032,"KTSS008,KTSS017,KTSS015,KTSS003,KTSS004,KTSS013,KTSS011,KTSS014,KTSS007,KTSS018,KTSS006,KTSS005,KTSS009,KTSS012,KTSS001,KTSS019,KTSS016,KTSS002,KTSS020,KTSS010"
KT2025033,John Wilson,12/15/2013,29 Tsui Ping Rd,KTPS010,"91,45,55,75,33,34,89","78,4,21,83,42,97,71",APP2025033,"KTSS013,KTSS016,KTSS020,KTSS004,KTSS010,KTSS009,KTSS005,KTSS003,KTSS014,KTSS018,KTSS007,KTSS012,KTSS006,KTSS001,KTSS008,KTSS002,KTSS015,KTSS019,KTSS011,KTSS017"
KT2025034,Matthew Wilson,03/30/2013,59 Lam Tin Road,KTPS003,"37,76,38,61,29,31,26","20,25,55,19,54,45,78",APP2025034,"KTSS017,KTSS002,KTSS008,KTSS001,KTSS007,KTSS013,KTSS003,KTSS005,KTSS019,KTSS014,KTSS011,KTSS018,KTSS015,KTSS016,KTSS006,KTSS010,KTSS009,KTSS012,KTSS020,KTSS004"
KT2025035,Daniel Thomas,06/24/2013,65 Yau Tong Bay,KTPS011,"40,46,0,81,52,59,32","83,64,96,19,65,90,70",APP2025035,"KTSS001,KTSS004,KTSS015,KTSS019,KTSS020,KTSS003,KTSS016,KTSS013,KTSS018,KTSS008,KTSS009,KTSS005,KTSS002,KTSS007,KTSS011,KTSS006,KTSS017,KTSS010,KTSS012,KTSS014"
KT2025036,Amelia Lopez,05/17/2013,77 Kwun Tong Bypass,KTPS011,"88,85,44,8,6,40,54","56,26,4,77,8,47,25",APP2025036,"KTSS009,KTSS014,KTSS006,KTSS012,KTSS001,KTSS010,KTSS020,KTSS017,KTSS011,KTSS005,KTSS002,KTSS007,KTSS016,KTSS003,KTSS015,KTSS013,KTSS018,KTSS008,KTSS004,KTSS019"
KT2025037,Alexander Wilson,08/10/2013,44 Ngau Tau Kok Rd,KTPS013,"3,62,29,97,39,9,15","45,93,54,97,22,68,86",APP2025037,"KTSS018,KTSS005,KTSS010,KTSS019,KTSS003,KTSS013,KTSS015,KTSS007,KTSS014,KTSS008,KTSS002,KTSS020,KTSS016,KTSS004,KTSS006,KTSS012,KTSS001,KTSS011,KTSS017,KTSS009"
KT2025038,Ethan Smith,09/16/2013,82 Kwun Tong Bypass,KTPS018,"73,20,69,42,50,38,95","6,42,99,58,40,100,40",APP2025038,"KTSS007,KTSS015,KTSS019,KTSS001,KTSS009,KTSS003,KTSS017,KTSS011,KTSS008,KTSS012,KTSS002,KTSS006,KTSS005,KTSS020,KTSS010,KTSS014,KTSS013,KTSS016,KTSS018,KTSS004"
KT2025039,Isabella Williams,02/19/2013,33 Yau Tong Bay,KTPS013,"51,97,96,82,79,11,100","51,8,5,51,10,8,77",APP2025039,"KTSS017,KTSS018,KTSS002,KTSS007,KTSS009,KTSS003,KTSS010,KTSS011,KTSS014,KTSS020,KTSS001,KTSS006,KTSS012,KTSS016,KTSS008,KTSS004,KTSS015,KTSS013,KTSS005,KTSS019"
KT2025040,Benjamin Rodriguez,03/06/2013,54 Sau Mau Ping,KTPS011,"82,59,94,53,35,29,47","98,31,31,83,66,72,39",APP2025040,"KTSS004,KTSS005,KTSS006,KTSS011,KTSS007,KTSS020,KTSS018,KTSS009,KTSS015,KTSS003,KTSS019,KTSS013,KTSS008,KTSS010,KTSS017,KTSS016,KTSS012,KTSS014,KTSS002,KTSS001"
KT2025041,Harper Davis,12/13/2013,46 Lei Yue Mun,KTPS013,"61,22,73,36,21,79,51","99,87,6,74,25,78,93",APP2025041,"KTSS002,KTSS016,KTSS020,KTSS012,KTSS001,KTSS013,KTSS005,KTSS006,KTSS011,KTSS003,KTSS014,KTSS004,KTSS010,KTSS008,KTSS017,KTSS009,KTSS007,KTSS018,KTSS015,KTSS019"
KT2025042,Harper Gonzalez,09/19/2013,9 Lei Yue Mun,KTPS020,"20,19,78,86,34,16,50","57,61,28,8,80,50,48",APP2025042,"KTSS020,KTSS016,KTSS018,KTSS007,KTSS011,KTSS001,KTSS017,KTSS019,KTSS004,KTSS015,KTSS014,KTSS008,KTSS009,KTSS003,KTSS006,KTSS012,KTSS005,KTSS013,KTSS010,KTSS002"
KT2025043,Emily Johnson,09/21/2013,12 Kwun Tong Rd,KTPS020,"32,17,6,46,70,73,62","28,85,25,61,74,79,83",APP2025043,"KTSS020,KTSS002,KTSS008,KTSS003,KTSS017,KTSS018,KTSS015,KTSS010,KTSS012,KTSS006,KTSS007,KTSS005,KTSS019,KTSS011,KTSS009,KTSS013,KTSS001,KTSS016,KTSS004,KTSS014"
KT2025044,Charlotte Anderson,12/04/2013,6 Ngau Tau Kok Rd,KTPS014,"81,75,40,19,14,22,34","56,87,32,21,86,39,34",APP2025044,"KTSS008,KTSS001,KTSS005,KTSS014,KTSS003,KTSS004,KTSS009,KTSS017,KTSS019,KTSS006,KTSS016,KTSS007,KTSS013,KTSS002,KTSS018,KTSS010,KTSS015,KTSS020,KTSS011,KTSS012"
KT2025045,Emily Lopez,12/05/2013,95 Ngau Tau Kok Rd,KTPS004,"92,19,44,18,51,83,23","96,35,76,89,12,62,1",APP2025045,"KTSS005,KTSS013,KTSS015,KTSS007,KTSS002,KTSS019,KTSS006,KTSS016,KTSS004,KTSS020,KTSS003,KTSS011,KTSS014,KTSS010,KTSS012,KTSS018,KTSS009,KTSS001,KTSS017,KTSS008"
KT2025046,John Williams,07/13/2013,84 Lam Tin Road,KTPS007,"4,18,17,93,80,14,34","80,62,1,45,79,80,40",APP2025046,"KTSS019,KTSS001,KTSS004,KTSS003,KTSS018,KTSS007,KTSS013,KTSS012,KTSS009,KTSS005,KTSS015,KTSS014,KTSS010,KTSS008,KTSS002,KTSS016,KTSS017,KTSS020,KTSS011,KTSS006"
KT2025047,David Gonzalez,08/20/2013,94 Yau Tong Bay,KTPS015,"85,98,97,47,73,92,43","22,38,17,70,88,100,63",APP2025047,"KTSS016,KTSS015,KTSS003,KTSS005,KTSS008,KTSS006,KTSS002,KTSS012,KTSS007,KTSS019,KTSS018,KTSS013,KTSS020,KTSS009,KTSS010,KTSS014,KTSS004,KTSS001,KTSS011,KTSS017"
KT2025048,Sophia Lopez,07/17/2013,22 Lam Tin Road,KTPS002,"52,90,37,98,87,28,42","53,42,41,46,77,85,12",APP2025048,"KTSS004,KTSS013,KTSS015,KTSS001,KTSS005,KTSS018,KTSS012,KTSS020,KTSS014,KTSS016,KTSS019,KTSS002,KTSS003,KTSS011,KTSS009,KTSS010,KTSS007,KTSS008,KTSS006,KTSS017"
KT2025049,Ethan Gonzalez,06/26/2013,63 Yau Tong Bay,KTPS007,"57,69,17,23,94,79,6","63,41,16,38,47,41,26",APP2025049,"KTSS003,KTSS005,KTSS011,KTSS002,KTSS017,KTSS015,KTSS014,KTSS004,KTSS013,KTSS008,KTSS009,KTSS001,KTSS006,KTSS016,KTSS018,KTSS007,KTSS020,KTSS010,KTSS012,KTSS019"
KT2025050,Amelia Gonzalez,06/15/2013,59 Kwun Tong Rd,KTPS014,"17,62,90,77,48,80,58","48,48,69,2,66,18,70",APP2025050,"KTSS004,KTSS001,KTSS007,KTSS019,KTSS015,KTSS002,KTSS010,KTSS011,KTSS018,KTSS009,KTSS016,KTSS003,KTSS017,KTSS014,KTSS008,KTSS012,KTSS013,KTSS006,KTSS005,KTSS020"
KT2025051,Amelia Hernandez,09/02/2013,24 Kwun Tong Rd,KTPS008,"64,46,34,69,92,41,49","49,4,22,73,28,25,0",APP2025051,"KTSS015,KTSS011,KTSS016,KTSS003,KTSS001,KTSS019,KTSS017,KTSS009,KTSS020,KTSS012,KTSS013,KTSS002,KTSS014,KTSS018,KTSS004,KTSS006,KTSS005,KTSS007,KTSS010,KTSS008"
KT2025052,Charlotte Jones,07/20/2013,14 Kwun Tong Rd,KTPS006,"11,43,89,22,57,73,45","72,45,39,13,0,28,89",APP2025052,"KTSS019,KTSS011,KTSS016,KTSS017,KTSS005,KTSS009,KTSS018,KTSS015,KTSS012,KTSS002,KTSS013,KTSS001,KTSS010,KTSS007,KTSS014,KTSS006,KTSS008,KTSS003,KTSS004,KTSS020"
KT2025053,Michael Williams,01/31/2013,85 Tsui Ping Rd,KTPS018,"42,75,9,97,18,25,71","38,91,38,1,34,81,50",APP2025053,"KTSS006,KTSS020,KTSS015,KTSS016,KTSS017,KTSS014,KTSS009,KTSS019,KTSS008,KTSS012,KTSS003,KTSS004,KTSS010,KTSS013,KTSS018,KTSS005,KTSS002,KTSS011,KTSS007,KTSS001"
KT2025054,John Gonzalez,11/29/2013,52 Kwun Tong Bypass,KTPS003,"65,47,89,92,74,67,17","89,1,100,16,54,88,22",APP2025054,"KTSS003,KTSS017,KTSS009,KTSS008,KTSS014,KTSS002,KTSS016,KTSS020,KTSS011,KTSS019,KTSS004,KTSS013,KTSS015,KTSS007,KTSS001,KTSS010,KTSS018,KTSS005,KTSS012,KTSS006"
KT2025055,James Smith,03/17/2013,43 Lam Tin Road,KTPS006,"44,63,22,16,21,88,37","21,35,47,42,19,5,7",APP2025055,"KTSS001,KTSS014,KTSS012,KTSS003,KTSS018,KTSS011,KTSS006,KTSS007,KTSS010,KTSS005,KTSS019,KTSS017,KTSS002,KTSS016,KTSS008,KTSS020,KTSS015,KTSS013,KTSS009,KTSS004"
KT2025056,Charlotte Taylor,05/31/2013,76 Yau Tong Bay,KTPS007,"93,72,26,65,1,47,68","61,59,63,73,86,49,40",APP2025056,"KTSS014,KTSS019,KTSS005,KTSS020,KTSS006,KTSS015,KTSS003,KTSS007,KTSS012,KTSS004,KTSS016,KTSS002,KTSS010,KTSS018,KTSS011,KTSS013,KTSS001,KTSS008,KTSS017,KTSS009"
KT2025057,Emily Wilson,07/08/2013,35 Lei Yue Mun,KTPS017,"81,50,40,53,54,38,22","18,19,32,3,22,79,99",APP2025057,"KTSS015,KTSS013,KTSS018,KTSS014,KTSS005,KTSS009,KTSS016,KTSS004,KTSS008,KTSS020,KTSS002,KTSS017,KTSS010,KTSS012,KTSS011,KTSS007,KTSS001,KTSS003,KTSS019,KTSS006"
KT2025058,Charlotte Garcia,02/04/2013,1 Lam Tin Road,KTPS001,"47,59,83,26,46,7,93","52,41,50,2,39,65,58",APP2025058,"KTSS009,KTSS014,KTSS004,KTSS006,KTSS008,KTSS001,KTSS015,KTSS007,KTSS005,KTSS010,KTSS017,KTSS002,KTSS003,KTSS016,KTSS013,KTSS020,KTSS011,KTSS018,KTSS012,KTSS019"
KT2025059,Daniel Johnson,05/11/2013,35 Ngau Tau Kok Rd,KTPS020,"96,81,34,94,21,45,34","81,30,60,17,73,99,51",APP2025059,"KTSS005,KTSS020,KTSS004,KTSS015,KTSS007,KTSS014,KTSS010,KTSS002,KTSS001,KTSS009,KTSS018,KTSS006,KTSS012,KTSS017,KTSS016,KTSS011,KTSS008,KTSS003,KTSS013,KTSS019"
KT2025060,Mary Gonzalez,12/16/2013,24 Sau Mau Ping,KTPS008,"17,66,10,49,26,22,12","45,87,15,92,32,68,31",APP2025060,"KTSS002,KTSS017,KTSS007,KTSS003,KTSS012,KTSS020,KTSS014,KTSS006,KTSS009,KTSS011,KTSS001,KTSS016,KTSS010,KTSS005,KTSS019,KTSS004,KTSS008,KTSS015,KTSS018,KTSS013"
KT2025061,Harper Moore,08/27/2013,64 Kowloon Bay,KTPS007,"22,51,10,24,33,16,24","68,70,66,27,3,62,37",APP2025061,"KTSS017,KTSS004,KTSS005,KTSS020,KTSS019,KTSS018,KTSS013,KTSS014,KTSS006,KTSS001,KTSS016,KTSS009,KTSS011,KTSS003,KTSS008,KTSS015,KTSS002,KTSS007,KTSS012,KTSS010"
KT2025062,Daniel Jones,10/21/2013,51 Sau Mau Ping,KTPS011,"20,78,16,83,82,89,84","91,70,50,14,31,26,9",APP2025062,"KTSS005,KTSS003,KTSS014,KTSS007,KTSS001,KTSS018,KTSS010,KTSS012,KTSS016,KTSS009,KTSS004,KTSS002,KTSS011,KTSS013,KTSS006,KTSS015,KTSS020,KTSS017,KTSS019,KTSS008"
KT2025063,Mary Rodriguez,03/10/2013,90 Kwun Tong Bypass,KTPS009,"22,79,58,75,85,95,17","27,12,67,34,78,69,38",APP2025063,"KTSS016,KTSS007,KTSS020,KTSS011,KTSS001,KTSS014,KTSS012,KTSS010,KTSS004,KTSS017,KTSS002,KTSS013,KTSS018,KTSS003,KTSS006,KTSS009,KTSS015,KTSS019,KTSS008,KTSS005"
KT2025064,Isabella Gonzalez,02/12/2013,85 Lam Tin Road,KTPS007,"19,14,34,22,95,50,32","97,21,15,11,6,75,24",APP2025064,"KTSS004,KTSS019,KTSS008,KTSS002,KTSS020,KTSS010,KTSS006,KTSS005,KTSS001,KTSS007,KTSS003,KTSS016,KTSS012,KTSS013,KTSS015,KTSS009,KTSS017,KTSS014,KTSS018,KTSS011"
KT2025065,Harper Martin,12/06/2013,14 Lam Tin Road,KTPS010,"92,89,17,66,81,4,28","52,15,31,17,0,14,71",APP2025065,"KTSS017,KTSS013,KTSS008,KTSS010,KTSS018,KTSS005,KTSS011,KTSS020,KTSS001,KTSS006,KTSS009,KTSS016,KTSS015,KTSS014,KTSS007,KTSS019,KTSS012,KTSS003,KTSS002,KTSS004"
KT2025066,Ethan Miller,10/02/2013,92 Lam Tin Road,KTPS019,"47,2,47,51,20,7,15","88,2,59,47,25,97,65",APP2025066,"KTSS003,KTSS014,KTSS019,KTSS012,KTSS015,KTSS008,KTSS011,KTSS001,KTSS009,KTSS018,KTSS013,KTSS005,KTSS016,KTSS006,KTSS002,KTSS017,KTSS007,KTSS004,KTSS010,KTSS020"
KT2025067,Matthew Gonzalez,09/16/2013,91 Hoi Yuen Road,KTPS013,"81,53,6,75,57,89,0","13,30,89,5,42,94,35",APP2025067,"KTSS008,KTSS004,KTSS009,KTSS015,KTSS014,KTSS019,KTSS010,KTSS020,KTSS012,KTSS017,KTSS002,KTSS007,KTSS003,KTSS018,KTSS006,KTSS001,KTSS016,KTSS005,KTSS011,KTSS013"
KT2025068,David Miller,08/22/2013,25 Tsui Ping Rd,KTPS007,"64,34,88,65,54,29,89","61,25,16,14,98,95,74",APP2025068,"KTSS002,KTSS018,KTSS019,KTSS004,KTSS014,KTSS011,KTSS003,KTSS001,KTSS017,KTSS009,KTSS012,KTSS013,KTSS015,KTSS005,KTSS006,KTSS010,KTSS008,KTSS007,KTSS020,KTSS016"
KT2025069,Ethan Brown,02/05/2013,24 Kowloon Bay,KTPS007,"63,71,62,76,84,94,80","88,3,25,98,21,73,32",APP2025069,"KTSS001,KTSS007,KTSS017,KTSS012,KTSS003,KTSS015,KTSS009,KTSS014,KTSS018,KTSS008,KTSS013,KTSS016,KTSS002,KTSS020,KTSS010,KTSS006,KTSS005,KTSS011,KTSS019,KTSS004"
KT2025070,Daniel Smith,02/24/2013,18 Kowloon Bay,KTPS011,"37,22,55,63,3,10,12","9,78,45,2,25,85,28",APP2025070,"KTSS001,KTSS006,KTSS011,KTSS018,KTSS016,KTSS002,KTSS013,KTSS009,KTSS019,KTSS015,KTSS014,KTSS007,KTSS017,KTSS010,KTSS004,KTSS020,KTSS005,KTSS008,KTSS003,KTSS012"
KT2025071,Daniel Thomas,08/10/2013,36 Tsui Ping Rd,KTPS018,"56,50,8,74,50,64,56","56,36,86,37,9,83,100",APP2025071,"KTSS004,KTSS015,KTSS002,KTSS019,KTSS006,KTSS012,KTSS011,KTSS007,KTSS010,KTSS005,KTSS017,KTSS016,KTSS014,KTSS020,KTSS009,KTSS018,KTSS008,KTSS001,KTSS013,KTSS003"
KT2025072,Olivia Moore,08/29/2013,99 Sau Mau Ping,KTPS009,"6,43,30,80,86,45,11","10,90,59,67,7,97,55",APP2025072,"KTSS008,KTSS006,KTSS012,KTSS010,KTSS013,KTSS011,KTSS014,KTSS007,KTSS002,KTSS001,KTSS020,KTSS003,KTSS005,KTSS018,KTSS016,KTSS017,KTSS019,KTSS009,KTSS015,KTSS004"
KT2025073,Alexander Martinez,12/15/2013,51 Tsui Ping Rd,KTPS002,"74,75,67,25,94,63,54","54,99,79,28,30,65,10",APP2025073,"KTSS004,KTSS017,KTSS006,KTSS011,KTSS012,KTSS010,KTSS007,KTSS018,KTSS008,KTSS001,KTSS016,KTSS014,KTSS020,KTSS002,KTSS013,KTSS019,KTSS015,KTSS009,KTSS005,KTSS003"
KT2025074,Daniel Garcia,12/04/2013,25 Sau Mau Ping,KTPS018,"33,25,43,36,15,85,71","60,36,17,19,16,2,3",APP2025074,"KTSS004,KTSS019,KTSS002,KTSS016,KTSS011,KTSS013,KTSS008,KTSS014,KTSS005,KTSS009,KTSS012,KTSS007,KTSS017,KTSS018,KTSS003,KTSS015,KTSS020,KTSS006,KTSS010,KTSS001"
KT2025075,Amelia Martin,09/07/2013,50 Ngau Tau Kok Rd,KTPS003,"76,84,39,93,96,58,47","40,44,8,51,22,57,5",APP2025075,"KTSS017,KTSS006,KTSS003,KTSS004,KTSS020,KTSS015,KTSS009,KTSS012,KTSS002,KTSS011,KTSS001,KTSS005,KTSS007,KTSS014,KTSS018,KTSS019,KTSS013,KTSS016,KTSS008,KTSS010"
KT2025076,Emily Anderson,10/06/2013,63 Kowloon Bay,KTPS015,"77,72,47,89,73,16,51","45,44,28,15,65,8,11",APP2025076,"KTSS011,KTSS020,KTSS012,KTSS014,KTSS005,KTSS010,KTSS016,KTSS003,KTSS004,KTSS009,KTSS001,KTSS019,KTSS006,KTSS008,KTSS007,KTSS002,KTSS013,KTSS015,KTSS018,KTSS017"
KT2025077,Olivia Williams,02/15/2013,39 Hoi Yuen Road,KTPS018,"23,38,7,82,3,1,34","98,67,22,71,36,32,54",APP2025077,"KTSS003,KTSS010,KTSS005,KTSS001,KTSS009,KTSS008,KTSS013,KTSS018,KTSS016,KTSS020,KTSS002,KTSS011,KTSS012,KTSS019,KTSS006,KTSS015,KTSS007,KTSS014,KTSS017,KTSS004"
KT2025078,Harper Garcia,12/18/2013,78 Yau Tong Bay,KTPS006,"44,47,58,53,20,61,43","90,20,37,97,22,93,36",APP2025078,"KTSS016,KTSS007,KTSS004,KTSS017,KTSS018,KTSS015,KTSS002,KTSS001,KTSS020,KTSS010,KTSS008,KTSS005,KTSS013,KTSS003,KTSS011,KTSS009,KTSS014,KTSS006,KTSS019,KTSS012"
KT2025079,Amelia Wilson,10/02/2013,85 Kowloon Bay,KTPS016,"77,60,94,14,98,6,93","51,29,48,79,3,68,1",APP2025079,"KTSS001,KTSS014,KTSS013,KTSS017,KTSS018,KTSS020,KTSS003,KTSS010,KTSS009,KTSS006,KTSS005,KTSS012,KTSS015,KTSS011,KTSS008,KTSS004,KTSS016,KTSS007,KTSS002,KTSS019"
KT2025080,Olivia Anderson,05/09/2013,69 Yau Tong Bay,KTPS020,"66,60,23,87,63,64,45","78,79,39,67,16,37,56",APP2025080,"KTSS011,KTSS015,KTSS018,KTSS002,KTSS013,KTSS007,KTSS012,KTSS005,KTSS010,KTSS004,KTSS014,KTSS001,KTSS009,KTSS017,KTSS003,KTSS008,KTSS020,KTSS019,KTSS016,KTSS006"
KT2025081,Charlotte Smith,02/07/2013,34 Lei Yue Mun,KTPS018,"26,31,49,25,23,9,82","86,36,92,98,25,88,67",APP2025081,"KTSS004,KTSS016,KTSS001,KTSS013,KTSS017,KTSS020,KTSS015,KTSS006,KTSS011,KTSS003,KTSS012,KTSS005,KTSS019,KTSS009,KTSS010,KTSS008,KTSS014,KTSS007,KTSS002,KTSS018"
KT2025082,Alexander Garcia,01/17/2013,8 Sau Mau Ping,KTPS007,"20,58,33,89,27,34,89","98,39,17,38,18,65,52",APP2025082,"KTSS012,KTSS004,KTSS011,KTSS016,KTSS001,KTSS005,KTSS008,KTSS006,KTSS010,KTSS017,KTSS009,KTSS007,KTSS014,KTSS019,KTSS002,KTSS003,KTSS020,KTSS018,KTSS013,KTSS015"
KT2025083,Charlotte Wilson,05/08/2013,79 Lam Tin Road,KTPS019,"28,57,11,91,63,57,25","1,96,35,68,53,12,87",APP2025083,"KTSS010,KTSS009,KTSS018,KTSS008,KTSS003,KTSS002,KTSS013,KTSS005,KTSS004,KTSS019,KTSS012,KTSS014,KTSS006,KTSS016,KTSS017,KTSS020,KTSS007,KTSS001,KTSS015,KTSS011"
KT2025084,Matthew Garcia,01/24/2013,24 Tsui Ping Rd,KTPS003,"54,37,94,25,10,40,54","87,15,53,58,23,17,0",APP2025084,"KTSS007,KTSS015,KTSS018,KTSS016,KTSS005,KTSS019,KTSS004,KTSS013,KTSS020,KTSS014,KTSS010,KTSS017,KTSS012,KTSS001,KTSS011,KTSS009,KTSS002,KTSS006,KTSS003,KTSS008"
KT2025085,Mary Brown,05/11/2013,83 Hoi Yuen Road,KTPS006,"62,72,0,59,37,87,58","43,89,36,1,76,44,93",APP2025085,"KTSS013,KTSS010,KTSS002,KTSS019,KTSS012,KTSS015,KTSS008,KTSS001,KTSS017,KTSS003,KTSS014,KTSS016,KTSS005,KTSS011,KTSS007,KTSS020,KTSS006,KTSS009,KTSS004,KTSS018"
KT2025086,Sarah Garcia,06/03/2013,42 Tsui Ping Rd,KTPS015,"86,23,24,52,67,32,31","92,34,39,16,49,46,85",APP2025086,"KTSS010,KTSS016,KTSS003,KTSS020,KTSS013,KTSS019,KTSS005,KTSS015,KTSS012,KTSS009,KTSS002,KTSS008,KTSS017,KTSS006,KTSS007,KTSS014,KTSS011,KTSS001,KTSS018,KTSS004"
KT2025087,Sophia Anderson,06/09/2013,62 Hoi Yuen Road,KTPS011,"73,20,52,9,56,35,45","85,1,81,63,94,27,26",APP2025087,"KTSS016,KTSS009,KTSS010,KTSS014,KTSS005,KTSS019,KTSS012,KTSS008,KTSS017,KTSS007,KTSS001,KTSS018,KTSS004,KTSS013,KTSS006,KTSS003,KTSS015,KTSS011,KTSS020,KTSS002"
KT2025088,James Hernandez,12/31/2013,79 Hoi Yuen Road,KTPS005,"53,56,44,59,82,54,3","7,67,45,81,26,26,87",APP2025088,"KTSS017,KTSS016,KTSS019,KTSS001,KTSS020,KTSS010,KTSS007,KTSS014,KTSS015,KTSS005,KTSS004,KTSS002,KTSS013,KTSS008,KTSS006,KTSS012,KTSS011,KTSS003,KTSS009,KTSS018"
KT2025089,Emily Martin,03/16/2013,80 Lam Tin Road,KTPS005,"89,12,90,39,69,85,5","17,11,89,89,59,29,7",APP2025089,"KTSS003,KTSS002,KTSS020,KTSS006,KTSS010,KTSS015,KTSS012,KTSS019,KTSS001,KTSS016,KTSS007,KTSS013,KTSS009,KTSS004,KTSS008,KTSS018,KTSS005,KTSS014,KTSS011,KTSS017"
KT2025090,Sophia Jackson,04/15/2013,32 Sau Mau Ping,KTPS007,"49,60,2,49,32,47,99","91,82,40,16,71,88,12",APP2025090,"KTSS006,KTSS005,KTSS008,KTSS017,KTSS018,KTSS019,KTSS015,KTSS004,KTSS014,KTSS016,KTSS002,KTSS013,KTSS011,KTSS003,KTSS012,KTSS001,KTSS009,KTSS007,KTSS010,KTSS020"
KT2025091,Sophia Gonzalez,12/31/2013,81 Lam Tin Road,KTPS008,"85,32,20,47,99,100,22","12,78,7,70,75,83,28",APP2025091,"KTSS017,KTSS005,KTSS013,KTSS011,KTSS006,KTSS010,KTSS020,KTSS003,KTSS002,KTSS007,KTSS016,KTSS012,KTSS014,KTSS019,KTSS009,KTSS008,KTSS004,KTSS015,KTSS018,KTSS001"
KT2025092,Charlotte Hernandez,02/15/2013,93 Tsui Ping Rd,KTPS009,"89,21,77,98,88,54,53","54,56,46,33,69,68,2",APP2025092,"KTSS018,KTSS008,KTSS009,KTSS012,KTSS006,KTSS020,KTSS015,KTSS005,KTSS013,KTSS017,KTSS003,KTSS016,KTSS014,KTSS010,KTSS001,KTSS011,KTSS019,KTSS004,KTSS007,KTSS002"
KT2025093,Ethan Thomas,03/02/2013,11 Lei Yue Mun,KTPS013,"43,86,92,61,42,59,97","2,42,46,0,5,17,83",APP2025093,"KTSS010,KTSS012,KTSS006,KTSS005,KTSS014,KTSS009,KTSS001,KTSS017,KTSS003,KTSS008,KTSS020,KTSS004,KTSS019,KTSS007,KTSS002,KTSS011,KTSS018,KTSS015,KTSS013,KTSS016"
KT2025094,Emily Lopez,06/17/2013,96 Hoi Yuen Road,KTPS005,"23,6,62,58,52,75,86","18,86,59,31,76,55,91",APP2025094,"KTSS013,KTSS002,KTSS008,KTSS001,KTSS014,KTSS004,KTSS003,KTSS018,KTSS007,KTSS011,KTSS015,KTSS016,KTSS012,KTSS019,KTSS017,KTSS020,KTSS006,KTSS009,KTSS005,KTSS010"
KT2025095,James Johnson,04/16/2013,82 Kowloon Bay,KTPS016,"35,8,93,66,94,26,90","96,80,78,85,90,85,38",APP2025095,"KTSS002,KTSS017,KTSS001,KTSS019,KTSS006,KTSS004,KTSS011,KTSS009,KTSS018,KTSS012,KTSS007,KTSS016,KTSS005,KTSS014,KTSS020,KTSS013,KTSS003,KTSS010,KTSS015,KTSS008"
KT2025096,John Hernandez,07/06/2013,79 Kowloon Bay,KTPS007,"8,45,6,95,48,43,84","59,52,10,65,91,6,8",APP2025096,"KTSS005,KTSS013,KTSS009,KTSS015,KTSS012,KTSS002,KTSS018,KTSS020,KTSS003,KTSS016,KTSS011,KTSS019,KTSS008,KTSS014,KTSS007,KTSS017,KTSS010,KTSS004,KTSS006,KTSS001"
KT2025097,Ethan Garcia,08/14/2013,54 Kwun Tong Bypass,KTPS018,"8,34,63,82,99,38,81","24,1,25,68,73,30,100",APP2025097,"KTSS016,KTSS013,KTSS004,KTSS017,KTSS020,KTSS014,KTSS006,KTSS005,KTSS008,KTSS003,KTSS001,KTSS002,KTSS015,KTSS018,KTSS011,KTSS009,KTSS007,KTSS019,KTSS010,KTSS012"
KT2025098,David Smith,06/13/2013,67 Tsui Ping Rd,KTPS008,"57,29,0,14,62,59,55","73,82,56,30,87,81,2",APP2025098,"KTSS009,KTSS017,KTSS014,KTSS013,KTSS018,KTSS008,KTSS019,KTSS004,KTSS007,KTSS001,KTSS016,KTSS002,KTSS003,KTSS020,KTSS011,KTSS005,KTSS010,KTSS015,KTSS012,KTSS006"
KT2025099,Mary Williams,04/11/2013,14 Kwun Tong Bypass,KTPS020,"52,39,93,75,42,10,90","11,90,92,71,30,1,22",APP2025099,"KTSS003,KTSS010,KTSS013,KTSS017,KTSS007,KTSS018,KTSS019,KTSS002,KTSS009,KTSS001,KTSS011,KTSS005,KTSS014,KTSS006,KTSS015,KTSS016,KTSS004,KTSS020,KTSS012,KTSS008"
KT2025100,James Martinez,07/05/2013,9 Hoi Yuen Road,KTPS019,"85,59,84,41,86,23,35","87,28,83,27,15,49,59",APP2025100,"KTSS014,KTSS019,KTSS004,KTSS012,KTSS008,KTSS006,KTSS009,KTSS015,KTSS003,KTSS013,KTSS002,KTSS018,KTSS007,KTSS001,KTSS020,KTSS017,KTSS010,KTSS011,KTSS005,KTSS016"
KT2025101,James Lopez,11/11/2013,37 Sau Mau Ping,KTPS014,"6,30,97,59,9,60,75","46,23,32,16,92,5,100",APP2025101,"KTSS005,KTSS018,KTSS016,KTSS002,KTSS020,KTSS004,KTSS011,KTSS009,KTSS006,KTSS015,KTSS019,KTSS003,KTSS007,KTSS010,KTSS001,KTSS017,KTSS013,KTSS012,KTSS008,KTSS014"
KT2025102,Sarah Anderson,10/27/2013,71 Lam Tin Road,KTPS003,"7,61,52,2,55,54,56","92,42,84,41,66,3,21",APP2025102,"KTSS002,KTSS004,KTSS014,KTSS012,KTSS019,KTSS001,KTSS016,KTSS013,KTSS017,KTSS010,KTSS005,KTSS018,KTSS008,KTSS020,KTSS007,KTSS006,KTSS003,KTSS011,KTSS009,KTSS015"
KT2025103,Matthew Smith,10/07/2013,99 Tsui Ping Rd,KTPS003,"45,48,93,87,89,79,29","72,34,42,23,8,39,15",APP2025103,"KTSS012,KTSS009,KTSS016,KTSS010,KTSS018,KTSS013,KTSS020,KTSS011,KTSS014,KTSS007,KTSS015,KTSS003,KTSS001,KTSS005,KTSS004,KTSS017,KTSS006,KTSS002,KTSS008,KTSS019"
KT2025104,John Hernandez,06/29/2013,8 Lei Yue Mun,KTPS011,"99,70,48,97,18,48,74","27,79,15,4,0,50,7",APP2025104,"KTSS014,KTSS015,KTSS007,KTSS020,KTSS002,KTSS012,KTSS008,KTSS003,KTSS013,KTSS010,KTSS017,KTSS005,KTSS009,KTSS018,KTSS011,KTSS019,KTSS016,KTSS001,KTSS006,KTSS004"
KT2025105,Benjamin Thomas,07/04/2013,87 Hoi Yuen Road,KTPS008,"77,85,36,58,36,82,16","52,42,63,91,20,72,86",APP2025105,"KTSS016,KTSS008,KTSS017,KTSS003,KTSS004,KTSS007,KTSS014,KTSS011,KTSS020,KTSS006,KTSS001,KTSS010,KTSS019,KTSS013,KTSS018,KTSS015,KTSS012,KTSS009,KTSS002,KTSS005"
KT2025106,Sarah Rodriguez,08/05/2013,3 Hoi Yuen Road,KTPS006,"75,34,32,29,94,79,50","10,14,92,54,21,87,82",APP2025106,"KTSS012,KTSS013,KTSS016,KTSS003,KTSS011,KTSS005,KTSS020,KTSS009,KTSS001,KTSS017,KTSS019,KTSS014,KTSS002,KTSS015,KTSS018,KTSS007,KTSS004,KTSS010,KTSS006,KTSS008"
KT2025107,Charlotte Gonzalez,05/29/2013,81 Kwun Tong Bypass,KTPS002,"69,46,4,73,43,58,51","58,25,28,39,93,50,11",APP2025107,"KTSS011,KTSS005,KTSS013,KTSS017,KTSS004,KTSS001,KTSS010,KTSS012,KTSS002,KTSS006,KTSS015,KTSS008,KTSS007,KTSS014,KTSS020,KTSS009,KTSS019,KTSS016,KTSS018,KTSS003"
KT2025108,John Williams,04/20/2013,73 Kwun Tong Bypass,KTPS012,"97,90,17,39,33,21,11","94,73,22,7,55,13,9",APP2025108,"KTSS008,KTSS019,KTSS013,KTSS016,KTSS006,KTSS001,KTSS010,KTSS003,KTSS004,KTSS005,KTSS011,KTSS014,KTSS015,KTSS002,KTSS020,KTSS009,KTSS007,KTSS012,KTSS017,KTSS018"
KT2025109,David Anderson,06/21/2013,32 Ngau Tau Kok Rd,KTPS012,"14,60,58,83,19,84,36","51,37,39,56,78,85,99",APP2025109,"KTSS013,KTSS002,KTSS012,KTSS016,KTSS003,KTSS015,KTSS005,KTSS009,KTSS018,KTSS020,KTSS001,KTSS008,KTSS014,KTSS010,KTSS006,KTSS004,KTSS017,KTSS011,KTSS019,KTSS007"
KT2025110,Mary Williams,05/19/2013,10 Kowloon Bay,KTPS013,"93,12,28,80,34,45,93","23,25,0,13,76,43,56",APP2025110,"KTSS013,KTSS011,KTSS010,KTSS003,KTSS016,KTSS004,KTSS007,KTSS014,KTSS006,KTSS005,KTSS015,KTSS017,KTSS002,KTSS009,KTSS019,KTSS008,KTSS012,KTSS020,KTSS018,KTSS001"
KT2025111,Benjamin Johnson,12/22/2013,69 Yau Tong Bay,KTPS010,"87,82,50,61,32,46,83","21,23,62,88,5,6,62",APP2025111,"KTSS011,KTSS019,KTSS008,KTSS003,KTSS013,KTSS016,KTSS002,KTSS015,KTSS005,KTSS007,KTSS009,KTSS001,KTSS006,KTSS010,KTSS004,KTSS014,KTSS020,KTSS018,KTSS017,KTSS012"
KT2025112,James Martin,04/30/2013,68 Kwun Tong Rd,KTPS019,"58,30,83,65,54,2,68","20,21,5,57,70,50,16",APP2025112,"KTSS009,KTSS004,KTSS013,KTSS018,KTSS016,KTSS003,KTSS001,KTSS012,KTSS010,KTSS007,KTSS006,KTSS017,KTSS005,KTSS015,KTSS019,KTSS002,KTSS011,KTSS014,KTSS020,KTSS008"
KT2025113,Sophia Jones,06/19/2013,81 Kowloon Bay,KTPS001,"25,81,83,73,16,57,21","22,71,71,63,84,94,76",APP2025113,"KTSS001,KTSS016,KTSS008,KTSS013,KTSS003,KTSS009,KTSS012,KTSS004,KTSS007,KTSS019,KTSS018,KTSS017,KTSS015,KTSS006,KTSS010,KTSS005,KTSS002,KTSS011,KTSS020,KTSS014"
KT2025114,James Rodriguez,02/03/2013,19 Sau Mau Ping,KTPS003,"14,6,84,48,2,20,43","50,42,68,89,53,98,30",APP2025114,"KTSS016,KTSS002,KTSS006,KTSS001,KTSS014,KTSS005,KTSS012,KTSS017,KTSS004,KTSS018,KTSS020,KTSS010,KTSS003,KTSS009,KTSS019,KTSS007,KTSS013,KTSS011,KTSS015,KTSS008"
KT2025115,Alexander Hernandez,03/18/2013,18 Kowloon Bay,KTPS004,"71,78,61,56,17,58,38","83,70,51,96,88,53,6",APP2025115,"KTSS004,KTSS015,KTSS016,KTSS008,KTSS011,KTSS009,KTSS019,KTSS017,KTSS018,KTSS005,KTSS012,KTSS014,KTSS013,KTSS007,KTSS010,KTSS001,KTSS002,KTSS006,KTSS020,KTSS003"
KT2025116,Benjamin Gonzalez,05/21/2013,22 Lei Yue Mun,KTPS018,"53,37,80,5,29,66,27","95,8,60,73,76,76,23",APP2025116,"KTSS013,KTSS012,KTSS020,KTSS003,KTSS008,KTSS011,KTSS014,KTSS005,KTSS019,KTSS010,KTSS002,KTSS018,KTSS006,KTSS015,KTSS016,KTSS007,KTSS004,KTSS009,KTSS017,KTSS001"
KT2025117,Mary Garcia,09/09/2013,5 Kwun Tong Rd,KTPS011,"19,69,32,40,91,49,17","44,61,25,45,78,41,21",APP2025117,"KTSS011,KTSS003,KTSS017,KTSS009,KTSS020,KTSS015,KTSS016,KTSS018,KTSS001,KTSS012,KTSS019,KTSS010,KTSS014,KTSS002,KTSS007,KTSS004,KTSS005,KTSS013,KTSS006,KTSS008"
KT2025118,Sophia Rodriguez,01/13/2013,26 Kowloon Bay,KTPS001,"67,61,19,59,30,88,84","38,90,61,70,67,0,50",APP2025118,"KTSS016,KTSS017,KTSS010,KTSS020,KTSS015,KTSS009,KTSS013,KTSS008,KTSS018,KTSS002,KTSS007,KTSS005,KTSS001,KTSS012,KTSS006,KTSS004,KTSS014,KTSS003,KTSS011,KTSS019"
KT2025119,Emily Martinez,09/03/2013,90 Hoi Yuen Road,KTPS001,"22,23,45,91,75,75,74","55,44,14,60,34,5,40",APP2025119,"KTSS003,KTSS017,KTSS004,KTSS011,KTSS018,KTSS019,KTSS013,KTSS005,KTSS020,KTSS014,KTSS001,KTSS002,KTSS012,KTSS015,KTSS007,KTSS009,KTSS006,KTSS008,KTSS016,KTSS010"
KT2025120,Michael Smith,06/13/2013,55 Kwun Tong Rd,KTPS016,"48,26,92,38,14,7,99","37,85,26,57,79,31,57",APP2025120,"KTSS009,KTSS004,KTSS010,KTSS003,KTSS005,KTSS015,KTSS007,KTSS014,KTSS012,KTSS002,KTSS020,KTSS006,KTSS011,KTSS008,KTSS013,KTSS001,KTSS017,KTSS018,KTSS019,KTSS016"
KT2025121,Emily Gonzalez,08/28/2013,33 Hoi Yuen Road,KTPS003,"37,33,69,10,14,49,85","21,59,68,0,39,91,45",APP2025121,"KTSS004,KTSS011,KTSS001,KTSS010,KTSS009,KTSS012,KTSS003,KTSS002,KTSS008,KTSS018,KTSS019,KTSS007,KTSS005,KTSS014,KTSS006,KTSS016,KTSS020,KTSS017,KTSS013,KTSS015"
KT2025122,Charlotte Brown,04/06/2013,90 Tsui Ping Rd,KTPS004,"92,80,15,94,4,13,18","47,68,70,56,88,51,17",APP2025122,"KTSS008,KTSS012,KTSS010,KTSS002,KTSS005,KTSS015,KTSS020,KTSS014,KTSS003,KTSS017,KTSS001,KTSS011,KTSS009,KTSS004,KTSS019,KTSS006,KTSS007,KTSS018,KTSS016,KTSS013"
KT2025123,Sophia Jackson,07/08/2013,56 Yau Tong Bay,KTPS011,"29,57,39,67,90,93,25","7,20,28,51,11,84,52",APP2025123,"KTSS020,KTSS002,KTSS001,KTSS016,KTSS008,KTSS011,KTSS015,KTSS005,KTSS003,KTSS009,KTSS019,KTSS004,KTSS014,KTSS013,KTSS007,KTSS006,KTSS017,KTSS010,KTSS018,KTSS012"
KT2025124,Sophia Gonzalez,07/26/2013,9 Lei Yue Mun,KTPS011,"44,37,55,23,52,100,58","53,28,50,31,76,34,17",APP2025124,"KTSS018,KTSS002,KTSS008,KTSS017,KTSS013,KTSS019,KTSS012,KTSS009,KTSS003,KTSS015,KTSS007,KTSS011,KTSS020,KTSS010,KTSS004,KTSS005,KTSS001,KTSS014,KTSS006,KTSS016"
KT2025125,Olivia Moore,09/19/2013,75 Lei Yue Mun,KTPS006,"51,0,52,57,65,54,31","53,99,54,83,83,48,72",APP2025125,"KTSS008,KTSS011,KTSS005,KTSS003,KTSS017,KTSS006,KTSS012,KTSS002,KTSS013,KTSS019,KTSS020,KTSS018,KTSS007,KTSS015,KTSS009,KTSS014,KTSS001,KTSS016,KTSS010,KTSS004"
KT2025126,Benjamin Wilson,03/11/2013,12 Lei Yue Mun,KTPS005,"68,98,9,95,6,15,76","27,87,47,77,18,54,35",APP2025126,"KTSS009,KTSS019,KTSS008,KTSS005,KTSS004,KTSS015,KTSS001,KTSS007,KTSS006,KTSS014,KTSS011,KTSS013,KTSS017,KTSS016,KTSS020,KTSS010,KTSS012,KTSS002,KTSS003,KTSS018"
KT2025127,Charlotte Taylor,05/30/2013,61 Kwun Tong Bypass,KTPS014,"41,14,68,24,79,41,11","74,84,31,31,2,55,96",APP2025127,"KTSS015,KTSS005,KTSS013,KTSS014,KTSS004,KTSS016,KTSS011,KTSS020,KTSS009,KTSS001,KTSS019,KTSS017,KTSS003,KTSS007,KTSS008,KTSS010,KTSS006,KTSS002,KTSS012,KTSS018"
KT2025128,Sarah Wilson,11/29/2013,17 Kwun Tong Rd,KTPS006,"20,42,58,82,12,14,84","37,60,80,74,34,59,24",APP2025128,"KTSS005,KTSS004,KTSS003,KTSS010,KTSS012,KTSS013,KTSS016,KTSS008,KTSS009,KTSS011,KTSS019,KTSS014,KTSS018,KTSS006,KTSS002,KTSS020,KTSS015,KTSS017,KTSS001,KTSS007"
KT2025129,Michael Anderson,04/29/2013,88 Hoi Yuen Road,KTPS014,"31,56,84,18,37,58,85","59,71,79,35,65,85,39",APP2025129,"KTSS007,KTSS008,KTSS017,KTSS016,KTSS003,KTSS009,KTSS001,KTSS004,KTSS020,KTSS006,KTSS002,KTSS015,KTSS014,KTSS012,KTSS010,KTSS013,KTSS005,KTSS011,KTSS019,KTSS018"
KT2025130,Isabella Garcia,10/13/2013,26 Lei Yue Mun,KTPS012,"26,27,84,65,39,25,19","66,43,89,64,97,61,63",APP2025130,"KTSS014,KTSS020,KTSS001,KTSS013,KTSS009,KTSS005,KTSS018,KTSS006,KTSS010,KTSS015,KTSS002,KTSS019,KTSS003,KTSS011,KTSS017,KTSS008,KTSS012,KTSS007,KTSS016,KTSS004"
KT2025131,Ethan Moore,07/14/2013,73 Hoi Yuen Road,KTPS003,"67,3,73,34,4,67,68","55,18,74,64,79,98,16",APP2025131,"KTSS001,KTSS006,KTSS002,KTSS014,KTSS015,KTSS019,KTSS016,KTSS012,KTSS010,KTSS013,KTSS011,KTSS007,KTSS008,KTSS020,KTSS003,KTSS004,KTSS009,KTSS005,KTSS018,KTSS017"
KT2025132,David Jones,09/26/2013,33 Lei Yue Mun,KTPS017,"40,2,58,91,23,23,73","29,32,17,77,21,13,23",APP2025132,"KTSS012,KTSS006,KTSS011,KTSS009,KTSS010,KTSS008,KTSS005,KTSS016,KTSS020,KTSS014,KTSS001,KTSS013,KTSS015,KTSS019,KTSS017,KTSS018,KTSS007,KTSS004,KTSS002,KTSS003"
KT2025133,James Garcia,06/11/2013,15 Kowloon Bay,KTPS003,"18,9,33,29,78,1,56","62,1,28,0,40,53,27",APP2025133,"KTSS009,KTSS020,KTSS012,KTSS016,KTSS008,KTSS010,KTSS004,KTSS006,KTSS014,KTSS001,KTSS002,KTSS011,KTSS018,KTSS005,KTSS007,KTSS003,KTSS019,KTSS015,KTSS017,KTSS013"
KT2025134,Isabella Williams,11/21/2013,22 Kwun Tong Rd,KTPS011,"63,32,98,99,36,73,96","86,26,23,47,78,92,52",APP2025134,"KTSS002,KTSS005,KTSS015,KTSS004,KTSS017,KTSS003,KTSS007,KTSS010,KTSS020,KTSS012,KTSS006,KTSS008,KTSS019,KTSS014,KTSS016,KTSS013,KTSS011,KTSS001,KTSS009,KTSS018"
KT2025135,William Taylor,10/31/2013,21 Ngau Tau Kok Rd,KTPS018,"87,76,37,5,21,94,38","21,68,9,47,85,81,76",APP2025135,"KTSS018,KTSS003,KTSS006,KTSS012,KTSS002,KTSS019,KTSS013,KTSS011,KTSS004,KTSS014,KTSS016,KTSS001,KTSS009,KTSS020,KTSS015,KTSS010,KTSS007,KTSS008,KTSS017,KTSS005"
KT2025136,John Jackson,01/19/2013,76 Lam Tin Road,KTPS017,"70,9,56,35,38,60,0","5,31,41,80,36,52,91",APP2025136,"KTSS016,KTSS002,KTSS014,KTSS010,KTSS007,KTSS004,KTSS013,KTSS003,KTSS019,KTSS009,KTSS006,KTSS011,KTSS020,KTSS012,KTSS018,KTSS015,KTSS001,KTSS017,KTSS008,KTSS005"
KT2025137,Daniel Jones,06/30/2013,40 Sau Mau Ping,KTPS012,"75,14,58,46,42,25,96","53,0,35,9,44,66,20",APP2025137,"KTSS012,KTSS016,KTSS010,KTSS017,KTSS007,KTSS006,KTSS014,KTSS018,KTSS019,KTSS020,KTSS004,KTSS009,KTSS011,KTSS013,KTSS015,KTSS008,KTSS005,KTSS002,KTSS003,KTSS001"
KT2025138,Daniel Miller,02/20/2013,16 Lam Tin Road,KTPS003,"0,43,53,76,5,8,68","14,19,48,96,67,69,18",APP2025138,"KTSS013,KTSS006,KTSS010,KTSS016,KTSS004,KTSS020,KTSS002,KTSS018,KTSS009,KTSS011,KTSS019,KTSS014,KTSS001,KTSS015,KTSS007,KTSS003,KTSS005,KTSS017,KTSS008,KTSS012"
KT2025139,Ethan Lopez,12/29/2013,25 Kowloon Bay,KTPS015,"71,6,99,76,57,47,33","33,74,79,15,14,10,98",APP2025139,"KTSS018,KTSS002,KTSS005,KTSS010,KTSS016,KTSS020,KTSS017,KTSS013,KTSS004,KTSS007,KTSS012,KTSS008,KTSS001,KTSS003,KTSS006,KTSS011,KTSS019,KTSS014,KTSS015,KTSS009"
KT2025140,Isabella Martinez,04/07/2013,56 Ngau Tau Kok Rd,KTPS015,"20,75,30,62,4,16,46","37,54,27,17,43,94,59",APP2025140,"KTSS020,KTSS004,KTSS015,KTSS008,KTSS010,KTSS006,KTSS018,KTSS003,KTSS005,KTSS016,KTSS001,KTSS019,KTSS009,KTSS012,KTSS014,KTSS002,KTSS011,KTSS007,KTSS013,KTSS017"
KT2025141,Isabella Anderson,01/03/2013,72 Kwun Tong Bypass,KTPS003,"88,15,47,98,99,87,13","6,12,51,69,81,93,1",APP2025141,"KTSS013,KTSS005,KTSS003,KTSS014,KTSS009,KTSS015,KTSS008,KTSS001,KTSS018,KTSS010,KTSS011,KTSS020,KTSS007,KTSS012,KTSS006,KTSS004,KTSS019,KTSS017,KTSS002,KTSS016"
KT2025142,Alexander Williams,03/11/2013,26 Kwun Tong Bypass,KTPS015,"62,4,70,15,36,60,74","52,62,72,48,61,74,84",APP2025142,"KTSS017,KTSS020,KTSS013,KTSS019,KTSS008,KTSS009,KTSS010,KTSS018,KTSS002,KTSS014,KTSS005,KTSS004,KTSS007,KTSS003,KTSS001,KTSS012,KTSS006,KTSS015,KTSS011,KTSS016"
KT2025143,David Garcia,04/22/2013,94 Hoi Yuen Road,KTPS013,"36,70,53,0,37,19,4","79,81,5,28,21,77,7",APP2025143,"KTSS012,KTSS006,KTSS008,KTSS003,KTSS014,KTSS015,KTSS016,KTSS004,KTSS010,KTSS018,KTSS011,KTSS019,KTSS013,KTSS001,KTSS005,KTSS002,KTSS020,KTSS009,KTSS017,KTSS007"
KT2025144,Amelia Garcia,06/20/2013,20 Hoi Yuen Road,KTPS010,"3,15,48,91,52,18,9","34,25,4,54,46,66,70",APP2025144,"KTSS019,KTSS007,KTSS010,KTSS001,KTSS015,KTSS014,KTSS016,KTSS020,KTSS009,KTSS018,KTSS003,KTSS004,KTSS005,KTSS011,KTSS002,KTSS013,KTSS012,KTSS008,KTSS006,KTSS017"
KT2025145,Sarah Taylor,04/22/2013,60 Tsui Ping Rd,KTPS009,"53,47,89,45,79,90,17","82,79,5,2,64,93,59",APP2025145,"KTSS012,KTSS011,KTSS019,KTSS006,KTSS013,KTSS008,KTSS020,KTSS017,KTSS004,KTSS010,KTSS014,KTSS009,KTSS003,KTSS015,KTSS002,KTSS016,KTSS001,KTSS007,KTSS005,KTSS018"
KT2025146,Harper Davis,08/09/2013,90 Lam Tin Road,KTPS019,"91,51,68,22,63,60,77","30,15,8,22,57,79,8",APP2025146,"KTSS019,KTSS012,KTSS001,KTSS014,KTSS005,KTSS015,KTSS013,KTSS008,KTSS016,KTSS004,KTSS007,KTSS017,KTSS003,KTSS020,KTSS006,KTSS010,KTSS009,KTSS002,KTSS011,KTSS018"
KT2025147,William Anderson,02/12/2013,84 Yau Tong Bay,KTPS019,"5,15,19,7,48,86,74","96,15,97,19,96,74,4",APP2025147,"KTSS004,KTSS002,KTSS005,KTSS001,KTSS009,KTSS013,KTSS017,KTSS003,KTSS018,KTSS008,KTSS014,KTSS016,KTSS019,KTSS006,KTSS011,KTSS012,KTSS020,KTSS010,KTSS015,KTSS007"
KT2025148,Ethan Brown,12/13/2013,16 Lam Tin Road,KTPS003,"46,95,86,7,96,27,57","64,73,77,77,20,31,83",APP2025148,"KTSS006,KTSS009,KTSS004,KTSS012,KTSS002,KTSS010,KTSS016,KTSS008,KTSS020,KTSS019,KTSS018,KTSS014,KTSS001,KTSS011,KTSS003,KTSS007,KTSS013,KTSS015,KTSS005,KTSS017"
KT2025149,Amelia Hernandez,04/21/2013,59 Sau Mau Ping,KTPS006,"49,67,51,19,35,73,23","94,49,89,92,86,29,37",APP2025149,"KTSS015,KTSS014,KTSS020,KTSS017,KTSS004,KTSS009,KTSS008,KTSS007,KTSS005,KTSS001,KTSS016,KTSS011,KTSS003,KTSS013,KTSS010,KTSS006,KTSS019,KTSS018,KTSS002,KTSS012"
KT2025150,Sophia Davis,02/02/2013,20 Kwun Tong Bypass,KTPS008,"7,98,79,29,39,5,86","36,60,5,91,57,85,61",APP2025150,"KTSS003,KTSS020,KTSS016,KTSS019,KTSS009,KTSS002,KTSS005,KTSS013,KTSS018,KTSS012,KTSS006,KTSS010,KTSS007,KTSS011,KTSS015,KTSS008,KTSS001,KTSS017,KTSS014,KTSS004"
KT2025151,James Brown,09/18/2013,40 Kwun Tong Bypass,KTPS017,"9,77,99,76,36,8,27","87,0,18,21,68,26,69",APP2025151,"KTSS008,KTSS020,KTSS006,KTSS016,KTSS014,KTSS002,KTSS017,KTSS004,KTSS010,KTSS003,KTSS012,KTSS015,KTSS001,KTSS019,KTSS005,KTSS013,KTSS007,KTSS009,KTSS011,KTSS018"
KT2025152,Sarah Taylor,01/16/2013,85 Lam Tin Road,KTPS005,"75,58,24,11,75,41,80","72,72,59,6,38,76,28",APP2025152,"KTSS005,KTSS004,KTSS015,KTSS006,KTSS010,KTSS003,KTSS011,KTSS009,KTSS008,KTSS018,KTSS014,KTSS002,KTSS012,KTSS016,KTSS013,KTSS020,KTSS001,KTSS019,KTSS017,KTSS007"
KT2025153,Michael Martin,04/10/2013,77 Kowloon Bay,KTPS004,"29,2,35,61,2,52,11","53,52,23,52,2,84,31",APP2025153,"KTSS013,KTSS007,KTSS012,KTSS014,KTSS015,KTSS003,KTSS001,KTSS006,KTSS017,KTSS011,KTSS018,KTSS002,KTSS008,KTSS010,KTSS005,KTSS009,KTSS016,KTSS019,KTSS004,KTSS020"
KT2025154,James Jackson,06/15/2013,46 Sau Mau Ping,KTPS003,"88,64,52,63,62,100,59","0,89,22,85,31,63,73",APP2025154,"KTSS001,KTSS013,KTSS003,KTSS009,KTSS007,KTSS006,KTSS015,KTSS008,KTSS005,KTSS010,KTSS002,KTSS004,KTSS019,KTSS016,KTSS017,KTSS020,KTSS014,KTSS012,KTSS011,KTSS018"
KT2025155,Charlotte Johnson,06/04/2013,52 Kowloon Bay,KTPS006,"51,13,74,35,3,20,63","28,36,0,38,32,20,65",APP2025155,"KTSS008,KTSS011,KTSS016,KTSS014,KTSS017,KTSS004,KTSS013,KTSS019,KTSS006,KTSS007,KTSS003,KTSS012,KTSS020,KTSS009,KTSS005,KTSS015,KTSS018,KTSS010,KTSS001,KTSS002"
KT2025156,Mia Garcia,09/16/2013,70 Lei Yue Mun,KTPS018,"75,91,79,83,14,79,30","82,20,27,18,84,42,41",APP2025156,"KTSS001,KTSS013,KTSS019,KTSS010,KTSS018,KTSS011,KTSS003,KTSS017,KTSS002,KTSS016,KTSS008,KTSS014,KTSS004,KTSS020,KTSS012,KTSS015,KTSS005,KTSS009,KTSS006,KTSS007"
KT2025157,Amelia Jones,02/21/2013,25 Kwun Tong Rd,KTPS006,"22,26,61,97,36,99,85","7,25,99,69,94,20,17",APP2025157,"KTSS013,KTSS010,KTSS005,KTSS008,KTSS009,KTSS019,KTSS014,KTSS016,KTSS002,KTSS018,KTSS001,KTSS011,KTSS012,KTSS006,KTSS017,KTSS015,KTSS007,KTSS004,KTSS020,KTSS003"
KT2025158,Olivia Wilson,05/03/2013,4 Ngau Tau Kok Rd,KTPS002,"77,14,75,22,97,14,66","39,61,90,34,39,49,7",APP2025158,"KTSS002,KTSS005,KTSS013,KTSS011,KTSS008,KTSS001,KTSS006,KTSS016,KTSS018,KTSS014,KTSS010,KTSS017,KTSS015,KTSS012,KTSS004,KTSS003,KTSS019,KTSS007,KTSS020,KTSS009"
KT2025159,William Williams,01/31/2013,19 Lei Yue Mun,KTPS019,"22,15,68,80,81,16,34","96,6,84,79,89,93,67",APP2025159,"KTSS006,KTSS007,KTSS004,KTSS016,KTSS019,KTSS011,KTSS017,KTSS003,KTSS002,KTSS012,KTSS010,KTSS020,KTSS015,KTSS014,KTSS009,KTSS008,KTSS005,KTSS013,KTSS001,KTSS018"
KT2025160,Sarah Johnson,10/02/2013,83 Kwun Tong Bypass,KTPS020,"19,13,4,88,5,8,40","35,78,84,48,50,46,1",APP2025160,"KTSS008,KTSS014,KTSS002,KTSS001,KTSS020,KTSS010,KTSS004,KTSS005,KTSS011,KTSS015,KTSS006,KTSS012,KTSS013,KTSS016,KTSS007,KTSS003,KTSS017,KTSS009,KTSS019,KTSS018"
KT2025161,Alexander Anderson,10/25/2013,88 Ngau Tau Kok Rd,KTPS018,"94,64,5,75,42,31,87","62,26,65,31,82,31,63",APP2025161,"KTSS003,KTSS014,KTSS011,KTSS002,KTSS013,KTSS005,KTSS018,KTSS015,KTSS001,KTSS009,KTSS020,KTSS012,KTSS016,KTSS007,KTSS004,KTSS008,KTSS010,KTSS017,KTSS006,KTSS019"
KT2025162,Harper Jackson,09/02/2013,83 Kowloon Bay,KTPS012,"14,62,94,12,99,82,77","81,13,8,98,81,10,64",APP2025162,"KTSS006,KTSS003,KTSS002,KTSS010,KTSS001,KTSS020,KTSS016,KTSS014,KTSS004,KTSS005,KTSS012,KTSS019,KTSS007,KTSS009,KTSS017,KTSS018,KTSS015,KTSS008,KTSS011,KTSS013"
KT2025163,Olivia Taylor,03/04/2013,11 Yau Tong Bay,KTPS009,"53,61,64,52,63,63,0","61,4,45,2,99,23,80",APP2025163,"KTSS008,KTSS017,KTSS012,KTSS019,KTSS007,KTSS020,KTSS003,KTSS009,KTSS001,KTSS018,KTSS005,KTSS014,KTSS016,KTSS004,KTSS011,KTSS015,KTSS013,KTSS002,KTSS010,KTSS006"
KT2025164,Mary Taylor,12/11/2013,43 Kowloon Bay,KTPS014,"90,77,46,24,59,60,20","92,60,26,48,2,36,28",APP2025164,"KTSS019,KTSS001,KTSS012,KTSS016,KTSS007,KTSS020,KTSS002,KTSS006,KTSS003,KTSS008,KTSS005,KTSS010,KTSS009,KTSS017,KTSS013,KTSS014,KTSS015,KTSS004,KTSS018,KTSS011"
KT2025165,Harper Johnson,02/26/2013,64 Kwun Tong Bypass,KTPS003,"95,43,92,67,86,22,51","9,79,91,30,61,9,99",APP2025165,"KTSS017,KTSS003,KTSS011,KTSS009,KTSS015,KTSS002,KTSS005,KTSS006,KTSS004,KTSS008,KTSS007,KTSS016,KTSS018,KTSS010,KTSS013,KTSS012,KTSS014,KTSS020,KTSS001,KTSS019"
KT2025166,Sophia Jackson,06/05/2013,59 Hoi Yuen Road,KTPS016,"89,83,96,8,98,70,58","11,89,48,75,84,76,99",APP2025166,"KTSS002,KTSS013,KTSS012,KTSS006,KTSS010,KTSS005,KTSS017,KTSS007,KTSS003,KTSS008,KTSS001,KTSS009,KTSS004,KTSS014,KTSS018,KTSS016,KTSS020,KTSS015,KTSS011,KTSS019"
KT2025167,Isabella Davis,11/02/2013,87 Yau Tong Bay,KTPS005,"41,86,6,14,50,14,3","100,38,40,84,0,38,83",APP2025167,"KTSS001,KTSS013,KTSS016,KTSS019,KTSS008,KTSS012,KTSS020,KTSS017,KTSS004,KTSS005,KTSS018,KTSS010,KTSS006,KTSS009,KTSS007,KTSS002,KTSS003,KTSS015,KTSS014,KTSS011"
KT2025168,James Johnson,12/25/2013,58 Lam Tin Road,KTPS016,"33,80,12,15,26,46,79","4,18,43,42,5,49,0",APP2025168,"KTSS005,KTSS006,KTSS014,KTSS003,KTSS020,KTSS001,KTSS004,KTSS015,KTSS007,KTSS009,KTSS012,KTSS017,KTSS010,KTSS018,KTSS019,KTSS011,KTSS008,KTSS013,KTSS016,KTSS002"
KT2025169,David Wilson,04/03/2013,22 Yau Tong Bay,KTPS014,"14,27,54,90,79,37,36","34,97,54,12,31,18,49",APP2025169,"KTSS003,KTSS020,KTSS012,KTSS015,KTSS006,KTSS005,KTSS002,KTSS016,KTSS018,KTSS011,KTSS004,KTSS014,KTSS019,KTSS008,KTSS013,KTSS010,KTSS007,KTSS017,KTSS009,KTSS001"
KT2025170,Olivia Taylor,05/14/2013,28 Sau Mau Ping,KTPS005,"48,58,92,97,19,14,88","57,10,14,94,34,81,51",APP2025170,"KTSS017,KTSS002,KTSS013,KTSS003,KTSS001,KTSS010,KTSS006,KTSS011,KTSS007,KTSS020,KTSS008,KTSS018,KTSS009,KTSS012,KTSS014,KTSS004,KTSS005,KTSS015,KTSS016,KTSS019"
KT2025171,James Anderson,01/06/2013,81 Sau Mau Ping,KTPS007,"41,87,11,71,81,80,29","13,91,96,5,25,27,14",APP2025171,"KTSS019,KTSS010,KTSS004,KTSS012,KTSS013,KTSS014,KTSS016,KTSS001,KTSS008,KTSS015,KTSS011,KTSS018,KTSS007,KTSS006,KTSS020,KTSS002,KTSS009,KTSS003,KTSS005,KTSS017"
KT2025172,John Thomas,03/30/2013,40 Kwun Tong Bypass,KTPS019,"89,35,78,38,42,91,82","62,72,88,58,16,22,64",APP2025172,"KTSS002,KTSS018,KTSS005,KTSS001,KTSS008,KTSS019,KTSS012,KTSS014,KTSS004,KTSS003,KTSS016,KTSS015,KTSS009,KTSS013,KTSS011,KTSS007,KTSS017,KTSS020,KTSS010,KTSS006"
KT2025173,Sophia Davis,01/12/2013,72 Kowloon Bay,KTPS016,"68,66,10,11,31,15,75","83,39,52,80,6,87,45",APP2025173,"KTSS009,KTSS008,KTSS018,KTSS016,KTSS014,KTSS006,KTSS019,KTSS007,KTSS012,KTSS003,KTSS020,KTSS015,KTSS004,KTSS002,KTSS017,KTSS013,KTSS011,KTSS010,KTSS005,KTSS001"
KT2025174,Olivia Davis,01/19/2013,41 Yau Tong Bay,KTPS004,"50,14,59,6,63,74,97","14,73,60,18,72,46,33",APP2025174,"KTSS003,KTSS014,KTSS009,KTSS001,KTSS018,KTSS017,KTSS013,KTSS006,KTSS019,KTSS005,KTSS011,KTSS020,KTSS004,KTSS007,KTSS012,KTSS010,KTSS016,KTSS008,KTSS015,KTSS002"
KT2025175,Benjamin Miller,10/30/2013,51 Kwun Tong Rd,KTPS020,"59,37,55,40,12,6,12","2,22,80,52,40,21,11",APP2025175,"KTSS010,KTSS002,KTSS020,KTSS012,KTSS005,KTSS013,KTSS003,KTSS015,KTSS011,KTSS009,KTSS018,KTSS019,KTSS004,KTSS001,KTSS016,KTSS008,KTSS014,KTSS017,KTSS006,KTSS007"
KT2025176,Charlotte Martin,08/24/2013,22 Yau Tong Bay,KTPS004,"59,34,78,61,30,45,92","46,6,80,35,89,59,52",APP2025176,"KTSS016,KTSS009,KTSS011,KTSS003,KTSS005,KTSS017,KTSS015,KTSS019,KTSS002,KTSS020,KTSS008,KTSS018,KTSS001,KTSS012,KTSS007,KTSS010,KTSS004,KTSS013,KTSS006,KTSS014"
KT2025177,Sophia Taylor,06/09/2013,89 Tsui Ping Rd,KTPS006,"43,16,0,38,100,70,6","78,43,84,42,52,95,77",APP2025177,"KTSS019,KTSS015,KTSS006,KTSS003,KTSS004,KTSS008,KTSS014,KTSS016,KTSS007,KTSS012,KTSS010,KTSS009,KTSS005,KTSS002,KTSS011,KTSS001,KTSS020,KTSS013,KTSS018,KTSS017"
KT2025178,Benjamin Johnson,08/08/2013,92 Kwun Tong Rd,KTPS007,"87,24,25,32,14,79,95","47,32,94,26,81,55,54",APP2025178,"KTSS012,KTSS011,KTSS019,KTSS010,KTSS018,KTSS013,KTSS007,KTSS009,KTSS003,KTSS014,KTSS008,KTSS015,KTSS020,KTSS005,KTSS016,KTSS001,KTSS006,KTSS004,KTSS002,KTSS017"
KT2025179,James Johnson,08/24/2013,80 Lam Tin Road,KTPS009,"64,53,0,82,35,93,55","30,88,29,53,48,76,30",APP2025179,"KTSS018,KTSS011,KTSS016,KTSS015,KTSS017,KTSS009,KTSS010,KTSS008,KTSS002,KTSS006,KTSS012,KTSS020,KTSS013,KTSS007,KTSS019,KTSS001,KTSS014,KTSS005,KTSS004,KTSS003"
KT2025180,Ethan Martinez,06/02/2013,50 Tsui Ping Rd,KTPS001,"13,7,16,61,78,46,81","74,6,37,94,19,4,60",APP2025180,"KTSS005,KTSS020,KTSS012,KTSS019,KTSS013,KTSS017,KTSS016,KTSS018,KTSS014,KTSS015,KTSS002,KTSS008,KTSS001,KTSS004,KTSS009,KTSS007,KTSS011,KTSS003,KTSS010,KTSS006"
KT2025181,Harper Martinez,07/11/2013,76 Yau Tong Bay,KTPS016,"49,56,33,4,56,8,13","98,83,58,99,64,65,39",APP2025181,"KTSS013,KTSS004,KTSS016,KTSS014,KTSS019,KTSS005,KTSS003,KTSS011,KTSS010,KTSS001,KTSS017,KTSS008,KTSS012,KTSS015,KTSS020,KTSS007,KTSS002,KTSS006,KTSS009,KTSS018"
KT2025182,Harper Rodriguez,07/15/2013,54 Yau Tong Bay,KTPS018,"66,29,63,28,90,24,28","49,34,21,29,76,52,77",APP2025182,"KTSS017,KTSS008,KTSS007,KTSS012,KTSS009,KTSS015,KTSS020,KTSS018,KTSS014,KTSS003,KTSS010,KTSS011,KTSS013,KTSS006,KTSS019,KTSS004,KTSS001,KTSS005,KTSS002,KTSS016"
KT2025183,Alexander Moore,05/03/2013,49 Hoi Yuen Road,KTPS012,"89,81,15,14,54,22,83","94,79,60,84,57,68,46",APP2025183,"KTSS017,KTSS011,KTSS009,KTSS002,KTSS010,KTSS005,KTSS016,KTSS007,KTSS019,KTSS014,KTSS015,KTSS018,KTSS013,KTSS004,KTSS001,KTSS003,KTSS008,KTSS020,KTSS012,KTSS006"
KT2025184,Sophia Anderson,05/21/2013,1 Kowloon Bay,KTPS011,"49,89,89,78,10,87,58","28,19,78,98,62,85,64",APP2025184,"KTSS009,KTSS005,KTSS001,KTSS020,KTSS012,KTSS007,KTSS016,KTSS015,KTSS013,KTSS010,KTSS003,KTSS006,KTSS004,KTSS018,KTSS017,KTSS002,KTSS019,KTSS008,KTSS011,KTSS014"
KT2025185,William Gonzalez,05/30/2013,40 Ngau Tau Kok Rd,KTPS007,"17,92,78,5,58,0,76","40,29,48,18,67,38,24",APP2025185,"KTSS017,KTSS012,KTSS006,KTSS008,KTSS001,KTSS007,KTSS010,KTSS003,KTSS011,KTSS019,KTSS013,KTSS004,KTSS014,KTSS016,KTSS018,KTSS015,KTSS009,KTSS020,KTSS002,KTSS005"
KT2025186,David Moore,02/17/2013,71 Kwun Tong Bypass,KTPS010,"22,6,87,11,16,77,74","30,2,68,87,47,78,81",APP2025186,"KTSS006,KTSS004,KTSS002,KTSS014,KTSS009,KTSS008,KTSS018,KTSS003,KTSS010,KTSS017,KTSS016,KTSS020,KTSS019,KTSS001,KTSS013,KTSS007,KTSS005,KTSS015,KTSS011,KTSS012"
KT2025187,Isabella Davis,08/23/2013,44 Kwun Tong Rd,KTPS013,"7,53,7,30,71,52,67","71,57,90,70,23,7,54",APP2025187,"KTSS018,KTSS010,KTSS005,KTSS009,KTSS001,KTSS003,KTSS002,KTSS007,KTSS013,KTSS016,KTSS017,KTSS019,KTSS008,KTSS015,KTSS020,KTSS006,KTSS012,KTSS004,KTSS014,KTSS011"
KT2025188,David Hernandez,05/04/2013,89 Hoi Yuen Road,KTPS016,"83,24,8,92,48,70,49","62,97,5,67,88,45,40",APP2025188,"KTSS003,KTSS018,KTSS010,KTSS011,KTSS006,KTSS002,KTSS008,KTSS019,KTSS017,KTSS004,KTSS014,KTSS001,KTSS015,KTSS005,KTSS016,KTSS012,KTSS007,KTSS013,KTSS020,KTSS009"
KT2025189,Charlotte Wilson,04/05/2013,77 Lei Yue Mun,KTPS019,"68,55,41,18,40,40,50","98,6,88,86,68,24,35",APP2025189,"KTSS005,KTSS010,KTSS002,KTSS020,KTSS008,KTSS014,KTSS016,KTSS007,KTSS009,KTSS017,KTSS006,KTSS015,KTSS012,KTSS001,KTSS013,KTSS011,KTSS003,KTSS004,KTSS018,KTSS019"
KT2025190,John Wilson,01/09/2013,41 Kwun Tong Bypass,KTPS001,"86,57,76,76,38,85,42","75,49,5,75,52,53,30",APP2025190,"KTSS010,KTSS011,KTSS012,KTSS014,KTSS007,KTSS019,KTSS002,KTSS013,KTSS009,KTSS020,KTSS016,KTSS017,KTSS005,KTSS018,KTSS003,KTSS008,KTSS015,KTSS004,KTSS006,KTSS001"
KT2025191,John Taylor,05/14/2013,89 Kwun Tong Bypass,KTPS002,"47,56,70,63,29,100,83","30,25,68,70,77,66,27",APP2025191,"KTSS019,KTSS017,KTSS002,KTSS005,KTSS003,KTSS006,KTSS014,KTSS009,KTSS018,KTSS004,KTSS001,KTSS016,KTSS008,KTSS010,KTSS015,KTSS020,KTSS007,KTSS012,KTSS011,KTSS013"
KT2025192,Michael Davis,12/05/2013,53 Hoi Yuen Road,KTPS020,"51,99,31,84,42,96,79","49,94,14,77,9,76,77",APP2025192,"KTSS018,KTSS020,KTSS019,KTSS003,KTSS007,KTSS017,KTSS009,KTSS002,KTSS015,KTSS013,KTSS016,KTSS014,KTSS012,KTSS010,KTSS004,KTSS011,KTSS005,KTSS008,KTSS001,KTSS006"
KT2025193,Sophia Martin,10/13/2013,29 Yau Tong Bay,KTPS007,"19,77,12,53,31,97,91","63,79,71,18,27,12,18",APP2025193,"KTSS020,KTSS012,KTSS017,KTSS007,KTSS018,KTSS010,KTSS002,KTSS003,KTSS008,KTSS009,KTSS015,KTSS016,KTSS004,KTSS014,KTSS005,KTSS019,KTSS011,KTSS013,KTSS001,KTSS006"
KT2025194,James Jackson,05/23/2013,43 Kwun Tong Bypass,KTPS005,"43,98,89,88,45,17,10","62,41,35,17,84,2,95",APP2025194,"KTSS010,KTSS008,KTSS002,KTSS007,KTSS014,KTSS001,KTSS020,KTSS012,KTSS017,KTSS009,KTSS006,KTSS013,KTSS019,KTSS005,KTSS011,KTSS004,KTSS016,KTSS003,KTSS018,KTSS015"
KT2025195,Isabella Martinez,07/10/2013,46 Ngau Tau Kok Rd,KTPS019,"87,24,88,97,21,14,27","99,4,29,59,70,97,28",APP2025195,"KTSS006,KTSS011,KTSS014,KTSS013,KTSS003,KTSS015,KTSS007,KTSS012,KTSS018,KTSS005,KTSS017,KTSS019,KTSS002,KTSS016,KTSS001,KTSS009,KTSS020,KTSS008,KTSS004,KTSS010"
KT2025196,Michael Miller,07/10/2013,50 Lei Yue Mun,KTPS013,"12,22,50,39,84,25,9","33,77,44,31,0,25,79",APP2025196,"KTSS016,KTSS018,KTSS013,KTSS006,KTSS014,KTSS012,KTSS001,KTSS020,KTSS019,KTSS005,KTSS002,KTSS007,KTSS004,KTSS015,KTSS017,KTSS003,KTSS010,KTSS009,KTSS011,KTSS008"
KT2025197,Michael Moore,08/30/2013,18 Lam Tin Road,KTPS016,"43,46,66,44,9,24,27","36,9,95,29,41,47,99",APP2025197,"KTSS013,KTSS008,KTSS018,KTSS020,KTSS010,KTSS015,KTSS019,KTSS016,KTSS002,KTSS005,KTSS012,KTSS001,KTSS014,KTSS003,KTSS011,KTSS006,KTSS004,KTSS009,KTSS017,KTSS007"
KT2025198,Mary Moore,01/30/2013,22 Lam Tin Road,KTPS004,"4,18,83,96,64,85,7","8,87,13,75,28,7,56",APP2025198,"KTSS009,KTSS019,KTSS012,KTSS013,KTSS007,KTSS010,KTSS015,KTSS002,KTSS004,KTSS005,KTSS003,KTSS014,KTSS016,KTSS008,KTSS011,KTSS006,KTSS017,KTSS001,KTSS020,KTSS018"
KT2025199,Sophia Jones,10/13/2013,13 Kowloon Bay,KTPS018,"46,79,18,16,70,61,8","72,7,14,34,46,89,23",APP2025199,"KTSS003,KTSS008,KTSS002,KTSS006,KTSS018,KTSS019,KTSS012,KTSS010,KTSS016,KTSS011,KTSS013,KTSS015,KTSS004,KTSS009,KTSS014,KTSS017,KTSS001,KTSS005,KTSS007,KTSS020"
KT2025200,Amelia Lopez,05/28/2013,6 Yau Tong Bay,KTPS012,"44,61,22,92,15,35,21","85,1,17,75,29,18,2",APP2025200,"KTSS003,KTSS008,KTSS017,KTSS015,KTSS019,KTSS020,KTSS002,KTSS014,KTSS001,KTSS012,KTSS004,KTSS010,KTSS005,KTSS013,KTSS009,KTSS006,KTSS016,KTSS018,KTSS007,KTSS011"
KT2025201,Mia Williams,04/16/2013,4 Kowloon Bay,KTPS003,"44,83,100,100,24,33,53","81,13,92,62,22,87,78",APP2025201,"KTSS017,KTSS019,KTSS008,KTSS005,KTSS009,KTSS015,KTSS001,KTSS006,KTSS013,KTSS016,KTSS010,KTSS012,KTSS011,KTSS002,KTSS004,KTSS003,KTSS014,KTSS020,KTSS018,KTSS007"
KT2025202,Benjamin Rodriguez,08/18/2013,20 Tsui Ping Rd,KTPS006,"20,56,70,29,80,11,14","38,21,17,68,70,18,26",APP2025202,"KTSS019,KTSS010,KTSS004,KTSS003,KTSS015,KTSS001,KTSS017,KTSS002,KTSS006,KTSS007,KTSS011,KTSS009,KTSS014,KTSS018,KTSS005,KTSS020,KTSS013,KTSS016,KTSS012,KTSS008"
KT2025203,Michael Hernandez,04/18/2013,16 Kwun Tong Rd,KTPS019,"87,21,47,46,84,45,14","68,13,29,21,31,25,69",APP2025203,"KTSS020,KTSS005,KTSS014,KTSS018,KTSS002,KTSS004,KTSS001,KTSS016,KTSS011,KTSS006,KTSS015,KTSS010,KTSS019,KTSS008,KTSS003,KTSS013,KTSS009,KTSS012,KTSS017,KTSS007"
KT2025204,Daniel Garcia,08/07/2013,56 Sau Mau Ping,KTPS005,"71,38,6,19,2,36,7","27,96,99,34,100,65,39",APP2025204,"KTSS020,KTSS016,KTSS003,KTSS014,KTSS006,KTSS015,KTSS012,KTSS009,KTSS019,KTSS002,KTSS010,KTSS008,KTSS005,KTSS011,KTSS013,KTSS001,KTSS007,KTSS018,KTSS004,KTSS017"
KT2025205,Charlotte Jackson,06/18/2013,46 Hoi Yuen Road,KTPS013,"57,56,94,99,50,44,88","40,82,70,50,85,78,82",APP2025205,"KTSS007,KTSS008,KTSS016,KTSS019,KTSS013,KTSS004,KTSS020,KTSS015,KTSS011,KTSS012,KTSS017,KTSS003,KTSS002,KTSS010,KTSS009,KTSS014,KTSS006,KTSS005,KTSS018,KTSS001"
KT2025206,Ethan Johnson,10/03/2013,85 Lam Tin Road,KTPS010,"28,72,95,56,31,12,67","44,41,49,10,93,70,82",APP2025206,"KTSS011,KTSS008,KTSS007,KTSS001,KTSS003,KTSS012,KTSS015,KTSS017,KTSS019,KTSS010,KTSS009,KTSS004,KTSS013,KTSS020,KTSS005,KTSS014,KTSS016,KTSS006,KTSS018,KTSS002"
KT2025207,Olivia Martin,08/12/2013,65 Lam Tin Road,KTPS002,"29,89,52,48,50,90,48","37,16,52,71,27,38,19",APP2025207,"KTSS015,KTSS020,KTSS003,KTSS008,KTSS010,KTSS013,KTSS007,KTSS001,KTSS017,KTSS002,KTSS012,KTSS019,KTSS014,KTSS005,KTSS011,KTSS018,KTSS009,KTSS006,KTSS004,KTSS016"
KT2025208,Ethan Taylor,07/07/2013,13 Tsui Ping Rd,KTPS010,"44,93,28,62,68,85,92","68,16,28,25,72,76,61",APP2025208,"KTSS007,KTSS002,KTSS019,KTSS014,KTSS017,KTSS018,KTSS020,KTSS010,KTSS015,KTSS013,KTSS005,KTSS004,KTSS001,KTSS011,KTSS003,KTSS016,KTSS012,KTSS008,KTSS009,KTSS006"
KT2025209,William Taylor,06/13/2013,52 Hoi Yuen Road,KTPS012,"56,48,72,25,18,5,89","32,27,16,92,51,9,3",APP2025209,"KTSS001,KTSS015,KTSS006,KTSS013,KTSS010,KTSS017,KTSS003,KTSS014,KTSS008,KTSS005,KTSS007,KTSS020,KTSS019,KTSS009,KTSS011,KTSS018,KTSS012,KTSS004,KTSS016,KTSS002"
KT2025210,Daniel Lopez,01/20/2013,68 Kowloon Bay,KTPS004,"27,46,63,93,49,88,83","20,47,65,39,42,27,36",APP2025210,"KTSS019,KTSS011,KTSS020,KTSS004,KTSS015,KTSS010,KTSS016,KTSS008,KTSS001,KTSS014,KTSS013,KTSS012,KTSS007,KTSS018,KTSS005,KTSS017,KTSS006,KTSS002,KTSS009,KTSS003"
KT2025211,Michael Smith,10/28/2013,62 Yau Tong Bay,KTPS002,"38,87,54,62,96,0,45","29,8,76,91,31,48,92",APP2025211,"KTSS019,KTSS013,KTSS003,KTSS009,KTSS002,KTSS016,KTSS015,KTSS010,KTSS001,KTSS020,KTSS011,KTSS007,KTSS012,KTSS018,KTSS006,KTSS004,KTSS014,KTSS005,KTSS008,KTSS017"
KT2025212,Michael Gonzalez,05/05/2013,86 Lam Tin Road,KTPS011,"12,6,59,29,58,3,48","67,34,24,25,97,17,94",APP2025212,"KTSS020,KTSS015,KTSS018,KTSS005,KTSS019,KTSS008,KTSS006,KTSS012,KTSS014,KTSS001,KTSS002,KTSS003,KTSS007,KTSS011,KTSS016,KTSS004,KTSS017,KTSS010,KTSS009,KTSS013"
KT2025213,Mia Johnson,02/20/2013,7 Yau Tong Bay,KTPS008,"35,76,53,71,39,26,2","11,37,58,67,21,16,55",APP2025213,"KTSS013,KTSS017,KTSS016,KTSS011,KTSS001,KTSS007,KTSS008,KTSS005,KTSS002,KTSS014,KTSS009,KTSS010,KTSS006,KTSS004,KTSS015,KTSS003,KTSS012,KTSS018,KTSS019,KTSS020"
KT2025214,Sophia Garcia,05/07/2013,40 Lam Tin Road,KTPS006,"10,21,19,55,14,59,31","10,90,49,45,43,40,75",APP2025214,"KTSS016,KTSS014,KTSS008,KTSS019,KTSS013,KTSS001,KTSS006,KTSS015,KTSS009,KTSS011,KTSS018,KTSS020,KTSS012,KTSS004,KTSS017,KTSS005,KTSS010,KTSS007,KTSS003,KTSS002"
KT2025215,Daniel Rodriguez,04/29/2013,74 Kwun Tong Rd,KTPS016,"26,7,0,11,19,9,69","91,41,33,70,16,33,82",APP2025215,"KTSS014,KTSS004,KTSS002,KTSS006,KTSS001,KTSS007,KTSS013,KTSS015,KTSS008,KTSS012,KTSS019,KTSS009,KTSS016,KTSS011,KTSS020,KTSS017,KTSS010,KTSS018,KTSS003,KTSS005"
KT2025216,Amelia Garcia,11/11/2013,41 Kowloon Bay,KTPS015,"56,49,91,96,29,80,54","11,34,72,59,96,39,72",APP2025216,"KTSS009,KTSS001,KTSS008,KTSS020,KTSS012,KTSS006,KTSS015,KTSS013,KTSS007,KTSS004,KTSS017,KTSS019,KTSS005,KTSS016,KTSS018,KTSS002,KTSS011,KTSS014,KTSS010,KTSS003"
KT2025217,Ethan Miller,03/12/2013,41 Yau Tong Bay,KTPS015,"44,15,11,73,99,54,45","100,33,51,46,85,75,18",APP2025217,"KTSS018,KTSS016,KTSS004,KTSS014,KTSS015,KTSS012,KTSS003,KTSS001,KTSS017,KTSS011,KTSS006,KTSS020,KTSS002,KTSS007,KTSS019,KTSS009,KTSS005,KTSS008,KTSS010,KTSS013"
KT2025218,Olivia Martin,05/20/2013,84 Sau Mau Ping,KTPS017,"21,64,96,95,50,53,77","48,23,9,24,36,92,10",APP2025218,"KTSS018,KTSS013,KTSS017,KTSS001,KTSS005,KTSS008,KTSS020,KTSS015,KTSS003,KTSS019,KTSS006,KTSS012,KTSS009,KTSS002,KTSS014,KTSS007,KTSS011,KTSS016,KTSS010,KTSS004"
KT2025219,Sarah Moore,12/06/2013,60 Tsui Ping Rd,KTPS014,"69,100,86,36,100,33,28","37,48,33,4,73,65,41",APP2025219,"KTSS008,KTSS020,KTSS019,KTSS011,KTSS014,KTSS017,KTSS016,KTSS013,KTSS010,KTSS003,KTSS005,KTSS015,KTSS018,KTSS004,KTSS002,KTSS012,KTSS007,KTSS001,KTSS006,KTSS009"
KT2025220,Ethan Moore,08/29/2013,53 Hoi Yuen Road,KTPS012,"22,43,44,47,58,54,25","7,30,37,17,26,98,6",APP2025220,"KTSS011,KTSS002,KTSS020,KTSS014,KTSS017,KTSS016,KTSS005,KTSS009,KTSS004,KTSS008,KTSS010,KTSS012,KTSS001,KTSS019,KTSS018,KTSS015,KTSS007,KTSS006,KTSS013,KTSS003"
KT2025221,Mia Hernandez,07/22/2013,61 Ngau Tau Kok Rd,KTPS008,"30,64,3,8,78,51,74","94,5,49,89,94,41,64",APP2025221,"KTSS003,KTSS005,KTSS007,KTSS008,KTSS011,KTSS018,KTSS015,KTSS004,KTSS016,KTSS009,KTSS013,KTSS006,KTSS020,KTSS017,KTSS012,KTSS014,KTSS002,KTSS001,KTSS010,KTSS019"
KT2025222,Alexander Garcia,11/07/2013,31 Kwun Tong Bypass,KTPS019,"57,6,13,84,77,100,32","79,62,81,82,33,97,23",APP2025222,"KTSS010,KTSS009,KTSS011,KTSS002,KTSS016,KTSS020,KTSS012,KTSS006,KTSS007,KTSS015,KTSS005,KTSS018,KTSS004,KTSS013,KTSS001,KTSS019,KTSS017,KTSS003,KTSS014,KTSS008"
KT2025223,Isabella Anderson,02/13/2013,4 Lam Tin Road,KTPS002,"25,39,18,85,5,59,84","55,49,90,13,65,4,46",APP2025223,"KTSS006,KTSS017,KTSS008,KTSS005,KTSS015,KTSS007,KTSS020,KTSS018,KTSS016,KTSS011,KTSS001,KTSS012,KTSS002,KTSS003,KTSS004,KTSS010,KTSS013,KTSS009,KTSS014,KTSS019"
KT2025224,Olivia Martin,08/21/2013,60 Hoi Yuen Road,KTPS008,"45,85,75,26,60,23,78","50,65,33,46,54,50,41",APP2025224,"KTSS009,KTSS006,KTSS004,KTSS012,KTSS014,KTSS002,KTSS019,KTSS001,KTSS005,KTSS020,KTSS010,KTSS017,KTSS003,KTSS018,KTSS011,KTSS016,KTSS007,KTSS008,KTSS013,KTSS015"
KT2025225,Daniel Wilson,05/23/2013,43 Sau Mau Ping,KTPS006,"99,62,30,40,15,89,33","88,85,72,92,69,30,83",APP2025225,"KTSS008,KTSS010,KTSS007,KTSS012,KTSS001,KTSS013,KTSS014,KTSS003,KTSS016,KTSS020,KTSS011,KTSS019,KTSS006,KTSS004,KTSS002,KTSS017,KTSS018,KTSS015,KTSS009,KTSS005"
KT2025226,Isabella Martin,10/31/2013,6 Ngau Tau Kok Rd,KTPS020,"47,53,10,83,23,30,89","88,94,59,58,64,25,99",APP2025226,"KTSS007,KTSS006,KTSS009,KTSS017,KTSS001,KTSS016,KTSS014,KTSS008,KTSS018,KTSS004,KTSS010,KTSS003,KTSS005,KTSS013,KTSS020,KTSS019,KTSS012,KTSS002,KTSS015,KTSS011"
KT2025227,Michael Hernandez,11/09/2013,87 Lam Tin Road,KTPS009,"96,29,84,91,19,37,74","5,57,44,53,49,42,93",APP2025227,"KTSS015,KTSS018,KTSS020,KTSS011,KTSS003,KTSS002,KTSS008,KTSS016,KTSS009,KTSS005,KTSS006,KTSS014,KTSS013,KTSS001,KTSS012,KTSS019,KTSS010,KTSS004,KTSS007,KTSS017"
KT2025228,Isabella Johnson,12/31/2013,25 Hoi Yuen Road,KTPS004,"52,48,82,50,28,16,11","28,30,36,20,33,33,85",APP2025228,"KTSS019,KTSS015,KTSS007,KTSS006,KTSS004,KTSS003,KTSS009,KTSS008,KTSS012,KTSS005,KTSS016,KTSS011,KTSS014,KTSS013,KTSS020,KTSS017,KTSS018,KTSS002,KTSS001,KTSS010"
KT2025229,Matthew Jones,07/19/2013,37 Lam Tin Road,KTPS014,"59,91,43,96,64,14,51","66,39,73,63,42,41,89",APP2025229,"KTSS002,KTSS004,KTSS019,KTSS009,KTSS001,KTSS010,KTSS015,KTSS016,KTSS007,KTSS020,KTSS013,KTSS012,KTSS006,KTSS011,KTSS003,KTSS018,KTSS017,KTSS008,KTSS014,KTSS005"
KT2025230,Michael Lopez,05/22/2013,93 Tsui Ping Rd,KTPS010,"57,44,60,73,14,89,29","73,35,64,90,99,71,88",APP2025230,"KTSS008,KTSS006,KTSS016,KTSS007,KTSS010,KTSS009,KTSS002,KTSS012,KTSS015,KTSS014,KTSS018,KTSS011,KTSS001,KTSS004,KTSS017,KTSS020,KTSS003,KTSS019,KTSS005,KTSS013"
KT2025231,Olivia Jackson,02/15/2013,86 Yau Tong Bay,KTPS004,"96,81,10,71,99,79,29","85,83,34,55,1,14,79",APP2025231,"KTSS015,KTSS010,KTSS019,KTSS018,KTSS004,KTSS011,KTSS017,KTSS013,KTSS014,KTSS007,KTSS012,KTSS016,KTSS002,KTSS003,KTSS001,KTSS005,KTSS020,KTSS006,KTSS009,KTSS008"
KT2025232,Matthew Davis,10/09/2013,35 Kwun Tong Rd,KTPS016,"34,50,64,50,86,45,22","86,22,31,11,1,1,96",APP2025232,"KTSS002,KTSS014,KTSS012,KTSS004,KTSS015,KTSS006,KTSS007,KTSS013,KTSS001,KTSS017,KTSS011,KTSS019,KTSS010,KTSS020,KTSS016,KTSS005,KTSS009,KTSS008,KTSS018,KTSS003"
KT2025233,Olivia Rodriguez,07/20/2013,43 Kwun Tong Bypass,KTPS005,"15,41,0,71,100,8,96","74,31,100,81,63,19,48",APP2025233,"KTSS013,KTSS019,KTSS018,KTSS002,KTSS020,KTSS001,KTSS016,KTSS009,KTSS008,KTSS007,KTSS014,KTSS017,KTSS003,KTSS010,KTSS005,KTSS004,KTSS012,KTSS006,KTSS011,KTSS015"
KT2025234,Daniel Miller,11/05/2013,28 Tsui Ping Rd,KTPS006,"76,64,86,0,11,29,28","36,14,35,81,32,29,25",APP2025234,"KTSS016,KTSS019,KTSS001,KTSS002,KTSS014,KTSS008,KTSS006,KTSS015,KTSS013,KTSS009,KTSS012,KTSS004,KTSS017,KTSS020,KTSS007,KTSS003,KTSS018,KTSS005,KTSS010,KTSS011"
KT2025235,Mary Gonzalez,05/04/2013,90 Lam Tin Road,KTPS003,"21,65,52,35,8,58,0","20,13,17,26,43,92,90",APP2025235,"KTSS008,KTSS011,KTSS012,KTSS013,KTSS009,KTSS017,KTSS014,KTSS006,KTSS015,KTSS003,KTSS004,KTSS016,KTSS001,KTSS005,KTSS018,KTSS020,KTSS002,KTSS019,KTSS007,KTSS010"
KT2025236,Amelia Smith,09/19/2013,23 Hoi Yuen Road,KTPS009,"50,78,31,96,0,93,70","4,20,64,27,44,82,70",APP2025236,"KTSS017,KTSS004,KTSS001,KTSS010,KTSS019,KTSS015,KTSS003,KTSS011,KTSS016,KTSS005,KTSS007,KTSS012,KTSS008,KTSS009,KTSS018,KTSS020,KTSS006,KTSS002,KTSS014,KTSS013"
KT2025237,Charlotte Rodriguez,07/07/2013,38 Kwun Tong Rd,KTPS007,"51,34,75,20,16,16,65","6,56,82,98,1,63,90",APP2025237,"KTSS012,KTSS006,KTSS013,KTSS015,KTSS005,KTSS008,KTSS010,KTSS016,KTSS003,KTSS009,KTSS019,KTSS017,KTSS002,KTSS020,KTSS001,KTSS004,KTSS014,KTSS018,KTSS011,KTSS007"
KT2025238,David Gonzalez,12/10/2013,52 Sau Mau Ping,KTPS019,"39,88,42,7,62,17,90","97,13,79,48,94,1,78",APP2025238,"KTSS006,KTSS013,KTSS010,KTSS014,KTSS001,KTSS019,KTSS009,KTSS005,KTSS003,KTSS020,KTSS004,KTSS007,KTSS016,KTSS002,KTSS008,KTSS012,KTSS018,KTSS015,KTSS017,KTSS011"
KT2025239,David Taylor,06/27/2013,89 Lam Tin Road,KTPS020,"84,1,99,79,5,67,15","79,39,16,70,59,12,87",APP2025239,"KTSS013,KTSS005,KTSS020,KTSS002,KTSS018,KTSS015,KTSS007,KTSS019,KTSS003,KTSS010,KTSS006,KTSS011,KTSS014,KTSS016,KTSS004,KTSS001,KTSS008,KTSS012,KTSS017,KTSS009"
KT2025240,Ethan Williams,02/12/2013,66 Kowloon Bay,KTPS001,"34,36,2,27,63,39,8","35,23,77,74,20,2,79",APP2025240,"KTSS002,KTSS015,KTSS020,KTSS004,KTSS019,KTSS012,KTSS011,KTSS018,KTSS014,KTSS010,KTSS005,KTSS007,KTSS009,KTSS017,KTSS013,KTSS001,KTSS016,KTSS003,KTSS006,KTSS008"
KT2025241,Alexander Williams,09/29/2013,37 Hoi Yuen Road,KTPS014,"89,35,90,85,11,6,78","99,45,96,85,2,32,28",APP2025241,"KTSS010,KTSS002,KTSS018,KTSS013,KTSS005,KTSS008,KTSS007,KTSS009,KTSS017,KTSS012,KTSS003,KTSS020,KTSS016,KTSS004,KTSS014,KTSS001,KTSS019,KTSS006,KTSS015,KTSS011"
KT2025242,Sophia Garcia,12/28/2013,100 Yau Tong Bay,KTPS004,"46,46,24,94,79,20,98","3,0,64,77,90,60,4",APP2025242,"KTSS014,KTSS017,KTSS019,KTSS016,KTSS013,KTSS002,KTSS012,KTSS015,KTSS018,KTSS010,KTSS005,KTSS011,KTSS007,KTSS020,KTSS001,KTSS008,KTSS004,KTSS003,KTSS009,KTSS006"
KT2025243,Sarah Johnson,11/20/2013,75 Hoi Yuen Road,KTPS016,"39,37,99,80,41,49,24","46,35,32,4,17,52,61",APP2025243,"KTSS010,KTSS015,KTSS018,KTSS013,KTSS016,KTSS003,KTSS014,KTSS009,KTSS019,KTSS011,KTSS020,KTSS004,KTSS008,KTSS007,KTSS001,KTSS012,KTSS006,KTSS002,KTSS017,KTSS005"
KT2025244,Alexander Wilson,01/25/2013,18 Tsui Ping Rd,KTPS013,"19,82,17,63,34,94,20","81,58,44,61,18,52,22",APP2025244,"KTSS017,KTSS014,KTSS012,KTSS018,KTSS001,KTSS015,KTSS007,KTSS010,KTSS013,KTSS019,KTSS011,KTSS002,KTSS008,KTSS020,KTSS009,KTSS005,KTSS004,KTSS016,KTSS003,KTSS006"
KT2025245,Charlotte Brown,09/18/2013,19 Kwun Tong Bypass,KTPS010,"66,3,86,81,31,14,95","62,91,23,69,56,99,32",APP2025245,"KTSS015,KTSS016,KTSS010,KTSS002,KTSS006,KTSS020,KTSS011,KTSS018,KTSS017,KTSS007,KTSS012,KTSS001,KTSS009,KTSS013,KTSS005,KTSS008,KTSS019,KTSS004,KTSS003,KTSS014"
KT2025246,Mia Taylor,06/14/2013,6 Sau Mau Ping,KTPS001,"11,16,100,98,12,64,10","18,5,55,64,69,38,30",APP2025246,"KTSS008,KTSS004,KTSS003,KTSS006,KTSS020,KTSS011,KTSS016,KTSS009,KTSS018,KTSS010,KTSS013,KTSS007,KTSS001,KTSS012,KTSS017,KTSS002,KTSS019,KTSS014,KTSS005,KTSS015"
KT2025247,Matthew Rodriguez,03/17/2013,13 Hoi Yuen Road,KTPS007,"86,39,48,44,7,50,41","86,95,34,38,91,36,88",APP2025247,"KTSS012,KTSS008,KTSS010,KTSS001,KTSS003,KTSS013,KTSS015,KTSS006,KTSS018,KTSS009,KTSS017,KTSS004,KTSS002,KTSS007,KTSS020,KTSS016,KTSS011,KTSS019,KTSS014,KTSS005"
KT2025248,Sophia Gonzalez,09/12/2013,84 Ngau Tau Kok Rd,KTPS003,"12,63,79,73,13,65,65","59,52,85,88,61,13,95",APP2025248,"KTSS015,KTSS005,KTSS017,KTSS019,KTSS010,KTSS003,KTSS020,KTSS018,KTSS011,KTSS012,KTSS009,KTSS004,KTSS001,KTSS016,KTSS014,KTSS006,KTSS002,KTSS007,KTSS008,KTSS013"
KT2025249,David Jackson,11/26/2013,48 Hoi Yuen Road,KTPS007,"19,40,93,99,9,28,23","7,19,33,75,4,52,49",APP2025249,"KTSS012,KTSS016,KTSS010,KTSS019,KTSS017,KTSS020,KTSS018,KTSS009,KTSS008,KTSS011,KTSS004,KTSS006,KTSS007,KTSS003,KTSS013,KTSS001,KTSS002,KTSS005,KTSS014,KTSS015"
KT2025250,Harper Johnson,09/02/2013,20 Kwun Tong Rd,KTPS010,"48,36,30,55,41,35,32","5,24,28,31,64,40,31",APP2025250,"KTSS006,KTSS001,KTSS012,KTSS004,KTSS003,KTSS020,KTSS016,KTSS009,KTSS018,KTSS005,KTSS007,KTSS014,KTSS017,KTSS015,KTSS011,KTSS010,KTSS019,KTSS008,KTSS002,KTSS013"
KT2025251,Matthew Miller,11/14/2013,85 Sau Mau Ping,KTPS013,"64,13,19,70,68,23,84","46,25,2,50,13,45,88",APP2025251,"KTSS010,KTSS001,KTSS006,KTSS004,KTSS009,KTSS007,KTSS008,KTSS017,KTSS005,KTSS016,KTSS011,KTSS003,KTSS018,KTSS013,KTSS012,KTSS014,KTSS015,KTSS002,KTSS019,KTSS020"
KT2025252,James Moore,05/24/2013,23 Lam Tin Road,KTPS016,"84,77,53,47,37,27,39","70,66,21,66,17,24,40",APP2025252,"KTSS005,KTSS007,KTSS006,KTSS016,KTSS012,KTSS020,KTSS011,KTSS014,KTSS008,KTSS019,KTSS013,KTSS003,KTSS004,KTSS015,KTSS001,KTSS002,KTSS017,KTSS009,KTSS018,KTSS010"
KT2025253,Olivia Williams,08/16/2013,32 Hoi Yuen Road,KTPS005,"3,27,17,56,55,64,9","82,4,11,67,27,53,90",APP2025253,"KTSS001,KTSS015,KTSS002,KTSS005,KTSS018,KTSS003,KTSS012,KTSS010,KTSS019,KTSS016,KTSS014,KTSS017,KTSS020,KTSS011,KTSS013,KTSS007,KTSS006,KTSS009,KTSS008,KTSS004"
KT2025254,Alexander Miller,05/11/2013,96 Sau Mau Ping,KTPS014,"23,43,36,37,41,78,60","98,72,82,31,7,14,69",APP2025254,"KTSS019,KTSS009,KTSS006,KTSS017,KTSS011,KTSS015,KTSS002,KTSS003,KTSS016,KTSS008,KTSS018,KTSS005,KTSS012,KTSS014,KTSS010,KTSS001,KTSS007,KTSS013,KTSS004,KTSS020"
KT2025255,Harper Jackson,04/28/2013,39 Lam Tin Road,KTPS003,"33,7,66,13,64,14,64","78,78,56,38,0,98,2",APP2025255,"KTSS018,KTSS010,KTSS011,KTSS001,KTSS017,KTSS004,KTSS013,KTSS002,KTSS006,KTSS003,KTSS007,KTSS020,KTSS005,KTSS009,KTSS014,KTSS019,KTSS015,KTSS008,KTSS012,KTSS016"
KT2025256,Charlotte Rodriguez,02/10/2013,32 Sau Mau Ping,KTPS003,"48,72,29,10,30,70,95","20,88,19,89,28,13,41",APP2025256,"KTSS008,KTSS005,KTSS011,KTSS016,KTSS020,KTSS003,KTSS017,KTSS018,KTSS012,KTSS013,KTSS014,KTSS006,KTSS004,KTSS002,KTSS009,KTSS019,KTSS007,KTSS015,KTSS001,KTSS010"
KT2025257,Amelia Moore,07/31/2013,99 Kwun Tong Rd,KTPS005,"28,93,32,68,40,69,88","69,15,86,33,60,74,39",APP2025257,"KTSS011,KTSS015,KTSS002,KTSS018,KTSS013,KTSS004,KTSS008,KTSS012,KTSS003,KTSS017,KTSS014,KTSS020,KTSS009,KTSS001,KTSS007,KTSS005,KTSS006,KTSS010,KTSS016,KTSS019"
KT2025258,Ethan Thomas,02/10/2013,10 Kwun Tong Rd,KTPS007,"39,81,8,17,41,82,48","12,30,82,96,52,92,71",APP2025258,"KTSS002,KTSS010,KTSS009,KTSS008,KTSS017,KTSS007,KTSS006,KTSS015,KTSS020,KTSS005,KTSS012,KTSS011,KTSS018,KTSS019,KTSS004,KTSS003,KTSS013,KTSS016,KTSS014,KTSS001"
KT2025259,Benjamin Wilson,01/12/2013,24 Kwun Tong Rd,KTPS013,"30,24,21,67,28,36,85","89,59,48,70,58,8,71",APP2025259,"KTSS015,KTSS001,KTSS017,KTSS019,KTSS011,KTSS002,KTSS006,KTSS020,KTSS005,KTSS004,KTSS016,KTSS010,KTSS007,KTSS012,KTSS018,KTSS003,KTSS009,KTSS008,KTSS013,KTSS014"
KT2025260,Amelia Gonzalez,03/06/2013,1 Tsui Ping Rd,KTPS002,"42,27,13,56,59,19,18","40,33,87,97,4,13,99",APP2025260,"KTSS016,KTSS017,KTSS008,KTSS010,KTSS004,KTSS018,KTSS002,KTSS006,KTSS009,KTSS003,KTSS013,KTSS012,KTSS005,KTSS001,KTSS011,KTSS020,KTSS019,KTSS014,KTSS015,KTSS007"
KT2025261,Daniel Gonzalez,11/10/2013,61 Lam Tin Road,KTPS014,"13,2,98,16,68,100,0","0,88,83,60,49,54,64",APP2025261,"KTSS008,KTSS007,KTSS017,KTSS009,KTSS020,KTSS012,KTSS015,KTSS016,KTSS001,KTSS010,KTSS003,KTSS005,KTSS013,KTSS019,KTSS004,KTSS002,KTSS018,KTSS011,KTSS006,KTSS014"
KT2025262,Michael Anderson,09/13/2013,56 Ngau Tau Kok Rd,KTPS010,"3,79,58,33,29,58,100","88,30,50,34,83,63,63",APP2025262,"KTSS011,KTSS019,KTSS004,KTSS009,KTSS018,KTSS006,KTSS016,KTSS014,KTSS012,KTSS013,KTSS008,KTSS001,KTSS017,KTSS020,KTSS007,KTSS002,KTSS010,KTSS003,KTSS005,KTSS015"
KT2025263,Sophia Martin,12/04/2013,22 Hoi Yuen Road,KTPS003,"75,20,84,87,95,86,45","48,20,9,84,52,72,83",APP2025263,"KTSS017,KTSS005,KTSS014,KTSS002,KTSS003,KTSS012,KTSS008,KTSS007,KTSS016,KTSS011,KTSS015,KTSS004,KTSS013,KTSS019,KTSS009,KTSS001,KTSS010,KTSS020,KTSS018,KTSS006"
KT2025264,Ethan Gonzalez,09/10/2013,30 Lei Yue Mun,KTPS014,"35,55,71,68,37,95,1","60,49,52,5,18,63,72",APP2025264,"KTSS011,KTSS010,KTSS003,KTSS013,KTSS017,KTSS009,KTSS012,KTSS007,KTSS014,KTSS020,KTSS015,KTSS018,KTSS006,KTSS002,KTSS005,KTSS008,KTSS001,KTSS019,KTSS004,KTSS016"
KT2025265,Charlotte Jones,03/31/2013,12 Kwun Tong Rd,KTPS009,"70,44,63,88,21,98,91","85,16,21,73,84,0,37",APP2025265,"KTSS019,KTSS014,KTSS012,KTSS008,KTSS015,KTSS020,KTSS005,KTSS007,KTSS010,KTSS002,KTSS011,KTSS004,KTSS001,KTSS017,KTSS006,KTSS009,KTSS013,KTSS016,KTSS018,KTSS003"
KT2025266,Alexander Taylor,11/14/2013,75 Hoi Yuen Road,KTPS001,"23,83,62,88,71,79,72","15,17,31,40,51,78,67",APP2025266,"KTSS019,KTSS009,KTSS020,KTSS011,KTSS004,KTSS015,KTSS010,KTSS014,KTSS012,KTSS007,KTSS008,KTSS013,KTSS016,KTSS017,KTSS006,KTSS001,KTSS003,KTSS005,KTSS002,KTSS018"
KT2025267,Benjamin Rodriguez,12/08/2013,56 Kwun Tong Bypass,KTPS010,"21,60,69,4,54,44,43","7,82,37,19,82,47,95",APP2025267,"KTSS007,KTSS014,KTSS010,KTSS017,KTSS020,KTSS015,KTSS006,KTSS016,KTSS002,KTSS019,KTSS008,KTSS013,KTSS018,KTSS012,KTSS003,KTSS001,KTSS009,KTSS004,KTSS005,KTSS011"
KT2025268,John Taylor,05/22/2013,8 Hoi Yuen Road,KTPS012,"21,3,99,80,1,70,90","94,77,25,79,88,9,4",APP2025268,"KTSS003,KTSS008,KTSS005,KTSS011,KTSS015,KTSS012,KTSS001,KTSS016,KTSS013,KTSS019,KTSS010,KTSS018,KTSS020,KTSS006,KTSS009,KTSS004,KTSS002,KTSS017,KTSS007,KTSS014"
KT2025269,Benjamin Smith,07/10/2013,54 Kwun Tong Bypass,KTPS020,"82,30,65,21,99,52,4","70,28,74,14,75,51,63",APP2025269,"KTSS016,KTSS006,KTSS010,KTSS019,KTSS001,KTSS011,KTSS013,KTSS002,KTSS012,KTSS015,KTSS005,KTSS008,KTSS007,KTSS003,KTSS017,KTSS018,KTSS020,KTSS009,KTSS014,KTSS004"
KT2025270,Daniel Brown,09/01/2013,96 Tsui Ping Rd,KTPS001,"79,63,12,65,51,50,91","72,96,63,23,2,47,1",APP2025270,"KTSS014,KTSS019,KTSS018,KTSS006,KTSS020,KTSS001,KTSS009,KTSS008,KTSS004,KTSS016,KTSS012,KTSS010,KTSS013,KTSS011,KTSS003,KTSS002,KTSS017,KTSS007,KTSS005,KTSS015"
KT2025271,Mary Martinez,04/27/2013,26 Kwun Tong Bypass,KTPS019,"16,84,36,1,92,77,85","18,1,85,13,31,35,74",APP2025271,"KTSS003,KTSS006,KTSS002,KTSS018,KTSS012,KTSS011,KTSS019,KTSS013,KTSS016,KTSS017,KTSS015,KTSS009,KTSS014,KTSS007,KTSS005,KTSS020,KTSS008,KTSS001,KTSS004,KTSS010"
KT2025272,John Wilson,10/26/2013,64 Kwun Tong Rd,KTPS008,"32,24,79,53,66,85,61","81,23,5,47,80,90,74",APP2025272,"KTSS006,KTSS004,KTSS008,KTSS015,KTSS012,KTSS013,KTSS014,KTSS016,KTSS005,KTSS007,KTSS010,KTSS017,KTSS020,KTSS002,KTSS009,KTSS019,KTSS003,KTSS001,KTSS011,KTSS018"
KT2025273,Charlotte Brown,03/27/2013,77 Ngau Tau Kok Rd,KTPS013,"38,46,18,69,73,83,40","100,71,12,41,37,58,54",APP2025273,"KTSS020,KTSS013,KTSS019,KTSS007,KTSS005,KTSS010,KTSS002,KTSS015,KTSS003,KTSS006,KTSS011,KTSS004,KTSS012,KTSS001,KTSS018,KTSS016,KTSS009,KTSS014,KTSS017,KTSS008"
KT2025274,Amelia Johnson,08/15/2013,16 Tsui Ping Rd,KTPS006,"60,59,1,81,72,20,67","34,95,20,29,9,77,82",APP2025274,"KTSS020,KTSS016,KTSS017,KTSS003,KTSS009,KTSS012,KTSS013,KTSS014,KTSS018,KTSS001,KTSS019,KTSS015,KTSS004,KTSS011,KTSS006,KTSS005,KTSS007,KTSS010,KTSS002,KTSS008"
KT2025275,Charlotte Thomas,05/19/2013,66 Kwun Tong Bypass,KTPS014,"82,12,40,41,29,94,95","6,29,62,97,20,13,13",APP2025275,"KTSS003,KTSS014,KTSS005,KTSS012,KTSS001,KTSS020,KTSS011,KTSS018,KTSS015,KTSS013,KTSS009,KTSS010,KTSS002,KTSS017,KTSS016,KTSS019,KTSS006,KTSS007,KTSS008,KTSS004"
KT2025276,Charlotte Brown,10/20/2013,17 Lam Tin Road,KTPS007,"91,74,5,13,87,1,18","80,50,92,79,20,22,97",APP2025276,"KTSS004,KTSS018,KTSS015,KTSS007,KTSS009,KTSS005,KTSS010,KTSS006,KTSS008,KTSS020,KTSS002,KTSS001,KTSS019,KTSS013,KTSS011,KTSS012,KTSS003,KTSS017,KTSS016,KTSS014"
KT2025277,John Johnson,09/12/2013,14 Lam Tin Road,KTPS007,"51,55,46,16,61,3,79","15,100,36,98,4,21,88",APP2025277,"KTSS020,KTSS012,KTSS011,KTSS014,KTSS018,KTSS007,KTSS006,KTSS008,KTSS003,KTSS015,KTSS016,KTSS004,KTSS010,KTSS019,KTSS013,KTSS001,KTSS005,KTSS009,KTSS002,KTSS017"
KT2025278,Olivia Jackson,03/04/2013,38 Kwun Tong Rd,KTPS006,"44,4,5,99,78,14,97","27,17,97,4,80,59,47",APP2025278,"KTSS020,KTSS017,KTSS006,KTSS010,KTSS004,KTSS001,KTSS005,KTSS016,KTSS013,KTSS019,KTSS007,KTSS011,KTSS003,KTSS015,KTSS012,KTSS018,KTSS009,KTSS002,KTSS014,KTSS008"
KT2025279,Olivia Williams,04/11/2013,43 Lam Tin Road,KTPS005,"88,34,34,64,100,28,45","16,89,100,54,8,36,80",APP2025279,"KTSS002,KTSS008,KTSS009,KTSS007,KTSS006,KTSS010,KTSS011,KTSS020,KTSS013,KTSS019,KTSS003,KTSS005,KTSS015,KTSS004,KTSS014,KTSS017,KTSS016,KTSS001,KTSS012,KTSS018"
KT2025280,David Garcia,05/03/2013,85 Kwun Tong Rd,KTPS018,"77,15,97,4,42,56,53","64,32,70,77,1,75,31",APP2025280,"KTSS018,KTSS008,KTSS016,KTSS017,KTSS005,KTSS015,KTSS002,KTSS010,KTSS001,KTSS003,KTSS020,KTSS013,KTSS004,KTSS012,KTSS011,KTSS014,KTSS006,KTSS009,KTSS019,KTSS007"
KT2025281,Matthew Anderson,05/04/2013,63 Lam Tin Road,KTPS019,"63,35,60,33,63,69,11","47,58,5,34,53,100,20",APP2025281,"KTSS010,KTSS014,KTSS017,KTSS002,KTSS013,KTSS020,KTSS011,KTSS006,KTSS007,KTSS005,KTSS015,KTSS004,KTSS009,KTSS012,KTSS008,KTSS001,KTSS018,KTSS003,KTSS016,KTSS019"
KT2025282,Mia Jackson,01/17/2013,28 Sau Mau Ping,KTPS014,"68,7,41,33,18,57,100","72,46,25,5,86,87,92",APP2025282,"KTSS013,KTSS014,KTSS004,KTSS007,KTSS001,KTSS009,KTSS003,KTSS002,KTSS011,KTSS016,KTSS006,KTSS018,KTSS015,KTSS010,KTSS020,KTSS019,KTSS008,KTSS005,KTSS017,KTSS012"
KT2025283,Olivia Thomas,11/26/2013,35 Kwun Tong Bypass,KTPS013,"15,65,16,25,72,27,40","51,17,37,23,60,22,6",APP2025283,"KTSS011,KTSS008,KTSS006,KTSS009,KTSS018,KTSS012,KTSS019,KTSS010,KTSS007,KTSS017,KTSS001,KTSS002,KTSS014,KTSS003,KTSS020,KTSS015,KTSS005,KTSS016,KTSS004,KTSS013"
KT2025284,Sophia Lopez,02/05/2013,45 Lei Yue Mun,KTPS008,"42,45,83,56,7,87,88","30,7,84,8,81,26,41",APP2025284,"KTSS017,KTSS001,KTSS007,KTSS020,KTSS009,KTSS013,KTSS005,KTSS019,KTSS018,KTSS015,KTSS008,KTSS010,KTSS006,KTSS002,KTSS012,KTSS003,KTSS004,KTSS014,KTSS011,KTSS016"
KT2025285,Michael Miller,09/16/2013,32 Sau Mau Ping,KTPS011,"66,55,10,10,73,92,84","40,78,73,27,96,11,22",APP2025285,"KTSS011,KTSS019,KTSS009,KTSS001,KTSS008,KTSS014,KTSS005,KTSS004,KTSS002,KTSS006,KTSS018,KTSS013,KTSS003,KTSS007,KTSS010,KTSS017,KTSS015,KTSS020,KTSS016,KTSS012"
KT2025286,John Smith,11/22/2013,48 Lei Yue Mun,KTPS010,"49,69,89,95,97,89,3","90,82,1,12,29,6,85",APP2025286,"KTSS003,KTSS004,KTSS017,KTSS020,KTSS010,KTSS012,KTSS007,KTSS005,KTSS013,KTSS015,KTSS016,KTSS001,KTSS008,KTSS002,KTSS019,KTSS006,KTSS011,KTSS009,KTSS014,KTSS018"
KT2025287,Daniel Gonzalez,10/08/2013,97 Lam Tin Road,KTPS019,"32,95,14,91,82,26,3","11,93,82,99,39,70,4",APP2025287,"KTSS003,KTSS012,KTSS006,KTSS016,KTSS019,KTSS020,KTSS013,KTSS017,KTSS015,KTSS014,KTSS010,KTSS004,KTSS011,KTSS009,KTSS002,KTSS008,KTSS018,KTSS001,KTSS005,KTSS007"
KT2025288,Ethan Johnson,08/12/2013,80 Ngau Tau Kok Rd,KTPS019,"60,19,77,82,79,57,100","20,62,29,41,20,9,85",APP2025288,"KTSS017,KTSS018,KTSS019,KTSS009,KTSS002,KTSS016,KTSS001,KTSS004,KTSS010,KTSS005,KTSS006,KTSS014,KTSS011,KTSS013,KTSS020,KTSS003,KTSS012,KTSS015,KTSS007,KTSS008"
KT2025289,James Wilson,12/20/2013,17 Lei Yue Mun,KTPS018,"3,62,24,37,29,26,90","58,35,50,12,71,1,81",APP2025289,"KTSS020,KTSS003,KTSS005,KTSS012,KTSS019,KTSS008,KTSS015,KTSS007,KTSS013,KTSS017,KTSS016,KTSS010,KTSS002,KTSS009,KTSS014,KTSS004,KTSS011,KTSS018,KTSS006,KTSS001"
KT2025290,Harper Wilson,12/11/2013,19 Kowloon Bay,KTPS010,"59,96,35,37,24,25,28","55,60,76,11,83,15,72",APP2025290,"KTSS009,KTSS017,KTSS013,KTSS010,KTSS002,KTSS008,KTSS005,KTSS011,KTSS006,KTSS007,KTSS012,KTSS003,KTSS016,KTSS020,KTSS001,KTSS019,KTSS004,KTSS014,KTSS015,KTSS018"
KT2025291,James Taylor,03/20/2013,11 Kwun Tong Bypass,KTPS004,"51,48,8,77,82,97,34","82,46,36,38,42,19,53",APP2025291,"KTSS011,KTSS004,KTSS003,KTSS016,KTSS010,KTSS013,KTSS007,KTSS006,KTSS014,KTSS020,KTSS009,KTSS018,KTSS008,KTSS001,KTSS017,KTSS002,KTSS005,KTSS015,KTSS019,KTSS012"
KT2025292,Matthew Taylor,09/23/2013,43 Kwun Tong Rd,KTPS003,"100,86,12,15,44,26,100","97,92,56,1,66,78,40",APP2025292,"KTSS010,KTSS004,KTSS020,KTSS014,KTSS011,KTSS009,KTSS017,KTSS006,KTSS002,KTSS018,KTSS005,KTSS001,KTSS015,KTSS019,KTSS003,KTSS007,KTSS013,KTSS008,KTSS016,KTSS012"
KT2025293,Amelia Lopez,10/17/2013,80 Hoi Yuen Road,KTPS004,"32,19,42,39,20,6,19","7,5,37,58,38,8,45",APP2025293,"KTSS011,KTSS004,KTSS009,KTSS002,KTSS006,KTSS008,KTSS015,KTSS003,KTSS019,KTSS010,KTSS018,KTSS007,KTSS020,KTSS014,KTSS013,KTSS016,KTSS005,KTSS017,KTSS012,KTSS001"
KT2025294,David Johnson,04/06/2013,94 Kwun Tong Bypass,KTPS020,"13,3,51,81,50,64,45","71,11,33,68,60,40,48",APP2025294,"KTSS004,KTSS017,KTSS002,KTSS011,KTSS013,KTSS018,KTSS007,KTSS006,KTSS003,KTSS005,KTSS014,KTSS001,KTSS015,KTSS019,KTSS016,KTSS020,KTSS009,KTSS008,KTSS010,KTSS012"
KT2025295,Alexander Martin,02/01/2013,46 Tsui Ping Rd,KTPS007,"28,58,94,97,6,77,74","57,10,19,69,15,6,86",APP2025295,"KTSS003,KTSS004,KTSS010,KTSS020,KTSS014,KTSS008,KTSS007,KTSS018,KTSS013,KTSS009,KTSS019,KTSS012,KTSS015,KTSS002,KTSS017,KTSS005,KTSS006,KTSS016,KTSS011,KTSS001"
KT2025296,Emily Jones,01/02/2013,12 Lam Tin Road,KTPS005,"42,18,15,20,47,77,91","72,12,26,38,44,94,58",APP2025296,"KTSS006,KTSS015,KTSS007,KTSS019,KTSS005,KTSS003,KTSS012,KTSS004,KTSS018,KTSS010,KTSS008,KTSS014,KTSS002,KTSS013,KTSS001,KTSS020,KTSS016,KTSS017,KTSS011,KTSS009"
KT2025297,James Smith,04/03/2013,28 Lam Tin Road,KTPS016,"17,81,39,30,99,88,3","32,68,34,80,67,56,17",APP2025297,"KTSS012,KTSS007,KTSS004,KTSS017,KTSS016,KTSS006,KTSS020,KTSS005,KTSS010,KTSS009,KTSS011,KTSS001,KTSS003,KTSS002,KTSS019,KTSS013,KTSS018,KTSS008,KTSS014,KTSS015"
KT2025298,Benjamin Rodriguez,09/27/2013,90 Sau Mau Ping,KTPS015,"43,27,50,34,18,71,86","92,85,90,87,28,21,19",APP2025298,"KTSS008,KTSS005,KTSS013,KTSS016,KTSS006,KTSS018,KTSS020,KTSS015,KTSS003,KTSS009,KTSS007,KTSS017,KTSS011,KTSS012,KTSS019,KTSS001,KTSS002,KTSS010,KTSS004,KTSS014"
KT2025299,James Hernandez,01/28/2013,33 Hoi Yuen Road,KTPS019,"93,60,68,34,24,8,47","96,47,75,93,20,89,36",APP2025299,"KTSS005,KTSS014,KTSS004,KTSS020,KTSS011,KTSS015,KTSS003,KTSS007,KTSS002,KTSS008,KTSS006,KTSS009,KTSS017,KTSS016,KTSS019,KTSS010,KTSS012,KTSS018,KTSS013,KTSS001"
KT2025300,John Smith,01/05/2013,55 Ngau Tau Kok Rd,KTPS013,"8,22,56,30,27,99,40","54,50,87,55,99,94,7",APP2025300,"KTSS014,KTSS009,KTSS019,KTSS012,KTSS017,KTSS005,KTSS010,KTSS011,KTSS016,KTSS006,KTSS015,KTSS003,KTSS004,KTSS002,KTSS007,KTSS001,KTSS008,KTSS020,KTSS013,KTSS018"
KT2025301,Mia Wilson,09/13/2013,33 Hoi Yuen Road,KTPS007,"79,68,9,98,71,53,39","42,84,16,37,27,81,25",APP2025301,"KTSS018,KTSS010,KTSS011,KTSS004,KTSS001,KTSS016,KTSS015,KTSS020,KTSS009,KTSS005,KTSS002,KTSS017,KTSS006,KTSS007,KTSS003,KTSS014,KTSS013,KTSS008,KTSS012,KTSS019"
KT2025302,Sophia Davis,10/07/2013,45 Kwun Tong Rd,KTPS005,"65,13,71,16,67,40,55","26,41,73,41,25,92,4",APP2025302,"KTSS009,KTSS020,KTSS013,KTSS005,KTSS012,KTSS015,KTSS016,KTSS010,KTSS007,KTSS003,KTSS004,KTSS019,KTSS008,KTSS011,KTSS006,KTSS018,KTSS001,KTSS002,KTSS014,KTSS017"
KT2025303,Harper Smith,01/15/2013,59 Yau Tong Bay,KTPS004,"30,83,14,39,52,14,28","84,73,42,47,35,2,19",APP2025303,"KTSS013,KTSS007,KTSS018,KTSS009,KTSS019,KTSS016,KTSS001,KTSS010,KTSS002,KTSS004,KTSS006,KTSS003,KTSS008,KTSS012,KTSS014,KTSS011,KTSS005,KTSS017,KTSS015,KTSS020"
KT2025304,Sarah Jones,01/30/2013,64 Kwun Tong Rd,KTPS006,"91,33,45,78,99,29,98","32,69,10,60,84,26,76",APP2025304,"KTSS019,KTSS013,KTSS010,KTSS020,KTSS006,KTSS012,KTSS002,KTSS014,KTSS005,KTSS011,KTSS017,KTSS016,KTSS001,KTSS004,KTSS009,KTSS008,KTSS018,KTSS003,KTSS015,KTSS007"
KT2025305,Sarah Taylor,01/20/2013,68 Kowloon Bay,KTPS006,"28,71,31,74,84,47,100","62,29,38,10,76,38,76",APP2025305,"KTSS009,KTSS002,KTSS018,KTSS011,KTSS005,KTSS001,KTSS003,KTSS012,KTSS015,KTSS019,KTSS014,KTSS006,KTSS008,KTSS020,KTSS010,KTSS013,KTSS016,KTSS017,KTSS004,KTSS007"
KT2025306,Harper Brown,04/18/2013,71 Sau Mau Ping,KTPS018,"88,57,9,14,29,56,53","94,73,62,84,64,55,11",APP2025306,"KTSS014,KTSS012,KTSS020,KTSS016,KTSS011,KTSS009,KTSS002,KTSS004,KTSS013,KTSS008,KTSS018,KTSS006,KTSS005,KTSS007,KTSS001,KTSS010,KTSS015,KTSS019,KTSS017,KTSS003"
KT2025307,William Jackson,01/10/2013,76 Lei Yue Mun,KTPS003,"96,9,18,76,71,61,85","46,66,80,30,1,9,24",APP2025307,"KTSS016,KTSS014,KTSS010,KTSS011,KTSS009,KTSS008,KTSS007,KTSS002,KTSS015,KTSS017,KTSS018,KTSS012,KTSS013,KTSS006,KTSS003,KTSS001,KTSS005,KTSS019,KTSS004,KTSS020"
KT2025308,Benjamin Smith,12/11/2013,68 Kwun Tong Rd,KTPS017,"69,26,52,71,64,72,19","96,69,9,70,14,70,73",APP2025308,"KTSS003,KTSS008,KTSS019,KTSS004,KTSS009,KTSS017,KTSS015,KTSS016,KTSS010,KTSS006,KTSS018,KTSS020,KTSS014,KTSS007,KTSS001,KTSS005,KTSS013,KTSS002,KTSS011,KTSS012"
KT2025309,Olivia Davis,10/29/2013,76 Kowloon Bay,KTPS011,"14,77,24,57,71,62,72","54,85,81,46,33,95,25",APP2025309,"KTSS002,KTSS015,KTSS016,KTSS012,KTSS010,KTSS001,KTSS014,KTSS011,KTSS009,KTSS006,KTSS003,KTSS008,KTSS004,KTSS005,KTSS017,KTSS013,KTSS018,KTSS020,KTSS007,KTSS019"
KT2025310,Harper Miller,05/14/2013,26 Kwun Tong Bypass,KTPS014,"79,42,2,47,91,62,65","100,91,22,100,30,42,75",APP2025310,"KTSS015,KTSS004,KTSS016,KTSS009,KTSS011,KTSS010,KTSS020,KTSS007,KTSS006,KTSS019,KTSS005,KTSS001,KTSS003,KTSS013,KTSS017,KTSS008,KTSS012,KTSS018,KTSS014,KTSS002"
KT2025311,Matthew Davis,09/20/2013,8 Kwun Tong Rd,KTPS018,"88,59,92,92,27,95,93","67,6,80,2,34,17,32",APP2025311,"KTSS019,KTSS001,KTSS020,KTSS002,KTSS014,KTSS006,KTSS013,KTSS011,KTSS005,KTSS009,KTSS003,KTSS012,KTSS008,KTSS010,KTSS004,KTSS015,KTSS017,KTSS007,KTSS016,KTSS018"
KT2025312,Sarah Jones,03/10/2013,22 Hoi Yuen Road,KTPS013,"79,27,73,45,86,52,77","91,87,77,78,46,75,22",APP2025312,"KTSS006,KTSS008,KTSS013,KTSS018,KTSS020,KTSS004,KTSS014,KTSS002,KTSS007,KTSS005,KTSS012,KTSS009,KTSS003,KTSS015,KTSS016,KTSS019,KTSS001,KTSS011,KTSS017,KTSS010"
KT2025313,Charlotte Garcia,04/06/2013,28 Sau Mau Ping,KTPS018,"39,61,6,88,37,24,22","23,9,66,6,7,99,43",APP2025313,"KTSS001,KTSS015,KTSS019,KTSS006,KTSS012,KTSS002,KTSS020,KTSS011,KTSS010,KTSS007,KTSS003,KTSS016,KTSS009,KTSS004,KTSS005,KTSS017,KTSS008,KTSS018,KTSS013,KTSS014"
KT2025314,Mia Rodriguez,05/19/2013,5 Ngau Tau Kok Rd,KTPS013,"43,34,50,16,38,72,56","65,76,35,96,19,18,41",APP2025314,"KTSS006,KTSS018,KTSS015,KTSS007,KTSS002,KTSS008,KTSS016,KTSS005,KTSS019,KTSS013,KTSS012,KTSS001,KTSS004,KTSS014,KTSS009,KTSS017,KTSS010,KTSS020,KTSS011,KTSS003"
KT2025315,William Davis,10/07/2013,48 Kowloon Bay,KTPS010,"92,43,60,36,19,84,75","90,19,17,37,20,38,33",APP2025315,"KTSS013,KTSS008,KTSS018,KTSS010,KTSS002,KTSS016,KTSS014,KTSS015,KTSS012,KTSS005,KTSS011,KTSS009,KTSS004,KTSS007,KTSS006,KTSS001,KTSS020,KTSS003,KTSS017,KTSS019"
KT2025316,Mia Wilson,10/26/2013,87 Kwun Tong Bypass,KTPS005,"20,68,7,64,52,51,4","64,48,75,89,18,84,96",APP2025316,"KTSS012,KTSS010,KTSS009,KTSS002,KTSS001,KTSS005,KTSS003,KTSS014,KTSS016,KTSS013,KTSS004,KTSS015,KTSS020,KTSS006,KTSS011,KTSS017,KTSS008,KTSS007,KTSS019,KTSS018"
KT2025317,Alexander Williams,07/14/2013,70 Lei Yue Mun,KTPS016,"58,84,47,10,31,36,51","45,46,90,30,97,16,14",APP2025317,"KTSS019,KTSS016,KTSS002,KTSS018,KTSS012,KTSS003,KTSS014,KTSS008,KTSS010,KTSS005,KTSS009,KTSS015,KTSS007,KTSS017,KTSS013,KTSS011,KTSS020,KTSS001,KTSS004,KTSS006"
KT2025318,David Davis,12/06/2013,89 Lei Yue Mun,KTPS010,"92,41,85,33,33,1,21","56,79,15,43,38,0,53",APP2025318,"KTSS013,KTSS005,KTSS001,KTSS008,KTSS009,KTSS007,KTSS002,KTSS010,KTSS012,KTSS003,KTSS011,KTSS020,KTSS019,KTSS017,KTSS015,KTSS006,KTSS014,KTSS018,KTSS016,KTSS004"
KT2025319,Sophia Taylor,04/18/2013,26 Hoi Yuen Road,KTPS019,"56,66,80,74,60,53,99","1,16,34,95,80,31,89",APP2025319,"KTSS012,KTSS016,KTSS004,KTSS003,KTSS013,KTSS006,KTSS007,KTSS009,KTSS010,KTSS001,KTSS017,KTSS015,KTSS020,KTSS019,KTSS011,KTSS002,KTSS018,KTSS014,KTSS005,KTSS008"
KT2025320,Charlotte Brown,04/13/2013,58 Yau Tong Bay,KTPS002,"21,51,28,43,91,7,90","12,53,13,31,92,69,75",APP2025320,"KTSS008,KTSS013,KTSS019,KTSS017,KTSS018,KTSS007,KTSS015,KTSS004,KTSS006,KTSS003,KTSS020,KTSS016,KTSS014,KTSS005,KTSS002,KTSS010,KTSS011,KTSS012,KTSS001,KTSS009"
KT2025321,Sophia Rodriguez,07/19/2013,10 Yau Tong Bay,KTPS016,"91,21,64,52,63,81,10","1,29,35,69,89,22,54",APP2025321,"KTSS006,KTSS013,KTSS008,KTSS003,KTSS019,KTSS011,KTSS001,KTSS016,KTSS005,KTSS014,KTSS004,KTSS015,KTSS018,KTSS017,KTSS007,KTSS002,KTSS009,KTSS020,KTSS012,KTSS010"
KT2025322,Harper Wilson,10/30/2013,71 Lam Tin Road,KTPS012,"6,69,22,92,45,80,92","28,24,28,88,39,60,58",APP2025322,"KTSS012,KTSS013,KTSS002,KTSS019,KTSS014,KTSS006,KTSS018,KTSS003,KTSS016,KTSS007,KTSS004,KTSS011,KTSS017,KTSS005,KTSS008,KTSS020,KTSS010,KTSS001,KTSS015,KTSS009"
KT2025323,Isabella Anderson,03/19/2013,21 Ngau Tau Kok Rd,KTPS014,"13,9,74,52,27,48,85","97,16,89,10,74,52,40",APP2025323,"KTSS001,KTSS020,KTSS019,KTSS012,KTSS007,KTSS015,KTSS009,KTSS018,KTSS014,KTSS011,KTSS016,KTSS017,KTSS002,KTSS006,KTSS008,KTSS010,KTSS013,KTSS004,KTSS003,KTSS005"
KT2025324,David Jones,08/16/2013,96 Lam Tin Road,KTPS017,"15,17,63,38,32,80,84","6,73,98,95,90,52,13",APP2025324,"KTSS019,KTSS011,KTSS008,KTSS012,KTSS006,KTSS010,KTSS009,KTSS007,KTSS001,KTSS016,KTSS018,KTSS004,KTSS014,KTSS003,KTSS013,KTSS017,KTSS020,KTSS002,KTSS005,KTSS015"
KT2025325,Daniel Lopez,06/25/2013,1 Hoi Yuen Road,KTPS015,"28,5,75,76,0,70,78","57,79,86,93,71,53,85",APP2025325,"KTSS019,KTSS012,KTSS017,KTSS006,KTSS004,KTSS009,KTSS013,KTSS002,KTSS014,KTSS007,KTSS005,KTSS020,KTSS003,KTSS016,KTSS001,KTSS010,KTSS018,KTSS015,KTSS011,KTSS008"
KT2025326,James Davis,09/20/2013,24 Hoi Yuen Road,KTPS016,"88,18,9,76,98,64,0","41,59,10,99,58,71,33",APP2025326,"KTSS016,KTSS004,KTSS003,KTSS010,KTSS015,KTSS002,KTSS008,KTSS020,KTSS014,KTSS005,KTSS013,KTSS019,KTSS006,KTSS001,KTSS018,KTSS007,KTSS017,KTSS012,KTSS009,KTSS011"
KT2025327,Amelia Moore,08/01/2013,74 Lei Yue Mun,KTPS010,"69,36,80,56,46,31,23","66,45,31,74,12,26,47",APP2025327,"KTSS004,KTSS015,KTSS005,KTSS009,KTSS010,KTSS001,KTSS018,KTSS014,KTSS019,KTSS020,KTSS016,KTSS013,KTSS008,KTSS011,KTSS017,KTSS006,KTSS003,KTSS007,KTSS012,KTSS002"
KT2025328,Daniel Moore,04/05/2013,45 Ngau Tau Kok Rd,KTPS001,"89,37,86,31,70,76,70","43,69,7,61,64,24,75",APP2025328,"KTSS001,KTSS017,KTSS013,KTSS018,KTSS016,KTSS005,KTSS010,KTSS004,KTSS006,KTSS019,KTSS012,KTSS011,KTSS009,KTSS007,KTSS015,KTSS008,KTSS002,KTSS003,KTSS020,KTSS014"
KT2025329,Matthew Anderson,07/17/2013,54 Lam Tin Road,KTPS015,"55,38,9,97,61,47,91","57,59,34,2,5,73,45",APP2025329,"KTSS006,KTSS012,KTSS013,KTSS003,KTSS016,KTSS020,KTSS002,KTSS005,KTSS011,KTSS004,KTSS008,KTSS001,KTSS015,KTSS007,KTSS009,KTSS014,KTSS019,KTSS018,KTSS017,KTSS010"
KT2025330,Harper Moore,07/24/2013,71 Ngau Tau Kok Rd,KTPS006,"81,21,41,96,29,15,68","78,18,93,41,98,54,66",APP2025330,"KTSS012,KTSS016,KTSS018,KTSS001,KTSS020,KTSS003,KTSS015,KTSS009,KTSS002,KTSS008,KTSS006,KTSS007,KTSS013,KTSS010,KTSS014,KTSS004,KTSS011,KTSS017,KTSS005,KTSS019"
KT2025331,Benjamin Davis,02/16/2013,32 Yau Tong Bay,KTPS018,"95,10,19,15,44,27,15","15,16,1,18,66,24,78",APP2025331,"KTSS017,KTSS010,KTSS011,KTSS004,KTSS005,KTSS018,KTSS007,KTSS013,KTSS014,KTSS008,KTSS019,KTSS002,KTSS016,KTSS012,KTSS006,KTSS009,KTSS001,KTSS003,KTSS015,KTSS020"
KT2025332,Emily Rodriguez,09/08/2013,59 Ngau Tau Kok Rd,KTPS010,"70,83,80,18,42,76,90","81,92,13,45,69,86,75",APP2025332,"KTSS011,KTSS004,KTSS003,KTSS018,KTSS016,KTSS017,KTSS010,KTSS006,KTSS005,KTSS008,KTSS013,KTSS002,KTSS001,KTSS020,KTSS012,KTSS019,KTSS009,KTSS014,KTSS007,KTSS015"
KT2025333,Mary Gonzalez,10/07/2013,87 Lam Tin Road,KTPS020,"37,5,43,82,62,17,88","8,34,59,92,88,15,18",APP2025333,"KTSS013,KTSS019,KTSS005,KTSS010,KTSS001,KTSS012,KTSS002,KTSS011,KTSS006,KTSS017,KTSS020,KTSS007,KTSS014,KTSS009,KTSS016,KTSS003,KTSS008,KTSS018,KTSS004,KTSS015"
KT2025334,Benjamin Martinez,01/03/2013,91 Yau Tong Bay,KTPS005,"96,74,10,63,84,58,26","93,22,10,92,83,51,31",APP2025334,"KTSS019,KTSS006,KTSS014,KTSS004,KTSS001,KTSS011,KTSS020,KTSS005,KTSS017,KTSS018,KTSS016,KTSS012,KTSS010,KTSS007,KTSS008,KTSS009,KTSS002,KTSS003,KTSS013,KTSS015"
KT2025335,Olivia Johnson,10/25/2013,83 Lam Tin Road,KTPS014,"64,81,90,51,11,25,49","1,13,70,98,0,10,31",APP2025335,"KTSS008,KTSS010,KTSS006,KTSS017,KTSS005,KTSS003,KTSS007,KTSS014,KTSS012,KTSS018,KTSS002,KTSS020,KTSS009,KTSS016,KTSS019,KTSS013,KTSS015,KTSS001,KTSS011,KTSS004"
KT2025336,Harper Williams,02/21/2013,41 Lei Yue Mun,KTPS015,"79,54,61,26,15,8,37","81,99,6,9,81,20,64",APP2025336,"KTSS018,KTSS017,KTSS005,KTSS003,KTSS001,KTSS010,KTSS008,KTSS015,KTSS014,KTSS009,KTSS020,KTSS002,KTSS011,KTSS012,KTSS016,KTSS013,KTSS006,KTSS004,KTSS007,KTSS019"
KT2025337,John Williams,11/09/2013,65 Kwun Tong Rd,KTPS019,"36,52,69,88,10,67,59","10,8,43,88,85,68,10",APP2025337,"KTSS008,KTSS007,KTSS018,KTSS003,KTSS013,KTSS012,KTSS014,KTSS019,KTSS015,KTSS001,KTSS017,KTSS020,KTSS005,KTSS011,KTSS006,KTSS010,KTSS004,KTSS016,KTSS009,KTSS002"
KT2025338,John Garcia,08/09/2013,20 Tsui Ping Rd,KTPS007,"41,40,77,94,1,27,66","4,7,88,63,68,82,98",APP2025338,"KTSS012,KTSS003,KTSS016,KTSS017,KTSS002,KTSS010,KTSS014,KTSS005,KTSS006,KTSS008,KTSS015,KTSS007,KTSS001,KTSS019,KTSS013,KTSS018,KTSS004,KTSS020,KTSS011,KTSS009"
KT2025339,Olivia Garcia,03/14/2013,22 Lam Tin Road,KTPS001,"58,51,35,32,97,66,100","21,9,93,9,99,26,89",APP2025339,"KTSS019,KTSS002,KTSS001,KTSS014,KTSS012,KTSS009,KTSS010,KTSS017,KTSS007,KTSS005,KTSS003,KTSS006,KTSS016,KTSS004,KTSS018,KTSS020,KTSS011,KTSS013,KTSS015,KTSS008"
KT2025340,Sarah Jones,02/17/2013,83 Kwun Tong Rd,KTPS017,"6,33,0,94,25,34,88","54,49,7,40,37,18,17",APP2025340,"KTSS015,KTSS017,KTSS020,KTSS018,KTSS016,KTSS011,KTSS002,KTSS009,KTSS005,KTSS006,KTSS007,KTSS003,KTSS010,KTSS013,KTSS001,KTSS004,KTSS014,KTSS008,KTSS019,KTSS012"
KT2025341,James Brown,01/31/2013,94 Kwun Tong Rd,KTPS014,"37,38,18,85,72,13,49","67,34,23,74,8,11,96",APP2025341,"KTSS004,KTSS006,KTSS011,KTSS017,KTSS013,KTSS010,KTSS007,KTSS003,KTSS018,KTSS009,KTSS020,KTSS001,KTSS002,KTSS014,KTSS005,KTSS015,KTSS019,KTSS016,KTSS008,KTSS012"
KT2025342,Emily Davis,10/11/2013,74 Yau Tong Bay,KTPS003,"72,79,35,24,96,64,62","45,20,4,7,48,25,77",APP2025342,"KTSS011,KTSS017,KTSS018,KTSS020,KTSS001,KTSS019,KTSS003,KTSS008,KTSS015,KTSS014,KTSS007,KTSS016,KTSS012,KTSS004,KTSS013,KTSS005,KTSS002,KTSS009,KTSS010,KTSS006"
KT2025343,David Williams,09/04/2013,82 Yau Tong Bay,KTPS008,"34,45,21,49,4,37,98","79,18,19,21,42,21,65",APP2025343,"KTSS012,KTSS008,KTSS017,KTSS003,KTSS006,KTSS007,KTSS005,KTSS001,KTSS011,KTSS004,KTSS015,KTSS010,KTSS002,KTSS020,KTSS014,KTSS016,KTSS013,KTSS009,KTSS018,KTSS019"
KT2025344,Emily Smith,09/13/2013,79 Sau Mau Ping,KTPS006,"100,40,32,97,92,76,74","51,17,41,48,32,3,65",APP2025344,"KTSS008,KTSS014,KTSS010,KTSS002,KTSS018,KTSS005,KTSS019,KTSS015,KTSS017,KTSS006,KTSS012,KTSS001,KTSS003,KTSS013,KTSS007,KTSS011,KTSS004,KTSS016,KTSS020,KTSS009"
KT2025345,James Brown,11/15/2013,85 Lei Yue Mun,KTPS006,"66,84,62,84,73,86,60","60,47,71,30,42,46,51",APP2025345,"KTSS007,KTSS009,KTSS006,KTSS002,KTSS003,KTSS014,KTSS008,KTSS005,KTSS010,KTSS015,KTSS013,KTSS012,KTSS001,KTSS017,KTSS011,KTSS018,KTSS020,KTSS004,KTSS019,KTSS016"
KT2025346,Daniel Jackson,01/09/2013,71 Lei Yue Mun,KTPS003,"71,88,30,89,88,1,22","55,15,63,98,63,53,14",APP2025346,"KTSS018,KTSS002,KTSS010,KTSS008,KTSS007,KTSS019,KTSS011,KTSS003,KTSS013,KTSS020,KTSS006,KTSS009,KTSS005,KTSS017,KTSS015,KTSS014,KTSS012,KTSS004,KTSS016,KTSS001"
KT2025347,James Lopez,12/05/2013,9 Ngau Tau Kok Rd,KTPS012,"9,39,17,91,67,1,15","66,82,99,34,80,4,0",APP2025347,"KTSS001,KTSS019,KTSS007,KTSS002,KTSS012,KTSS008,KTSS018,KTSS013,KTSS014,KTSS005,KTSS004,KTSS009,KTSS017,KTSS016,KTSS015,KTSS011,KTSS003,KTSS020,KTSS010,KTSS006"
KT2025348,Mia Thomas,05/13/2013,80 Tsui Ping Rd,KTPS008,"29,56,91,52,56,59,15","100,97,83,28,46,11,44",APP2025348,"KTSS005,KTSS009,KTSS001,KTSS015,KTSS019,KTSS003,KTSS011,KTSS007,KTSS016,KTSS020,KTSS017,KTSS010,KTSS012,KTSS002,KTSS008,KTSS013,KTSS006,KTSS014,KTSS018,KTSS004"
KT2025349,Matthew Jones,05/26/2013,74 Hoi Yuen Road,KTPS019,"54,43,20,75,61,35,16","12,63,61,48,80,71,7",APP2025349,"KTSS011,KTSS003,KTSS018,KTSS016,KTSS005,KTSS017,KTSS009,KTSS001,KTSS014,KTSS002,KTSS012,KTSS019,KTSS007,KTSS004,KTSS015,KTSS010,KTSS020,KTSS008,KTSS006,KTSS013"
KT2025350,Daniel Martinez,04/28/2013,67 Ngau Tau Kok Rd,KTPS007,"1,12,87,18,93,9,66","22,35,57,20,66,85,49",APP2025350,"KTSS001,KTSS003,KTSS019,KTSS005,KTSS020,KTSS015,KTSS011,KTSS008,KTSS009,KTSS010,KTSS017,KTSS016,KTSS018,KTSS013,KTSS002,KTSS007,KTSS014,KTSS004,KTSS012,KTSS006"
KT2025351,Daniel Johnson,05/15/2013,24 Hoi Yuen Road,KTPS013,"93,11,5,17,41,96,35","44,97,38,43,54,71,49",APP2025351,"KTSS002,KTSS018,KTSS007,KTSS005,KTSS016,KTSS015,KTSS003,KTSS020,KTSS013,KTSS009,KTSS019,KTSS011,KTSS004,KTSS001,KTSS008,KTSS006,KTSS014,KTSS017,KTSS010,KTSS012"
KT2025352,Daniel Lopez,10/18/2013,60 Hoi Yuen Road,KTPS018,"95,3,30,11,98,50,49","82,48,69,42,55,94,46",APP2025352,"KTSS004,KTSS018,KTSS019,KTSS014,KTSS010,KTSS009,KTSS001,KTSS002,KTSS005,KTSS016,KTSS011,KTSS012,KTSS006,KTSS003,KTSS007,KTSS008,KTSS015,KTSS017,KTSS013,KTSS020"
KT2025353,Emily Thomas,09/08/2013,28 Lam Tin Road,KTPS004,"60,99,68,80,8,69,79","22,30,22,41,55,69,37",APP2025353,"KTSS010,KTSS017,KTSS006,KTSS001,KTSS014,KTSS020,KTSS004,KTSS003,KTSS011,KTSS019,KTSS016,KTSS009,KTSS007,KTSS013,KTSS018,KTSS002,KTSS005,KTSS012,KTSS008,KTSS015"
KT2025354,Ethan Smith,01/17/2013,99 Tsui Ping Rd,KTPS017,"11,22,29,52,24,37,30","5,25,26,99,23,28,39",APP2025354,"KTSS008,KTSS014,KTSS009,KTSS018,KTSS004,KTSS011,KTSS016,KTSS017,KTSS005,KTSS010,KTSS006,KTSS013,KTSS012,KTSS003,KTSS015,KTSS002,KTSS020,KTSS007,KTSS001,KTSS019"
KT2025355,Michael Johnson,01/27/2013,96 Kwun Tong Bypass,KTPS014,"35,90,25,82,92,18,68","84,86,17,100,94,67,39",APP2025355,"KTSS008,KTSS010,KTSS015,KTSS019,KTSS016,KTSS003,KTSS014,KTSS020,KTSS005,KTSS011,KTSS002,KTSS012,KTSS013,KTSS006,KTSS009,KTSS004,KTSS017,KTSS018,KTSS001,KTSS007"
KT2025356,James Jackson,04/28/2013,8 Tsui Ping Rd,KTPS014,"49,44,64,83,43,81,40","18,48,25,2,13,48,62",APP2025356,"KTSS001,KTSS018,KTSS004,KTSS011,KTSS017,KTSS016,KTSS014,KTSS010,KTSS008,KTSS015,KTSS002,KTSS009,KTSS019,KTSS020,KTSS007,KTSS013,KTSS005,KTSS012,KTSS006,KTSS003"
KT2025357,Matthew Brown,05/05/2013,10 Lei Yue Mun,KTPS016,"14,41,77,68,92,21,34","6,32,44,3,37,20,61",APP2025357,"KTSS007,KTSS017,KTSS010,KTSS012,KTSS016,KTSS015,KTSS020,KTSS006,KTSS002,KTSS004,KTSS019,KTSS013,KTSS008,KTSS018,KTSS005,KTSS011,KTSS003,KTSS001,KTSS014,KTSS009"
KT2025358,Mia Lopez,12/20/2013,12 Ngau Tau Kok Rd,KTPS002,"75,45,97,18,99,81,12","41,82,68,49,40,1,51",APP2025358,"KTSS013,KTSS015,KTSS006,KTSS012,KTSS019,KTSS009,KTSS003,KTSS017,KTSS001,KTSS004,KTSS016,KTSS018,KTSS005,KTSS002,KTSS010,KTSS014,KTSS008,KTSS011,KTSS007,KTSS020"
KT2025359,Amelia Hernandez,12/10/2013,6 Tsui Ping Rd,KTPS019,"49,48,87,69,71,68,34","14,88,49,61,40,23,98",APP2025359,"KTSS020,KTSS017,KTSS002,KTSS008,KTSS003,KTSS007,KTSS012,KTSS011,KTSS006,KTSS014,KTSS004,KTSS005,KTSS018,KTSS016,KTSS009,KTSS015,KTSS013,KTSS001,KTSS010,KTSS019"
KT2025360,Daniel Anderson,10/31/2013,38 Kowloon Bay,KTPS010,"9,77,88,60,51,11,8","29,4,63,8,15,62,36",APP2025360,"KTSS007,KTSS020,KTSS006,KTSS019,KTSS016,KTSS010,KTSS017,KTSS005,KTSS003,KTSS002,KTSS012,KTSS018,KTSS009,KTSS014,KTSS004,KTSS013,KTSS011,KTSS008,KTSS015,KTSS001"
KT2025361,Emily Davis,07/22/2013,41 Kowloon Bay,KTPS008,"57,84,55,36,33,98,95","39,91,29,59,94,42,77",APP2025361,"KTSS016,KTSS017,KTSS001,KTSS003,KTSS019,KTSS012,KTSS011,KTSS004,KTSS020,KTSS007,KTSS009,KTSS013,KTSS005,KTSS018,KTSS015,KTSS006,KTSS008,KTSS002,KTSS014,KTSS010"
KT2025362,Matthew Lopez,08/22/2013,41 Kowloon Bay,KTPS011,"8,89,69,38,63,85,93","34,24,29,38,13,61,49",APP2025362,"KTSS017,KTSS008,KTSS002,KTSS003,KTSS018,KTSS014,KTSS019,KTSS001,KTSS007,KTSS006,KTSS015,KTSS004,KTSS010,KTSS013,KTSS020,KTSS012,KTSS011,KTSS016,KTSS005,KTSS009"
KT2025363,Alexander Hernandez,06/30/2013,1 Sau Mau Ping,KTPS003,"0,93,84,43,62,28,36","11,52,9,99,58,76,65",APP2025363,"KTSS008,KTSS019,KTSS016,KTSS006,KTSS017,KTSS001,KTSS015,KTSS012,KTSS020,KTSS007,KTSS002,KTSS013,KTSS009,KTSS010,KTSS014,KTSS018,KTSS005,KTSS011,KTSS004,KTSS003"
KT2025364,Alexander Wilson,09/04/2013,94 Lam Tin Road,KTPS010,"82,79,3,8,7,16,3","78,41,29,16,28,50,38",APP2025364,"KTSS014,KTSS001,KTSS016,KTSS020,KTSS004,KTSS019,KTSS007,KTSS005,KTSS003,KTSS017,KTSS008,KTSS013,KTSS018,KTSS011,KTSS002,KTSS010,KTSS015,KTSS009,KTSS006,KTSS012"
KT2025365,Alexander Thomas,06/25/2013,6 Tsui Ping Rd,KTPS003,"57,80,83,94,98,84,80","66,34,70,51,41,75,84",APP2025365,"KTSS008,KTSS007,KTSS005,KTSS001,KTSS006,KTSS014,KTSS010,KTSS020,KTSS016,KTSS002,KTSS012,KTSS009,KTSS019,KTSS011,KTSS017,KTSS018,KTSS003,KTSS013,KTSS015,KTSS004"
KT2025366,Olivia Garcia,10/04/2013,69 Kwun Tong Rd,KTPS016,"6,59,32,60,46,77,50","21,82,40,47,57,21,84",APP2025366,"KTSS003,KTSS005,KTSS008,KTSS019,KTSS020,KTSS016,KTSS010,KTSS007,KTSS002,KTSS006,KTSS013,KTSS015,KTSS011,KTSS004,KTSS012,KTSS001,KTSS009,KTSS018,KTSS014,KTSS017"
KT2025367,Ethan Lopez,05/09/2013,49 Kowloon Bay,KTPS018,"5,99,9,88,41,97,42","20,99,84,45,89,49,7",APP2025367,"KTSS010,KTSS002,KTSS011,KTSS005,KTSS018,KTSS007,KTSS009,KTSS013,KTSS016,KTSS008,KTSS017,KTSS006,KTSS004,KTSS012,KTSS014,KTSS003,KTSS020,KTSS001,KTSS019,KTSS015"
KT2025368,Matthew Jones,02/22/2013,23 Sau Mau Ping,KTPS015,"80,63,11,39,48,34,55","92,5,6,41,9,87,18",APP2025368,"KTSS017,KTSS020,KTSS014,KTSS005,KTSS001,KTSS006,KTSS019,KTSS011,KTSS008,KTSS012,KTSS013,KTSS004,KTSS018,KTSS007,KTSS010,KTSS016,KTSS003,KTSS015,KTSS009,KTSS002"
KT2025369,John Jackson,01/15/2013,50 Yau Tong Bay,KTPS002,"65,18,62,29,17,48,53","8,15,91,7,12,5,9",APP2025369,"KTSS013,KTSS020,KTSS017,KTSS005,KTSS011,KTSS002,KTSS008,KTSS012,KTSS009,KTSS018,KTSS001,KTSS016,KTSS010,KTSS007,KTSS015,KTSS003,KTSS006,KTSS019,KTSS004,KTSS014"
KT2025370,Harper Taylor,09/03/2013,81 Kwun Tong Rd,KTPS017,"62,18,44,32,10,46,73","11,89,37,7,3,85,57",APP2025370,"KTSS004,KTSS010,KTSS012,KTSS013,KTSS011,KTSS005,KTSS014,KTSS015,KTSS007,KTSS020,KTSS002,KTSS006,KTSS001,KTSS019,KTSS018,KTSS003,KTSS016,KTSS008,KTSS009,KTSS017"
KT2025371,Isabella Smith,02/22/2013,45 Tsui Ping Rd,KTPS015,"53,86,1,24,12,77,80","47,53,37,63,91,40,61",APP2025371,"KTSS004,KTSS018,KTSS006,KTSS005,KTSS014,KTSS011,KTSS007,KTSS020,KTSS010,KTSS017,KTSS009,KTSS015,KTSS003,KTSS013,KTSS016,KTSS012,KTSS001,KTSS019,KTSS002,KTSS008"
KT2025372,Amelia Moore,12/20/2013,16 Lei Yue Mun,KTPS002,"10,31,82,16,97,83,72","25,23,78,67,2,4,79",APP2025372,"KTSS018,KTSS016,KTSS002,KTSS007,KTSS012,KTSS008,KTSS020,KTSS006,KTSS014,KTSS011,KTSS010,KTSS003,KTSS004,KTSS015,KTSS001,KTSS013,KTSS017,KTSS009,KTSS005,KTSS019"
KT2025373,Sarah Williams,11/20/2013,34 Ngau Tau Kok Rd,KTPS014,"51,49,52,70,40,57,20","72,74,42,97,24,46,79",APP2025373,"KTSS007,KTSS005,KTSS002,KTSS018,KTSS006,KTSS014,KTSS010,KTSS020,KTSS015,KTSS008,KTSS001,KTSS017,KTSS012,KTSS013,KTSS009,KTSS003,KTSS011,KTSS004,KTSS019,KTSS016"
KT2025374,Mia Anderson,05/19/2013,27 Kowloon Bay,KTPS004,"82,32,96,14,15,2,28","81,94,13,74,34,28,32",APP2025374,"KTSS017,KTSS019,KTSS018,KTSS007,KTSS001,KTSS009,KTSS003,KTSS020,KTSS014,KTSS010,KTSS005,KTSS008,KTSS012,KTSS006,KTSS002,KTSS016,KTSS013,KTSS004,KTSS015,KTSS011"
KT2025375,Emily Lopez,04/18/2013,72 Kowloon Bay,KTPS014,"32,47,10,63,64,60,15","6,34,83,79,98,64,3",APP2025375,"KTSS003,KTSS008,KTSS011,KTSS010,KTSS016,KTSS007,KTSS018,KTSS015,KTSS012,KTSS013,KTSS005,KTSS009,KTSS006,KTSS002,KTSS001,KTSS014,KTSS004,KTSS019,KTSS017,KTSS020"
KT2025376,Michael Anderson,12/09/2013,6 Tsui Ping Rd,KTPS020,"25,60,95,81,95,18,53","72,25,79,50,25,72,27",APP2025376,"KTSS002,KTSS013,KTSS016,KTSS020,KTSS005,KTSS014,KTSS008,KTSS010,KTSS006,KTSS015,KTSS009,KTSS012,KTSS004,KTSS003,KTSS019,KTSS017,KTSS007,KTSS011,KTSS018,KTSS001"
KT2025377,William Wilson,03/02/2013,10 Kowloon Bay,KTPS008,"92,61,43,40,70,68,17","57,51,80,21,47,3,91",APP2025377,"KTSS008,KTSS020,KTSS002,KTSS004,KTSS005,KTSS001,KTSS011,KTSS007,KTSS009,KTSS003,KTSS006,KTSS017,KTSS015,KTSS012,KTSS018,KTSS010,KTSS013,KTSS019,KTSS016,KTSS014"
KT2025378,James Gonzalez,02/25/2013,10 Lam Tin Road,KTPS020,"40,16,90,37,82,96,4","19,20,45,13,31,56,20",APP2025378,"KTSS010,KTSS007,KTSS015,KTSS018,KTSS002,KTSS016,KTSS011,KTSS008,KTSS012,KTSS001,KTSS017,KTSS014,KTSS009,KTSS013,KTSS020,KTSS006,KTSS004,KTSS003,KTSS019,KTSS005"
KT2025379,William Brown,02/25/2013,39 Tsui Ping Rd,KTPS008,"39,67,41,7,73,23,93","96,56,24,76,50,54,24",APP2025379,"KTSS011,KTSS008,KTSS012,KTSS002,KTSS003,KTSS015,KTSS005,KTSS009,KTSS017,KTSS016,KTSS020,KTSS018,KTSS019,KTSS007,KTSS013,KTSS010,KTSS006,KTSS001,KTSS014,KTSS004"
KT2025380,Harper Smith,03/24/2013,41 Hoi Yuen Road,KTPS006,"38,24,70,4,41,20,92","78,78,84,52,12,72,31",APP2025380,"KTSS017,KTSS007,KTSS014,KTSS011,KTSS004,KTSS015,KTSS020,KTSS016,KTSS003,KTSS002,KTSS010,KTSS018,KTSS009,KTSS008,KTSS012,KTSS001,KTSS005,KTSS006,KTSS013,KTSS019"
KT2025381,David Moore,02/14/2013,76 Kowloon Bay,KTPS007,"56,64,67,38,19,22,7","51,3,2,43,58,15,58",APP2025381,"KTSS019,KTSS020,KTSS014,KTSS005,KTSS015,KTSS002,KTSS012,KTSS016,KTSS008,KTSS004,KTSS001,KTSS018,KTSS017,KTSS013,KTSS006,KTSS007,KTSS009,KTSS011,KTSS010,KTSS003"
KT2025382,Mary Johnson,12/05/2013,24 Kowloon Bay,KTPS017,"83,66,36,45,52,85,50","81,52,27,92,28,11,33",APP2025382,"KTSS015,KTSS014,KTSS009,KTSS011,KTSS006,KTSS003,KTSS019,KTSS018,KTSS012,KTSS005,KTSS002,KTSS013,KTSS004,KTSS008,KTSS010,KTSS016,KTSS007,KTSS020,KTSS001,KTSS017"
KT2025383,Matthew Martin,09/06/2013,92 Kwun Tong Rd,KTPS016,"54,88,47,48,28,5,91","9,71,58,49,71,42,75",APP2025383,"KTSS001,KTSS008,KTSS006,KTSS018,KTSS019,KTSS007,KTSS017,KTSS015,KTSS005,KTSS009,KTSS013,KTSS020,KTSS003,KTSS012,KTSS004,KTSS016,KTSS011,KTSS014,KTSS002,KTSS010"
KT2025384,Michael Johnson,09/27/2013,21 Hoi Yuen Road,KTPS017,"84,84,95,20,95,81,10","91,25,44,69,11,39,64",APP2025384,"KTSS011,KTSS001,KTSS015,KTSS020,KTSS002,KTSS005,KTSS019,KTSS008,KTSS018,KTSS014,KTSS004,KTSS003,KTSS009,KTSS007,KTSS010,KTSS013,KTSS006,KTSS016,KTSS012,KTSS017"
KT2025385,Emily Davis,08/01/2013,59 Yau Tong Bay,KTPS004,"92,88,99,41,0,96,53","17,77,34,97,82,35,77",APP2025385,"KTSS020,KTSS008,KTSS012,KTSS004,KTSS007,KTSS018,KTSS010,KTSS005,KTSS009,KTSS015,KTSS003,KTSS013,KTSS002,KTSS014,KTSS006,KTSS016,KTSS019,KTSS001,KTSS011,KTSS017"
KT2025386,Mia Smith,01/12/2013,14 Ngau Tau Kok Rd,KTPS009,"23,97,80,46,98,95,70","77,99,14,22,62,68,68",APP2025386,"KTSS017,KTSS004,KTSS012,KTSS013,KTSS002,KTSS019,KTSS018,KTSS015,KTSS011,KTSS020,KTSS006,KTSS007,KTSS010,KTSS001,KTSS009,KTSS008,KTSS016,KTSS014,KTSS005,KTSS003"
KT2025387,Harper Thomas,11/09/2013,73 Kwun Tong Bypass,KTPS012,"42,66,40,91,81,75,73","38,52,44,49,72,80,0",APP2025387,"KTSS018,KTSS015,KTSS011,KTSS004,KTSS010,KTSS016,KTSS012,KTSS006,KTSS017,KTSS020,KTSS005,KTSS003,KTSS013,KTSS008,KTSS009,KTSS007,KTSS002,KTSS001,KTSS014,KTSS019"
KT2025388,Mary Miller,02/19/2013,59 Yau Tong Bay,KTPS017,"5,63,79,4,0,52,90","5,9,41,89,86,4,43",APP2025388,"KTSS010,KTSS005,KTSS019,KTSS003,KTSS004,KTSS014,KTSS002,KTSS009,KTSS011,KTSS013,KTSS008,KTSS012,KTSS020,KTSS001,KTSS017,KTSS007,KTSS006,KTSS018,KTSS016,KTSS015"
KT2025389,Mia Taylor,04/12/2013,82 Yau Tong Bay,KTPS008,"39,76,26,70,79,86,30","3,81,82,38,6,8,36",APP2025389,"KTSS014,KTSS004,KTSS012,KTSS005,KTSS015,KTSS016,KTSS001,KTSS018,KTSS011,KTSS017,KTSS020,KTSS008,KTSS007,KTSS002,KTSS003,KTSS009,KTSS019,KTSS006,KTSS010,KTSS013"
KT2025390,David Wilson,08/21/2013,99 Hoi Yuen Road,KTPS016,"39,16,97,16,28,75,95","76,55,31,49,73,98,12",APP2025390,"KTSS014,KTSS007,KTSS008,KTSS015,KTSS013,KTSS017,KTSS019,KTSS012,KTSS005,KTSS004,KTSS009,KTSS002,KTSS001,KTSS020,KTSS018,KTSS016,KTSS010,KTSS003,KTSS006,KTSS011"
KT2025391,William Smith,04/08/2013,71 Kwun Tong Bypass,KTPS019,"55,44,80,38,94,52,59","47,20,27,21,22,98,30",APP2025391,"KTSS013,KTSS004,KTSS012,KTSS006,KTSS016,KTSS010,KTSS002,KTSS020,KTSS017,KTSS009,KTSS008,KTSS003,KTSS011,KTSS019,KTSS014,KTSS015,KTSS018,KTSS007,KTSS005,KTSS001"
KT2025392,Sophia Davis,10/11/2013,74 Kowloon Bay,KTPS018,"2,73,15,80,6,100,41","87,17,75,6,57,7,14",APP2025392,"KTSS019,KTSS001,KTSS005,KTSS007,KTSS015,KTSS020,KTSS014,KTSS010,KTSS017,KTSS008,KTSS002,KTSS011,KTSS012,KTSS013,KTSS003,KTSS004,KTSS018,KTSS016,KTSS009,KTSS006"
KT2025393,Ethan Anderson,09/30/2013,54 Kwun Tong Bypass,KTPS007,"93,61,83,9,29,7,35","72,30,100,81,78,17,45",APP2025393,"KTSS006,KTSS015,KTSS016,KTSS007,KTSS004,KTSS009,KTSS010,KTSS008,KTSS001,KTSS018,KTSS017,KTSS014,KTSS020,KTSS012,KTSS013,KTSS002,KTSS003,KTSS011,KTSS005,KTSS019"
KT2025394,Daniel Jackson,03/23/2013,77 Sau Mau Ping,KTPS003,"81,63,2,91,57,11,44","69,50,65,47,76,31,50",APP2025394,"KTSS018,KTSS007,KTSS017,KTSS013,KTSS010,KTSS019,KTSS014,KTSS012,KTSS011,KTSS006,KTSS001,KTSS020,KTSS005,KTSS016,KTSS004,KTSS008,KTSS015,KTSS009,KTSS002,KTSS003"
KT2025395,James Lopez,11/06/2013,88 Kwun Tong Bypass,KTPS012,"8,28,3,81,57,63,90","40,12,70,70,60,79,0",APP2025395,"KTSS011,KTSS015,KTSS005,KTSS001,KTSS010,KTSS017,KTSS008,KTSS009,KTSS003,KTSS002,KTSS019,KTSS012,KTSS018,KTSS013,KTSS016,KTSS006,KTSS007,KTSS014,KTSS004,KTSS020"
KT2025396,David Taylor,01/25/2013,4 Lei Yue Mun,KTPS016,"66,12,35,95,64,28,12","8,51,71,18,47,26,49",APP2025396,"KTSS014,KTSS013,KTSS002,KTSS009,KTSS003,KTSS001,KTSS008,KTSS018,KTSS019,KTSS020,KTSS005,KTSS006,KTSS010,KTSS012,KTSS016,KTSS015,KTSS007,KTSS017,KTSS004,KTSS011"
KT2025397,William Thomas,05/10/2013,56 Hoi Yuen Road,KTPS016,"59,60,81,39,20,34,81","1,60,38,18,34,10,75",APP2025397,"KTSS013,KTSS003,KTSS011,KTSS012,KTSS001,KTSS006,KTSS019,KTSS017,KTSS009,KTSS002,KTSS016,KTSS007,KTSS005,KTSS018,KTSS014,KTSS004,KTSS020,KTSS008,KTSS010,KTSS015"
KT2025398,Matthew Williams,12/19/2013,46 Ngau Tau Kok Rd,KTPS010,"46,61,41,68,36,70,14","11,97,14,69,46,42,44",APP2025398,"KTSS019,KTSS014,KTSS001,KTSS016,KTSS006,KTSS011,KTSS017,KTSS003,KTSS008,KTSS020,KTSS007,KTSS018,KTSS012,KTSS004,KTSS010,KTSS009,KTSS005,KTSS013,KTSS015,KTSS002"
KT2025399,Charlotte Moore,12/16/2013,16 Kowloon Bay,KTPS008,"62,91,7,93,30,69,53","44,77,34,73,65,49,59",APP2025399,"KTSS008,KTSS002,KTSS001,KTSS017,KTSS011,KTSS005,KTSS016,KTSS012,KTSS020,KTSS009,KTSS010,KTSS003,KTSS014,KTSS013,KTSS015,KTSS019,KTSS004,KTSS007,KTSS018,KTSS006"
KT2025400,Michael Davis,08/29/2013,26 Kowloon Bay,KTPS013,"47,8,80,89,45,53,7","27,28,25,84,62,39,93",APP2025400,"KTSS018,KTSS006,KTSS007,KTSS013,KTSS003,KTSS008,KTSS015,KTSS009,KTSS010,KTSS011,KTSS005,KTSS001,KTSS004,KTSS019,KTSS016,KTSS017,KTSS020,KTSS012,KTSS014,KTSS002"
KT2025401,Olivia Rodriguez,09/26/2013,38 Tsui Ping Rd,KTPS013,"42,88,45,72,37,71,32","15,34,38,83,31,91,47",APP2025401,"KTSS001,KTSS013,KTSS020,KTSS018,KTSS016,KTSS011,KTSS010,KTSS012,KTSS006,KTSS004,KTSS009,KTSS007,KTSS015,KTSS017,KTSS019,KTSS005,KTSS008,KTSS003,KTSS014,KTSS002"
KT2025402,Alexander Hernandez,04/04/2013,96 Lei Yue Mun,KTPS020,"93,2,41,72,72,84,91","28,71,28,89,7,72,26",APP2025402,"KTSS010,KTSS007,KTSS001,KTSS016,KTSS012,KTSS011,KTSS006,KTSS008,KTSS003,KTSS004,KTSS009,KTSS002,KTSS005,KTSS020,KTSS014,KTSS013,KTSS018,KTSS019,KTSS017,KTSS015"
KT2025403,Harper Martinez,11/23/2013,17 Kwun Tong Bypass,KTPS008,"42,74,22,53,32,1,81","53,2,24,49,35,42,21",APP2025403,"KTSS019,KTSS005,KTSS002,KTSS015,KTSS018,KTSS006,KTSS004,KTSS014,KTSS010,KTSS003,KTSS011,KTSS001,KTSS007,KTSS020,KTSS016,KTSS008,KTSS017,KTSS012,KTSS009,KTSS013"
KT2025404,Mia Brown,09/24/2013,33 Tsui Ping Rd,KTPS015,"61,19,60,54,19,99,28","25,36,18,65,72,94,24",APP2025404,"KTSS015,KTSS001,KTSS012,KTSS019,KTSS002,KTSS016,KTSS017,KTSS013,KTSS006,KTSS014,KTSS005,KTSS008,KTSS011,KTSS007,KTSS004,KTSS003,KTSS009,KTSS018,KTSS020,KTSS010"
KT2025405,John Jones,06/17/2013,49 Kwun Tong Bypass,KTPS009,"10,10,58,47,26,19,22","84,21,66,54,71,67,49",APP2025405,"KTSS001,KTSS020,KTSS002,KTSS004,KTSS005,KTSS016,KTSS003,KTSS006,KTSS018,KTSS011,KTSS007,KTSS012,KTSS019,KTSS017,KTSS013,KTSS014,KTSS010,KTSS015,KTSS009,KTSS008"
KT2025406,Ethan Taylor,04/06/2013,97 Lei Yue Mun,KTPS010,"25,3,27,40,37,13,86","19,56,7,20,57,40,51",APP2025406,"KTSS014,KTSS001,KTSS004,KTSS012,KTSS008,KTSS002,KTSS015,KTSS010,KTSS018,KTSS009,KTSS011,KTSS017,KTSS006,KTSS013,KTSS016,KTSS007,KTSS005,KTSS019,KTSS003,KTSS020"
KT2025407,Olivia Garcia,05/17/2013,95 Hoi Yuen Road,KTPS002,"44,27,9,30,82,73,81","79,97,5,73,89,30,23",APP2025407,"KTSS013,KTSS008,KTSS001,KTSS007,KTSS002,KTSS018,KTSS020,KTSS005,KTSS003,KTSS010,KTSS017,KTSS019,KTSS014,KTSS006,KTSS004,KTSS011,KTSS009,KTSS012,KTSS015,KTSS016"
KT2025408,Sarah Thomas,09/18/2013,13 Ngau Tau Kok Rd,KTPS008,"70,76,2,43,98,40,4","73,82,97,32,17,28,48",APP2025408,"KTSS013,KTSS010,KTSS006,KTSS005,KTSS014,KTSS001,KTSS011,KTSS007,KTSS012,KTSS015,KTSS009,KTSS020,KTSS004,KTSS003,KTSS019,KTSS008,KTSS016,KTSS017,KTSS002,KTSS018"
KT2025409,Mia Rodriguez,09/29/2013,26 Kwun Tong Rd,KTPS018,"17,68,16,34,93,63,6","41,20,43,21,97,14,77",APP2025409,"KTSS001,KTSS020,KTSS014,KTSS013,KTSS006,KTSS008,KTSS015,KTSS011,KTSS016,KTSS007,KTSS019,KTSS003,KTSS002,KTSS004,KTSS012,KTSS010,KTSS005,KTSS017,KTSS018,KTSS009"
KT2025410,Harper Johnson,05/13/2013,43 Kowloon Bay,KTPS014,"32,88,91,93,73,61,72","71,9,91,57,24,40,91",APP2025410,"KTSS006,KTSS013,KTSS009,KTSS002,KTSS014,KTSS008,KTSS001,KTSS012,KTSS015,KTSS020,KTSS011,KTSS004,KTSS010,KTSS016,KTSS003,KTSS018,KTSS019,KTSS017,KTSS005,KTSS007"
KT2025411,Mary Brown,08/20/2013,13 Yau Tong Bay,KTPS008,"21,65,43,60,50,2,3","60,89,61,81,16,63,94",APP2025411,"KTSS006,KTSS016,KTSS018,KTSS013,KTSS008,KTSS019,KTSS015,KTSS002,KTSS009,KTSS004,KTSS014,KTSS003,KTSS012,KTSS001,KTSS017,KTSS020,KTSS005,KTSS007,KTSS010,KTSS011"
KT2025412,Sarah Gonzalez,12/22/2013,60 Ngau Tau Kok Rd,KTPS019,"80,12,49,97,18,68,19","72,14,96,78,6,42,86",APP2025412,"KTSS014,KTSS009,KTSS013,KTSS011,KTSS003,KTSS002,KTSS017,KTSS010,KTSS016,KTSS006,KTSS020,KTSS007,KTSS015,KTSS005,KTSS001,KTSS012,KTSS019,KTSS008,KTSS018,KTSS004"
KT2025413,Michael Jackson,11/26/2013,3 Lei Yue Mun,KTPS013,"51,17,12,39,73,10,99","91,74,41,87,75,46,62",APP2025413,"KTSS002,KTSS017,KTSS007,KTSS003,KTSS009,KTSS018,KTSS012,KTSS011,KTSS014,KTSS004,KTSS013,KTSS010,KTSS001,KTSS005,KTSS016,KTSS008,KTSS020,KTSS006,KTSS015,KTSS019"
KT2025414,Benjamin Anderson,06/17/2013,46 Yau Tong Bay,KTPS017,"30,91,8,49,68,16,82","23,0,92,48,8,60,58",APP2025414,"KTSS011,KTSS003,KTSS008,KTSS018,KTSS012,KTSS017,KTSS019,KTSS007,KTSS001,KTSS010,KTSS009,KTSS013,KTSS014,KTSS002,KTSS006,KTSS004,KTSS016,KTSS015,KTSS005,KTSS020"
KT2025415,Charlotte Brown,01/07/2013,40 Yau Tong Bay,KTPS004,"40,1,51,71,90,60,43","47,8,38,6,12,17,71",APP2025415,"KTSS009,KTSS020,KTSS002,KTSS016,KTSS010,KTSS004,KTSS006,KTSS017,KTSS007,KTSS011,KTSS013,KTSS001,KTSS014,KTSS008,KTSS019,KTSS012,KTSS015,KTSS003,KTSS018,KTSS005"
KT2025416,Matthew Moore,02/10/2013,58 Lam Tin Road,KTPS007,"67,100,70,7,77,13,3","4,96,51,92,51,96,92",APP2025416,"KTSS004,KTSS013,KTSS012,KTSS014,KTSS003,KTSS018,KTSS011,KTSS016,KTSS007,KTSS010,KTSS020,KTSS008,KTSS009,KTSS019,KTSS017,KTSS002,KTSS006,KTSS005,KTSS001,KTSS015"
KT2025417,Sarah Davis,06/03/2013,29 Lam Tin Road,KTPS002,"67,6,2,4,35,30,96","99,2,51,44,74,69,70",APP2025417,"KTSS008,KTSS015,KTSS010,KTSS019,KTSS017,KTSS009,KTSS020,KTSS006,KTSS014,KTSS002,KTSS011,KTSS001,KTSS013,KTSS012,KTSS004,KTSS018,KTSS016,KTSS005,KTSS007,KTSS003"
KT2025418,Sarah Jackson,07/23/2013,1 Ngau Tau Kok Rd,KTPS004,"66,88,29,41,15,17,4","73,66,89,49,22,81,71",APP2025418,"KTSS007,KTSS004,KTSS013,KTSS002,KTSS017,KTSS016,KTSS015,KTSS010,KTSS006,KTSS020,KTSS014,KTSS001,KTSS005,KTSS012,KTSS011,KTSS019,KTSS008,KTSS003,KTSS018,KTSS009"
KT2025419,David Wilson,07/19/2013,51 Lam Tin Road,KTPS002,"29,58,10,100,17,14,51","30,75,32,26,41,33,66",APP2025419,"KTSS001,KTSS020,KTSS002,KTSS008,KTSS012,KTSS014,KTSS004,KTSS006,KTSS011,KTSS013,KTSS019,KTSS015,KTSS018,KTSS017,KTSS003,KTSS010,KTSS009,KTSS005,KTSS007,KTSS016"
KT2025420,Mary Moore,10/13/2013,88 Lei Yue Mun,KTPS010,"100,15,93,76,30,96,60","89,54,35,9,68,12,81",APP2025420,"KTSS008,KTSS006,KTSS001,KTSS014,KTSS009,KTSS017,KTSS019,KTSS013,KTSS002,KTSS016,KTSS003,KTSS012,KTSS005,KTSS020,KTSS018,KTSS011,KTSS010,KTSS004,KTSS015,KTSS007"
KT2025421,Emily Jackson,12/02/2013,69 Hoi Yuen Road,KTPS017,"67,4,8,67,63,91,15","96,29,4,99,30,21,78",APP2025421,"KTSS011,KTSS015,KTSS018,KTSS008,KTSS013,KTSS017,KTSS001,KTSS006,KTSS019,KTSS012,KTSS003,KTSS002,KTSS004,KTSS016,KTSS020,KTSS007,KTSS005,KTSS009,KTSS014,KTSS010"
KT2025422,Sarah Anderson,05/24/2013,100 Yau Tong Bay,KTPS009,"74,4,39,13,89,49,10","60,72,5,37,4,97,91",APP2025422,"KTSS006,KTSS017,KTSS002,KTSS009,KTSS005,KTSS014,KTSS007,KTSS019,KTSS013,KTSS008,KTSS012,KTSS004,KTSS011,KTSS010,KTSS001,KTSS015,KTSS020,KTSS003,KTSS018,KTSS016"
KT2025423,Daniel Martin,04/30/2013,38 Sau Mau Ping,KTPS002,"14,68,41,82,88,38,19","64,32,64,86,37,28,12",APP2025423,"KTSS003,KTSS006,KTSS007,KTSS002,KTSS008,KTSS011,KTSS001,KTSS005,KTSS009,KTSS012,KTSS019,KTSS004,KTSS015,KTSS018,KTSS013,KTSS014,KTSS017,KTSS020,KTSS016,KTSS010"
KT2025424,Charlotte Martinez,12/24/2013,26 Tsui Ping Rd,KTPS015,"27,1,75,91,94,50,64","77,75,31,97,94,32,79",APP2025424,"KTSS009,KTSS016,KTSS010,KTSS020,KTSS008,KTSS014,KTSS015,KTSS005,KTSS013,KTSS018,KTSS004,KTSS011,KTSS001,KTSS002,KTSS019,KTSS003,KTSS012,KTSS007,KTSS006,KTSS017"
KT2025425,Amelia Moore,10/08/2013,78 Ngau Tau Kok Rd,KTPS006,"40,26,59,9,30,11,16","7,11,94,2,98,99,4",APP2025425,"KTSS008,KTSS006,KTSS016,KTSS007,KTSS005,KTSS004,KTSS002,KTSS017,KTSS015,KTSS011,KTSS013,KTSS014,KTSS020,KTSS019,KTSS012,KTSS003,KTSS018,KTSS010,KTSS001,KTSS009"
KT2025426,Harper Gonzalez,07/21/2013,91 Kowloon Bay,KTPS006,"74,23,35,32,39,3,5","19,88,53,34,64,96,20",APP2025426,"KTSS007,KTSS001,KTSS015,KTSS017,KTSS014,KTSS013,KTSS006,KTSS002,KTSS003,KTSS019,KTSS012,KTSS008,KTSS005,KTSS011,KTSS018,KTSS020,KTSS009,KTSS010,KTSS004,KTSS016"
KT2025427,Michael Smith,02/10/2013,81 Kwun Tong Rd,KTPS017,"9,88,9,93,26,78,21","3,86,60,56,58,42,36",APP2025427,"KTSS014,KTSS013,KTSS009,KTSS005,KTSS018,KTSS006,KTSS011,KTSS007,KTSS017,KTSS003,KTSS004,KTSS008,KTSS002,KTSS016,KTSS010,KTSS019,KTSS020,KTSS001,KTSS015,KTSS012"
KT2025428,Michael Garcia,04/09/2013,87 Kowloon Bay,KTPS016,"44,2,95,83,17,37,80","90,23,56,69,95,94,33",APP2025428,"KTSS018,KTSS005,KTSS009,KTSS008,KTSS002,KTSS012,KTSS014,KTSS016,KTSS019,KTSS006,KTSS017,KTSS004,KTSS011,KTSS013,KTSS020,KTSS001,KTSS003,KTSS015,KTSS007,KTSS010"
KT2025429,Michael Thomas,03/05/2013,30 Ngau Tau Kok Rd,KTPS020,"94,96,20,83,40,40,46","31,44,24,49,79,96,56",APP2025429,"KTSS001,KTSS006,KTSS019,KTSS016,KTSS013,KTSS003,KTSS017,KTSS008,KTSS018,KTSS004,KTSS020,KTSS015,KTSS005,KTSS009,KTSS011,KTSS010,KTSS007,KTSS012,KTSS014,KTSS002"
KT2025430,Isabella Thomas,06/08/2013,49 Kowloon Bay,KTPS007,"61,13,95,49,88,0,8","71,35,25,86,82,95,25",APP2025430,"KTSS019,KTSS020,KTSS012,KTSS005,KTSS002,KTSS015,KTSS018,KTSS017,KTSS003,KTSS010,KTSS011,KTSS009,KTSS007,KTSS001,KTSS013,KTSS014,KTSS016,KTSS006,KTSS004,KTSS008"
KT2025431,Amelia Rodriguez,07/12/2013,29 Lei Yue Mun,KTPS009,"38,44,65,49,62,49,100","66,34,65,47,37,93,86",APP2025431,"KTSS003,KTSS015,KTSS001,KTSS018,KTSS004,KTSS009,KTSS002,KTSS006,KTSS011,KTSS008,KTSS012,KTSS005,KTSS016,KTSS010,KTSS007,KTSS013,KTSS017,KTSS014,KTSS019,KTSS020"
KT2025432,David Johnson,09/10/2013,87 Tsui Ping Rd,KTPS018,"95,5,64,53,14,44,58","65,85,12,92,34,5,20",APP2025432,"KTSS002,KTSS004,KTSS008,KTSS012,KTSS003,KTSS007,KTSS006,KTSS016,KTSS010,KTSS019,KTSS005,KTSS011,KTSS018,KTSS013,KTSS001,KTSS009,KTSS014,KTSS015,KTSS020,KTSS017"
KT2025433,Charlotte Miller,06/06/2013,47 Kwun Tong Rd,KTPS017,"75,98,14,66,25,98,93","46,25,49,87,83,6,21",APP2025433,"KTSS018,KTSS006,KTSS008,KTSS015,KTSS017,KTSS010,KTSS002,KTSS007,KTSS013,KTSS003,KTSS019,KTSS005,KTSS014,KTSS004,KTSS012,KTSS016,KTSS020,KTSS011,KTSS009,KTSS001"
KT2025434,Michael Jones,02/14/2013,36 Tsui Ping Rd,KTPS002,"23,60,19,9,13,26,49","75,87,42,66,94,88,95",APP2025434,"KTSS004,KTSS001,KTSS012,KTSS011,KTSS005,KTSS018,KTSS016,KTSS020,KTSS017,KTSS008,KTSS010,KTSS014,KTSS015,KTSS009,KTSS007,KTSS013,KTSS006,KTSS003,KTSS019,KTSS002"
KT2025435,Mia Rodriguez,02/11/2013,96 Ngau Tau Kok Rd,KTPS007,"8,81,12,43,11,82,65","1,18,1,42,17,15,98",APP2025435,"KTSS007,KTSS011,KTSS012,KTSS001,KTSS016,KTSS009,KTSS018,KTSS003,KTSS015,KTSS002,KTSS006,KTSS013,KTSS014,KTSS019,KTSS008,KTSS004,KTSS005,KTSS017,KTSS010,KTSS020"
KT2025436,Sophia Taylor,12/11/2013,27 Kowloon Bay,KTPS014,"31,75,46,48,93,93,78","15,76,55,35,60,44,51",APP2025436,"KTSS020,KTSS010,KTSS003,KTSS016,KTSS013,KTSS001,KTSS004,KTSS006,KTSS012,KTSS011,KTSS018,KTSS014,KTSS009,KTSS008,KTSS002,KTSS017,KTSS015,KTSS005,KTSS019,KTSS007"
KT2025437,William Lopez,10/20/2013,41 Yau Tong Bay,KTPS007,"16,88,3,37,47,19,56","89,60,52,94,10,51,5",APP2025437,"KTSS001,KTSS013,KTSS015,KTSS020,KTSS011,KTSS017,KTSS019,KTSS007,KTSS003,KTSS009,KTSS014,KTSS002,KTSS016,KTSS008,KTSS006,KTSS005,KTSS004,KTSS018,KTSS012,KTSS010"
KT2025438,Sarah Wilson,08/02/2013,4 Yau Tong Bay,KTPS014,"93,51,48,32,12,57,87","44,78,18,36,13,100,55",APP2025438,"KTSS004,KTSS015,KTSS019,KTSS006,KTSS018,KTSS002,KTSS008,KTSS005,KTSS016,KTSS007,KTSS012,KTSS003,KTSS011,KTSS001,KTSS013,KTSS014,KTSS017,KTSS010,KTSS009,KTSS020"
KT2025439,Ethan Thomas,04/16/2013,71 Lei Yue Mun,KTPS004,"36,90,35,43,88,76,30","62,22,85,72,96,76,55",APP2025439,"KTSS011,KTSS005,KTSS018,KTSS004,KTSS012,KTSS014,KTSS016,KTSS020,KTSS009,KTSS006,KTSS017,KTSS019,KTSS008,KTSS001,KTSS010,KTSS002,KTSS003,KTSS013,KTSS015,KTSS007"
KT2025440,Mia Martinez,02/20/2013,89 Sau Mau Ping,KTPS016,"99,30,35,21,52,30,35","39,98,75,4,87,47,68",APP2025440,"KTSS001,KTSS012,KTSS009,KTSS007,KTSS006,KTSS019,KTSS016,KTSS003,KTSS004,KTSS015,KTSS013,KTSS005,KTSS008,KTSS014,KTSS018,KTSS017,KTSS011,KTSS010,KTSS020,KTSS002"
KT2025441,David Smith,03/29/2013,1 Yau Tong Bay,KTPS004,"100,26,7,94,73,56,63","29,81,21,16,77,37,5",APP2025441,"KTSS008,KTSS015,KTSS011,KTSS018,KTSS002,KTSS016,KTSS006,KTSS004,KTSS017,KTSS001,KTSS014,KTSS005,KTSS009,KTSS003,KTSS007,KTSS020,KTSS010,KTSS012,KTSS019,KTSS013"
KT2025442,Sarah Moore,11/28/2013,71 Kwun Tong Bypass,KTPS005,"93,82,23,67,19,81,44","84,71,48,47,84,93,8",APP2025442,"KTSS016,KTSS003,KTSS013,KTSS011,KTSS012,KTSS001,KTSS015,KTSS007,KTSS018,KTSS014,KTSS019,KTSS009,KTSS017,KTSS004,KTSS006,KTSS020,KTSS010,KTSS002,KTSS005,KTSS008"
KT2025443,David Jackson,07/30/2013,91 Kowloon Bay,KTPS001,"23,48,91,12,82,50,70","15,65,32,85,62,41,55",APP2025443,"KTSS009,KTSS017,KTSS003,KTSS015,KTSS014,KTSS006,KTSS008,KTSS001,KTSS007,KTSS012,KTSS020,KTSS005,KTSS016,KTSS013,KTSS004,KTSS011,KTSS019,KTSS002,KTSS010,KTSS018"
KT2025444,Matthew Taylor,12/21/2013,90 Ngau Tau Kok Rd,KTPS012,"58,85,46,12,3,52,32","85,56,89,32,43,100,81",APP2025444,"KTSS010,KTSS005,KTSS020,KTSS009,KTSS006,KTSS002,KTSS019,KTSS016,KTSS017,KTSS014,KTSS013,KTSS004,KTSS008,KTSS011,KTSS007,KTSS015,KTSS003,KTSS018,KTSS001,KTSS012"
KT2025445,Isabella Wilson,06/25/2013,44 Tsui Ping Rd,KTPS009,"47,56,61,16,34,14,21","20,33,85,60,28,32,15",APP2025445,"KTSS013,KTSS006,KTSS004,KTSS009,KTSS002,KTSS015,KTSS012,KTSS019,KTSS010,KTSS005,KTSS001,KTSS017,KTSS020,KTSS014,KTSS008,KTSS016,KTSS007,KTSS011,KTSS018,KTSS003"
KT2025446,Benjamin Rodriguez,02/27/2013,65 Sau Mau Ping,KTPS008,"14,92,30,61,58,16,98","80,14,63,45,48,64,49",APP2025446,"KTSS014,KTSS019,KTSS008,KTSS018,KTSS001,KTSS011,KTSS013,KTSS015,KTSS005,KTSS010,KTSS003,KTSS006,KTSS004,KTSS016,KTSS002,KTSS017,KTSS020,KTSS007,KTSS009,KTSS012"
KT2025447,Sophia Anderson,01/25/2013,12 Ngau Tau Kok Rd,KTPS013,"37,31,80,56,45,53,66","31,13,14,56,63,6,17",APP2025447,"KTSS020,KTSS010,KTSS016,KTSS005,KTSS009,KTSS004,KTSS001,KTSS018,KTSS003,KTSS006,KTSS008,KTSS014,KTSS011,KTSS012,KTSS007,KTSS019,KTSS013,KTSS002,KTSS017,KTSS015"
KT2025448,Matthew Smith,12/06/2013,34 Kowloon Bay,KTPS007,"70,17,27,63,19,69,36","28,99,91,78,92,1,53",APP2025448,"KTSS001,KTSS011,KTSS006,KTSS008,KTSS002,KTSS020,KTSS018,KTSS019,KTSS015,KTSS004,KTSS007,KTSS012,KTSS010,KTSS009,KTSS005,KTSS014,KTSS003,KTSS017,KTSS016,KTSS013"
KT2025449,Daniel Gonzalez,07/13/2013,17 Ngau Tau Kok Rd,KTPS013,"9,81,44,21,51,33,32","28,28,72,1,26,2,49",APP2025449,"KTSS002,KTSS009,KTSS020,KTSS013,KTSS003,KTSS017,KTSS006,KTSS019,KTSS014,KTSS001,KTSS004,KTSS010,KTSS012,KTSS018,KTSS008,KTSS016,KTSS007,KTSS011,KTSS005,KTSS015"
KT2025450,Olivia Moore,06/01/2013,69 Hoi Yuen Road,KTPS005,"97,65,93,91,77,87,69","10,1,20,43,38,1,71",APP2025450,"KTSS019,KTSS007,KTSS003,KTSS017,KTSS002,KTSS018,KTSS016,KTSS004,KTSS012,KTSS010,KTSS020,KTSS001,KTSS015,KTSS011,KTSS014,KTSS008,KTSS006,KTSS009,KTSS005,KTSS013"
KT2025451,Mary Martin,10/28/2013,57 Lei Yue Mun,KTPS001,"83,94,79,86,88,21,68","89,59,9,39,8,41,45",APP2025451,"KTSS017,KTSS003,KTSS019,KTSS001,KTSS014,KTSS004,KTSS008,KTSS009,KTSS005,KTSS002,KTSS013,KTSS020,KTSS007,KTSS012,KTSS006,KTSS018,KTSS016,KTSS010,KTSS011,KTSS015"
KT2025452,William Smith,04/25/2013,12 Ngau Tau Kok Rd,KTPS002,"8,60,100,17,11,21,26","5,1,51,32,14,35,27",APP2025452,"KTSS003,KTSS007,KTSS011,KTSS004,KTSS008,KTSS013,KTSS019,KTSS009,KTSS018,KTSS005,KTSS015,KTSS020,KTSS010,KTSS001,KTSS016,KTSS014,KTSS017,KTSS006,KTSS012,KTSS002"
KT2025453,Mia Smith,07/24/2013,45 Lam Tin Road,KTPS018,"5,35,15,99,36,31,66","2,1,96,20,9,13,29",APP2025453,"KTSS008,KTSS019,KTSS013,KTSS009,KTSS016,KTSS005,KTSS017,KTSS020,KTSS007,KTSS003,KTSS004,KTSS018,KTSS011,KTSS006,KTSS015,KTSS012,KTSS001,KTSS002,KTSS014,KTSS010"
KT2025454,Charlotte Taylor,11/12/2013,29 Kwun Tong Rd,KTPS010,"49,20,93,58,17,96,39","32,93,0,30,82,2,63",APP2025454,"KTSS015,KTSS011,KTSS009,KTSS014,KTSS002,KTSS017,KTSS020,KTSS005,KTSS016,KTSS001,KTSS010,KTSS013,KTSS006,KTSS004,KTSS003,KTSS019,KTSS008,KTSS012,KTSS018,KTSS007"
KT2025455,Benjamin Garcia,07/21/2013,32 Sau Mau Ping,KTPS007,"17,20,62,14,99,81,15","7,57,55,53,44,86,63",APP2025455,"KTSS007,KTSS004,KTSS016,KTSS001,KTSS010,KTSS005,KTSS011,KTSS020,KTSS015,KTSS006,KTSS013,KTSS012,KTSS018,KTSS008,KTSS017,KTSS002,KTSS003,KTSS009,KTSS019,KTSS014"
KT2025456,Mia Lopez,09/07/2013,29 Kowloon Bay,KTPS009,"1,11,86,18,7,88,33","49,8,34,90,98,87,83",APP2025456,"KTSS012,KTSS019,KTSS015,KTSS005,KTSS017,KTSS003,KTSS016,KTSS018,KTSS008,KTSS020,KTSS004,KTSS002,KTSS006,KTSS009,KTSS010,KTSS011,KTSS014,KTSS001,KTSS007,KTSS013"
KT2025457,James Jones,10/21/2013,90 Sau Mau Ping,KTPS008,"83,89,60,53,75,60,96","9,59,37,25,42,19,95",APP2025457,"KTSS020,KTSS006,KTSS019,KTSS007,KTSS012,KTSS016,KTSS004,KTSS018,KTSS002,KTSS001,KTSS014,KTSS005,KTSS009,KTSS011,KTSS015,KTSS010,KTSS008,KTSS017,KTSS013,KTSS003"
KT2025458,David Smith,06/19/2013,43 Kwun Tong Rd,KTPS020,"41,93,41,6,98,53,68","20,61,40,60,54,1,42",APP2025458,"KTSS003,KTSS009,KTSS012,KTSS008,KTSS015,KTSS020,KTSS006,KTSS002,KTSS017,KTSS013,KTSS014,KTSS011,KTSS005,KTSS004,KTSS007,KTSS019,KTSS001,KTSS016,KTSS018,KTSS010"
KT2025459,William Miller,06/18/2013,17 Lam Tin Road,KTPS012,"75,38,25,56,23,25,25","48,53,1,31,45,11,97",APP2025459,"KTSS003,KTSS017,KTSS004,KTSS006,KTSS007,KTSS011,KTSS009,KTSS002,KTSS013,KTSS020,KTSS018,KTSS012,KTSS001,KTSS005,KTSS008,KTSS010,KTSS014,KTSS019,KTSS015,KTSS016"
KT2025460,Sarah Wilson,03/10/2013,19 Hoi Yuen Road,KTPS016,"32,49,77,71,24,53,69","2,87,29,1,81,52,100",APP2025460,"KTSS014,KTSS001,KTSS020,KTSS012,KTSS013,KTSS008,KTSS005,KTSS018,KTSS015,KTSS009,KTSS016,KTSS004,KTSS007,KTSS011,KTSS017,KTSS002,KTSS003,KTSS019,KTSS010,KTSS006"
KT2025461,Ethan Johnson,09/08/2013,96 Lam Tin Road,KTPS003,"95,68,32,71,11,80,2","0,67,44,85,68,53,46",APP2025461,"KTSS009,KTSS013,KTSS007,KTSS011,KTSS019,KTSS017,KTSS010,KTSS006,KTSS005,KTSS002,KTSS008,KTSS015,KTSS003,KTSS016,KTSS001,KTSS014,KTSS012,KTSS018,KTSS020,KTSS004"
KT2025462,Sarah Gonzalez,06/13/2013,100 Kowloon Bay,KTPS010,"60,55,36,41,74,20,82","21,49,50,79,34,75,92",APP2025462,"KTSS003,KTSS015,KTSS004,KTSS001,KTSS002,KTSS016,KTSS006,KTSS008,KTSS020,KTSS018,KTSS014,KTSS012,KTSS007,KTSS009,KTSS005,KTSS019,KTSS011,KTSS017,KTSS010,KTSS013"
KT2025463,Matthew Lopez,09/28/2013,65 Lam Tin Road,KTPS009,"9,94,38,45,97,43,66","22,55,26,90,87,64,5",APP2025463,"KTSS019,KTSS006,KTSS014,KTSS003,KTSS015,KTSS013,KTSS005,KTSS018,KTSS012,KTSS008,KTSS004,KTSS007,KTSS009,KTSS016,KTSS001,KTSS010,KTSS011,KTSS002,KTSS020,KTSS017"
KT2025464,Isabella Davis,06/25/2013,29 Tsui Ping Rd,KTPS009,"45,6,34,4,56,33,33","28,94,67,72,15,12,72",APP2025464,"KTSS019,KTSS003,KTSS016,KTSS011,KTSS001,KTSS009,KTSS005,KTSS017,KTSS018,KTSS012,KTSS006,KTSS010,KTSS013,KTSS002,KTSS007,KTSS015,KTSS020,KTSS004,KTSS008,KTSS014"
KT2025465,Daniel Williams,12/29/2013,36 Yau Tong Bay,KTPS010,"91,63,58,93,21,43,66","100,99,92,12,0,8,61",APP2025465,"KTSS020,KTSS018,KTSS019,KTSS016,KTSS010,KTSS007,KTSS001,KTSS004,KTSS017,KTSS003,KTSS011,KTSS015,KTSS005,KTSS008,KTSS013,KTSS006,KTSS012,KTSS014,KTSS002,KTSS009"
KT2025466,Olivia Anderson,06/23/2013,44 Yau Tong Bay,KTPS020,"21,13,71,12,29,13,68","73,79,63,43,66,19,20",APP2025466,"KTSS014,KTSS001,KTSS006,KTSS003,KTSS016,KTSS015,KTSS011,KTSS017,KTSS005,KTSS020,KTSS019,KTSS004,KTSS013,KTSS009,KTSS012,KTSS007,KTSS002,KTSS010,KTSS018,KTSS008"
KT2025467,David Jackson,04/05/2013,27 Lam Tin Road,KTPS002,"96,81,55,44,91,51,20","71,55,50,55,82,5,31",APP2025467,"KTSS017,KTSS013,KTSS007,KTSS010,KTSS006,KTSS005,KTSS015,KTSS001,KTSS009,KTSS002,KTSS014,KTSS018,KTSS011,KTSS019,KTSS016,KTSS003,KTSS008,KTSS012,KTSS004,KTSS020"
KT2025468,Sophia Rodriguez,01/25/2013,24 Kwun Tong Bypass,KTPS020,"50,78,1,82,78,34,17","0,26,74,15,90,52,5",APP2025468,"KTSS019,KTSS018,KTSS016,KTSS003,KTSS010,KTSS007,KTSS012,KTSS006,KTSS008,KTSS017,KTSS020,KTSS002,KTSS011,KTSS014,KTSS009,KTSS013,KTSS004,KTSS015,KTSS001,KTSS005"
KT2025469,Sophia Rodriguez,10/15/2013,47 Tsui Ping Rd,KTPS001,"98,68,69,91,24,1,44","38,32,41,77,60,8,45",APP2025469,"KTSS004,KTSS020,KTSS008,KTSS002,KTSS006,KTSS011,KTSS012,KTSS014,KTSS007,KTSS019,KTSS009,KTSS015,KTSS017,KTSS013,KTSS003,KTSS001,KTSS018,KTSS005,KTSS016,KTSS010"
KT2025470,Michael Jackson,07/09/2013,36 Tsui Ping Rd,KTPS002,"20,56,36,52,86,26,17","17,37,44,5,22,100,20",APP2025470,"KTSS015,KTSS002,KTSS010,KTSS009,KTSS020,KTSS014,KTSS016,KTSS012,KTSS017,KTSS007,KTSS019,KTSS018,KTSS008,KTSS006,KTSS003,KTSS005,KTSS013,KTSS001,KTSS004,KTSS011"
KT2025471,Olivia Martinez,03/25/2013,1 Hoi Yuen Road,KTPS009,"87,42,18,6,39,3,81","14,42,84,42,71,51,19",APP2025471,"KTSS002,KTSS017,KTSS013,KTSS016,KTSS005,KTSS006,KTSS019,KTSS008,KTSS007,KTSS014,KTSS020,KTSS018,KTSS001,KTSS003,KTSS012,KTSS015,KTSS004,KTSS009,KTSS010,KTSS011"
KT2025472,Matthew Rodriguez,09/05/2013,52 Hoi Yuen Road,KTPS020,"96,11,69,13,83,73,72","22,12,35,51,21,11,54",APP2025472,"KTSS004,KTSS008,KTSS015,KTSS003,KTSS002,KTSS005,KTSS019,KTSS013,KTSS001,KTSS006,KTSS017,KTSS012,KTSS009,KTSS010,KTSS018,KTSS020,KTSS007,KTSS016,KTSS011,KTSS014"
KT2025473,Michael Smith,08/17/2013,40 Sau Mau Ping,KTPS014,"68,67,69,19,100,4,27","72,67,51,18,5,73,100",APP2025473,"KTSS002,KTSS008,KTSS003,KTSS014,KTSS009,KTSS011,KTSS007,KTSS010,KTSS006,KTSS015,KTSS018,KTSS016,KTSS004,KTSS005,KTSS013,KTSS019,KTSS020,KTSS012,KTSS017,KTSS001"
KT2025474,Mary Williams,02/18/2013,77 Sau Mau Ping,KTPS017,"90,36,85,73,30,79,54","65,22,79,11,18,36,81",APP2025474,"KTSS012,KTSS019,KTSS013,KTSS017,KTSS018,KTSS015,KTSS005,KTSS003,KTSS002,KTSS001,KTSS010,KTSS008,KTSS020,KTSS007,KTSS006,KTSS011,KTSS004,KTSS014,KTSS016,KTSS009"
KT2025475,Benjamin Miller,05/07/2013,50 Ngau Tau Kok Rd,KTPS014,"62,66,64,24,86,57,38","82,5,22,77,53,66,68",APP2025475,"KTSS012,KTSS020,KTSS016,KTSS014,KTSS002,KTSS019,KTSS008,KTSS004,KTSS015,KTSS013,KTSS017,KTSS010,KTSS009,KTSS005,KTSS003,KTSS011,KTSS001,KTSS018,KTSS007,KTSS006"
KT2025476,David Jones,09/04/2013,22 Sau Mau Ping,KTPS009,"33,43,14,64,38,92,71","15,79,32,56,60,11,12",APP2025476,"KTSS015,KTSS006,KTSS009,KTSS011,KTSS014,KTSS019,KTSS016,KTSS018,KTSS005,KTSS012,KTSS004,KTSS013,KTSS001,KTSS010,KTSS002,KTSS017,KTSS007,KTSS008,KTSS003,KTSS020"
KT2025477,Ethan Martin,11/20/2013,65 Kowloon Bay,KTPS001,"28,2,16,47,60,51,64","46,27,63,73,41,66,5",APP2025477,"KTSS016,KTSS013,KTSS018,KTSS007,KTSS017,KTSS005,KTSS006,KTSS002,KTSS012,KTSS011,KTSS019,KTSS001,KTSS010,KTSS004,KTSS015,KTSS008,KTSS009,KTSS020,KTSS003,KTSS014"
KT2025478,Harper Gonzalez,10/13/2013,29 Hoi Yuen Road,KTPS012,"36,28,30,52,58,75,57","25,75,54,33,7,7,57",APP2025478,"KTSS001,KTSS006,KTSS018,KTSS014,KTSS020,KTSS012,KTSS010,KTSS009,KTSS002,KTSS003,KTSS005,KTSS004,KTSS013,KTSS017,KTSS016,KTSS015,KTSS019,KTSS008,KTSS007,KTSS011"
KT2025479,Michael Davis,09/05/2013,75 Sau Mau Ping,KTPS014,"81,68,36,72,27,64,29","81,81,80,30,98,54,28",APP2025479,"KTSS014,KTSS009,KTSS018,KTSS010,KTSS011,KTSS017,KTSS016,KTSS001,KTSS013,KTSS019,KTSS012,KTSS008,KTSS020,KTSS015,KTSS004,KTSS007,KTSS005,KTSS002,KTSS006,KTSS003"
KT2025480,Daniel Martinez,12/03/2013,75 Hoi Yuen Road,KTPS001,"62,67,14,73,6,27,57","41,54,15,47,34,32,5",APP2025480,"KTSS003,KTSS012,KTSS013,KTSS011,KTSS002,KTSS009,KTSS007,KTSS010,KTSS001,KTSS016,KTSS019,KTSS014,KTSS018,KTSS006,KTSS015,KTSS017,KTSS020,KTSS004,KTSS005,KTSS008"
KT2025481,Ethan Miller,11/18/2013,24 Kwun Tong Rd,KTPS007,"86,24,70,58,67,42,68","76,8,35,37,62,46,5",APP2025481,"KTSS005,KTSS010,KTSS009,KTSS013,KTSS014,KTSS018,KTSS008,KTSS006,KTSS019,KTSS015,KTSS016,KTSS001,KTSS007,KTSS002,KTSS004,KTSS020,KTSS011,KTSS003,KTSS012,KTSS017"
KT2025482,Ethan Martin,09/08/2013,31 Lam Tin Road,KTPS019,"0,40,63,63,17,50,72","35,39,68,71,15,9,73",APP2025482,"KTSS008,KTSS017,KTSS003,KTSS007,KTSS013,KTSS020,KTSS015,KTSS019,KTSS012,KTSS006,KTSS018,KTSS016,KTSS009,KTSS005,KTSS002,KTSS011,KTSS004,KTSS001,KTSS014,KTSS010"
KT2025483,Benjamin Taylor,07/17/2013,24 Tsui Ping Rd,KTPS009,"27,26,90,54,75,84,39","17,0,79,14,97,61,33",APP2025483,"KTSS017,KTSS007,KTSS010,KTSS011,KTSS009,KTSS013,KTSS003,KTSS001,KTSS006,KTSS008,KTSS015,KTSS012,KTSS004,KTSS020,KTSS018,KTSS014,KTSS002,KTSS005,KTSS019,KTSS016"
KT2025484,James Hernandez,10/29/2013,27 Kowloon Bay,KTPS012,"61,21,39,87,42,57,48","75,70,12,40,85,56,78",APP2025484,"KTSS009,KTSS007,KTSS012,KTSS004,KTSS006,KTSS018,KTSS001,KTSS003,KTSS010,KTSS020,KTSS008,KTSS016,KTSS005,KTSS015,KTSS002,KTSS013,KTSS019,KTSS017,KTSS014,KTSS011"
KT2025485,Matthew Lopez,07/31/2013,10 Sau Mau Ping,KTPS014,"44,83,36,34,61,6,92","11,75,12,90,76,98,39",APP2025485,"KTSS018,KTSS017,KTSS019,KTSS005,KTSS007,KTSS003,KTSS012,KTSS004,KTSS020,KTSS001,KTSS014,KTSS006,KTSS011,KTSS010,KTSS015,KTSS002,KTSS009,KTSS008,KTSS016,KTSS013"
KT2025486,William Martinez,12/07/2013,94 Kwun Tong Rd,KTPS003,"37,47,100,2,77,34,86","64,76,41,62,82,96,1",APP2025486,"KTSS007,KTSS003,KTSS017,KTSS009,KTSS011,KTSS004,KTSS019,KTSS012,KTSS002,KTSS006,KTSS008,KTSS018,KTSS001,KTSS013,KTSS014,KTSS016,KTSS005,KTSS015,KTSS010,KTSS020"
KT2025487,William Taylor,01/23/2013,94 Lam Tin Road,KTPS007,"55,76,51,2,86,6,99","42,49,1,44,67,96,2",APP2025487,"KTSS014,KTSS008,KTSS007,KTSS020,KTSS016,KTSS011,KTSS012,KTSS005,KTSS013,KTSS019,KTSS018,KTSS004,KTSS017,KTSS001,KTSS003,KTSS009,KTSS002,KTSS010,KTSS015,KTSS006"
KT2025488,Sarah Smith,09/20/2013,37 Sau Mau Ping,KTPS020,"97,38,89,13,45,62,86","60,4,38,95,31,29,66",APP2025488,"KTSS020,KTSS008,KTSS004,KTSS017,KTSS019,KTSS010,KTSS006,KTSS009,KTSS011,KTSS016,KTSS007,KTSS012,KTSS018,KTSS014,KTSS013,KTSS003,KTSS001,KTSS002,KTSS005,KTSS015"
KT2025489,John Davis,03/24/2013,29 Ngau Tau Kok Rd,KTPS012,"98,34,75,47,95,94,34","62,53,13,69,99,4,49",APP2025489,"KTSS012,KTSS010,KTSS004,KTSS003,KTSS005,KTSS016,KTSS020,KTSS018,KTSS008,KTSS011,KTSS013,KTSS019,KTSS009,KTSS002,KTSS014,KTSS017,KTSS007,KTSS006,KTSS015,KTSS001"
KT2025490,Charlotte Taylor,10/12/2013,15 Sau Mau Ping,KTPS011,"63,23,25,36,87,96,10","94,9,57,54,100,98,34",APP2025490,"KTSS013,KTSS002,KTSS010,KTSS015,KTSS001,KTSS014,KTSS016,KTSS005,KTSS003,KTSS020,KTSS009,KTSS017,KTSS011,KTSS004,KTSS007,KTSS019,KTSS008,KTSS012,KTSS018,KTSS006"
KT2025491,James Hernandez,07/19/2013,42 Kwun Tong Rd,KTPS002,"0,91,90,10,73,53,7","84,1,13,93,46,77,6",APP2025491,"KTSS015,KTSS012,KTSS003,KTSS018,KTSS005,KTSS019,KTSS002,KTSS013,KTSS017,KTSS009,KTSS008,KTSS010,KTSS004,KTSS007,KTSS014,KTSS006,KTSS016,KTSS020,KTSS011,KTSS001"
KT2025492,Mia Gonzalez,09/06/2013,29 Kwun Tong Bypass,KTPS006,"51,1,23,65,36,98,51","21,35,73,83,96,77,3",APP2025492,"KTSS009,KTSS020,KTSS008,KTSS015,KTSS001,KTSS010,KTSS016,KTSS011,KTSS019,KTSS002,KTSS003,KTSS012,KTSS004,KTSS018,KTSS014,KTSS006,KTSS005,KTSS007,KTSS017,KTSS013"
KT2025493,William Martinez,10/08/2013,54 Lei Yue Mun,KTPS018,"36,1,16,57,39,32,34","77,98,95,18,89,96,3",APP2025493,"KTSS003,KTSS014,KTSS019,KTSS012,KTSS017,KTSS013,KTSS018,KTSS010,KTSS006,KTSS009,KTSS005,KTSS008,KTSS016,KTSS004,KTSS015,KTSS002,KTSS020,KTSS011,KTSS001,KTSS007"
KT2025494,Matthew Gonzalez,09/10/2013,15 Yau Tong Bay,KTPS003,"21,75,88,1,90,45,0","56,50,29,50,29,24,48",APP2025494,"KTSS001,KTSS003,KTSS011,KTSS008,KTSS019,KTSS002,KTSS020,KTSS010,KTSS015,KTSS013,KTSS018,KTSS005,KTSS012,KTSS017,KTSS014,KTSS004,KTSS006,KTSS016,KTSS007,KTSS009"
KT2025495,John Moore,09/02/2013,13 Lei Yue Mun,KTPS020,"97,22,88,57,19,41,69","85,30,20,5,65,10,91",APP2025495,"KTSS001,KTSS018,KTSS004,KTSS005,KTSS007,KTSS002,KTSS014,KTSS020,KTSS016,KTSS011,KTSS003,KTSS015,KTSS017,KTSS019,KTSS006,KTSS012,KTSS009,KTSS008,KTSS013,KTSS010"
KT2025496,Olivia Lopez,02/11/2013,89 Sau Mau Ping,KTPS008,"27,27,17,5,99,27,74","89,20,16,87,34,21,92",APP2025496,"KTSS008,KTSS013,KTSS018,KTSS014,KTSS006,KTSS002,KTSS016,KTSS019,KTSS020,KTSS009,KTSS010,KTSS001,KTSS005,KTSS007,KTSS012,KTSS003,KTSS017,KTSS011,KTSS004,KTSS015"
KT2025497,Amelia Williams,10/25/2013,100 Kwun Tong Bypass,KTPS008,"89,38,68,94,20,40,21","87,60,26,79,77,16,79",APP2025497,"KTSS004,KTSS002,KTSS017,KTSS009,KTSS019,KTSS020,KTSS001,KTSS018,KTSS011,KTSS014,KTSS006,KTSS013,KTSS016,KTSS008,KTSS003,KTSS012,KTSS010,KTSS007,KTSS015,KTSS005"
KT2025498,Sarah Martinez,05/12/2013,99 Lam Tin Road,KTPS017,"40,39,8,70,36,63,20","77,65,68,70,1,98,78",APP2025498,"KTSS008,KTSS019,KTSS011,KTSS015,KTSS009,KTSS001,KTSS005,KTSS017,KTSS002,KTSS020,KTSS004,KTSS012,KTSS014,KTSS010,KTSS018,KTSS016,KTSS013,KTSS003,KTSS007,KTSS006"
KT2025499,Isabella Taylor,06/13/2013,15 Yau Tong Bay,KTPS009,"55,64,34,49,47,66,12","87,15,77,77,9,10,77",APP2025499,"KTSS010,KTSS007,KTSS006,KTSS017,KTSS002,KTSS009,KTSS020,KTSS005,KTSS015,KTSS012,KTSS013,KTSS011,KTSS018,KTSS019,KTSS001,KTSS016,KTSS008,KTSS004,KTSS014,KTSS003"
KT2025500,Daniel Brown,02/11/2013,12 Kowloon Bay,KTPS004,"56,8,99,94,17,3,64","96,94,93,48,3,100,22",APP2025500,"KTSS006,KTSS012,KTSS005,KTSS015,KTSS003,KTSS014,KTSS007,KTSS020,KTSS019,KTSS011,KTSS016,KTSS018,KTSS001,KTSS017,KTSS009,KTSS010,KTSS004,KTSS008,KTSS013,KTSS002"
KT2025501,William Jackson,03/01/2013,65 Ngau Tau Kok Rd,KTPS005,"95,26,39,73,10,57,51","85,62,2,57,26,42,90",APP2025501,"KTSS014,KTSS010,KTSS003,KTSS011,KTSS012,KTSS009,KTSS007,KTSS004,KTSS013,KTSS001,KTSS017,KTSS002,KTSS019,KTSS006,KTSS008,KTSS005,KTSS018,KTSS015,KTSS016,KTSS020"
KT2025502,Sarah Moore,07/26/2013,25 Hoi Yuen Road,KTPS011,"58,92,7,21,97,20,55","55,62,97,47,78,40,25",APP2025502,"KTSS012,KTSS016,KTSS011,KTSS002,KTSS013,KTSS019,KTSS018,KTSS007,KTSS010,KTSS015,KTSS001,KTSS006,KTSS017,KTSS003,KTSS020,KTSS014,KTSS008,KTSS009,KTSS005,KTSS004"
KT2025503,Matthew Jackson,04/05/2013,98 Lam Tin Road,KTPS010,"65,76,32,47,61,51,8","89,0,9,8,100,64,26",APP2025503,"KTSS006,KTSS003,KTSS017,KTSS004,KTSS013,KTSS012,KTSS010,KTSS008,KTSS014,KTSS018,KTSS002,KTSS015,KTSS019,KTSS001,KTSS009,KTSS005,KTSS011,KTSS007,KTSS016,KTSS020"
KT2025504,Alexander Jones,08/20/2013,92 Yau Tong Bay,KTPS017,"15,36,37,44,57,55,58","38,83,94,35,85,75,65",APP2025504,"KTSS018,KTSS008,KTSS009,KTSS006,KTSS020,KTSS011,KTSS012,KTSS007,KTSS002,KTSS005,KTSS001,KTSS014,KTSS019,KTSS003,KTSS015,KTSS010,KTSS004,KTSS016,KTSS013,KTSS017"
KT2025505,Daniel Hernandez,09/01/2013,71 Lam Tin Road,KTPS016,"85,42,35,72,94,11,87","87,31,59,19,95,93,61",APP2025505,"KTSS014,KTSS012,KTSS015,KTSS018,KTSS002,KTSS016,KTSS017,KTSS020,KTSS006,KTSS013,KTSS019,KTSS011,KTSS004,KTSS010,KTSS003,KTSS007,KTSS005,KTSS001,KTSS008,KTSS009"
KT2025506,Michael Martin,07/27/2013,81 Lam Tin Road,KTPS006,"93,51,79,4,32,56,21","90,70,66,8,1,13,39",APP2025506,"KTSS005,KTSS015,KTSS010,KTSS001,KTSS003,KTSS019,KTSS004,KTSS017,KTSS013,KTSS014,KTSS008,KTSS016,KTSS011,KTSS006,KTSS018,KTSS002,KTSS020,KTSS007,KTSS009,KTSS012"
KT2025507,Alexander Gonzalez,11/04/2013,39 Kowloon Bay,KTPS009,"95,46,22,28,66,46,48","18,27,63,51,97,62,79",APP2025507,"KTSS008,KTSS004,KTSS005,KTSS014,KTSS007,KTSS003,KTSS002,KTSS013,KTSS019,KTSS001,KTSS006,KTSS020,KTSS012,KTSS015,KTSS010,KTSS016,KTSS011,KTSS009,KTSS018,KTSS017"
KT2025508,Mia Brown,05/10/2013,66 Tsui Ping Rd,KTPS009,"24,83,70,93,96,34,68","0,69,62,65,5,12,88",APP2025508,"KTSS020,KTSS013,KTSS005,KTSS014,KTSS008,KTSS018,KTSS012,KTSS009,KTSS016,KTSS007,KTSS011,KTSS003,KTSS004,KTSS017,KTSS019,KTSS006,KTSS001,KTSS002,KTSS010,KTSS015"
KT2025509,Harper Williams,11/29/2013,29 Sau Mau Ping,KTPS016,"52,32,74,7,11,74,95","60,71,40,38,85,20,62",APP2025509,"KTSS018,KTSS005,KTSS002,KTSS009,KTSS007,KTSS012,KTSS016,KTSS014,KTSS011,KTSS008,KTSS013,KTSS017,KTSS019,KTSS001,KTSS003,KTSS010,KTSS015,KTSS020,KTSS004,KTSS006"
KT2025510,Michael Davis,03/12/2013,94 Sau Mau Ping,KTPS005,"92,71,72,63,59,82,19","10,94,85,13,72,13,32",APP2025510,"KTSS008,KTSS018,KTSS009,KTSS004,KTSS002,KTSS019,KTSS012,KTSS016,KTSS010,KTSS001,KTSS013,KTSS005,KTSS003,KTSS011,KTSS006,KTSS015,KTSS017,KTSS014,KTSS020,KTSS007"
KT2025511,David Martin,12/07/2013,82 Lei Yue Mun,KTPS014,"61,96,18,62,23,63,12","72,88,98,64,28,74,61",APP2025511,"KTSS008,KTSS011,KTSS015,KTSS019,KTSS012,KTSS005,KTSS007,KTSS004,KTSS009,KTSS003,KTSS020,KTSS002,KTSS018,KTSS010,KTSS006,KTSS001,KTSS014,KTSS013,KTSS017,KTSS016"
KT2025512,Ethan Thomas,04/19/2013,32 Tsui Ping Rd,KTPS012,"13,24,52,17,81,55,5","3,49,75,0,83,17,39",APP2025512,"KTSS001,KTSS013,KTSS014,KTSS011,KTSS007,KTSS005,KTSS002,KTSS003,KTSS020,KTSS017,KTSS009,KTSS015,KTSS018,KTSS012,KTSS006,KTSS004,KTSS019,KTSS010,KTSS008,KTSS016"
KT2025513,Emily Davis,11/21/2013,30 Ngau Tau Kok Rd,KTPS018,"68,70,28,86,24,24,84","76,6,31,92,54,27,80",APP2025513,"KTSS019,KTSS012,KTSS006,KTSS002,KTSS014,KTSS018,KTSS005,KTSS020,KTSS015,KTSS009,KTSS003,KTSS016,KTSS004,KTSS013,KTSS001,KTSS007,KTSS011,KTSS010,KTSS017,KTSS008"
KT2025514,Olivia Hernandez,02/19/2013,37 Tsui Ping Rd,KTPS009,"91,71,69,57,53,12,63","54,98,83,7,21,84,30",APP2025514,"KTSS015,KTSS012,KTSS004,KTSS005,KTSS011,KTSS019,KTSS013,KTSS020,KTSS003,KTSS007,KTSS017,KTSS008,KTSS006,KTSS002,KTSS001,KTSS010,KTSS009,KTSS016,KTSS014,KTSS018"
KT2025515,Olivia Moore,05/02/2013,40 Sau Mau Ping,KTPS013,"88,60,51,24,1,47,31","45,18,96,16,69,28,28",APP2025515,"KTSS007,KTSS018,KTSS005,KTSS013,KTSS016,KTSS019,KTSS003,KTSS001,KTSS020,KTSS010,KTSS006,KTSS008,KTSS014,KTSS011,KTSS012,KTSS009,KTSS015,KTSS002,KTSS017,KTSS004"
KT2025516,Harper Martinez,09/15/2013,13 Kwun Tong Bypass,KTPS005,"86,68,32,96,27,23,13","96,40,92,77,91,28,11",APP2025516,"KTSS015,KTSS006,KTSS005,KTSS001,KTSS010,KTSS013,KTSS004,KTSS012,KTSS009,KTSS018,KTSS014,KTSS020,KTSS008,KTSS002,KTSS011,KTSS017,KTSS019,KTSS016,KTSS003,KTSS007"
KT2025517,Mia Gonzalez,12/31/2013,63 Tsui Ping Rd,KTPS014,"36,3,51,58,86,76,63","91,42,78,63,56,41,24",APP2025517,"KTSS009,KTSS004,KTSS019,KTSS015,KTSS006,KTSS020,KTSS018,KTSS005,KTSS011,KTSS007,KTSS013,KTSS014,KTSS017,KTSS012,KTSS003,KTSS001,KTSS008,KTSS010,KTSS002,KTSS016"
KT2025518,David Williams,10/24/2013,39 Kwun Tong Bypass,KTPS013,"4,34,50,36,6,54,9","87,90,46,38,94,27,58",APP2025518,"KTSS004,KTSS001,KTSS011,KTSS015,KTSS012,KTSS005,KTSS014,KTSS010,KTSS009,KTSS003,KTSS018,KTSS017,KTSS016,KTSS019,KTSS020,KTSS006,KTSS002,KTSS007,KTSS013,KTSS008"
KT2025519,John Thomas,10/26/2013,38 Kowloon Bay,KTPS007,"95,98,50,88,8,9,87","28,14,34,47,63,15,86",APP2025519,"KTSS004,KTSS015,KTSS008,KTSS011,KTSS002,KTSS014,KTSS018,KTSS013,KTSS005,KTSS001,KTSS017,KTSS016,KTSS020,KTSS012,KTSS007,KTSS006,KTSS003,KTSS010,KTSS009,KTSS019"
KT2025520,Olivia Taylor,04/06/2013,77 Kwun Tong Rd,KTPS003,"20,91,80,42,5,90,77","10,29,55,9,33,25,25",APP2025520,"KTSS018,KTSS001,KTSS012,KTSS002,KTSS006,KTSS011,KTSS016,KTSS010,KTSS008,KTSS013,KTSS017,KTSS014,KTSS019,KTSS015,KTSS004,KTSS009,KTSS003,KTSS005,KTSS020,KTSS007"
KT2025521,Emily Johnson,09/21/2013,79 Kwun Tong Rd,KTPS009,"95,79,12,82,57,27,8","79,13,31,40,13,44,57",APP2025521,"KTSS002,KTSS004,KTSS006,KTSS015,KTSS013,KTSS005,KTSS017,KTSS020,KTSS012,KTSS001,KTSS019,KTSS016,KTSS008,KTSS014,KTSS011,KTSS003,KTSS010,KTSS018,KTSS007,KTSS009"
KT2025522,Sarah Hernandez,06/24/2013,43 Kwun Tong Bypass,KTPS016,"42,54,58,54,89,25,26","92,71,66,64,9,27,91",APP2025522,"KTSS017,KTSS011,KTSS014,KTSS012,KTSS001,KTSS006,KTSS005,KTSS009,KTSS013,KTSS019,KTSS016,KTSS020,KTSS010,KTSS015,KTSS018,KTSS003,KTSS008,KTSS002,KTSS007,KTSS004"
KT2025523,Mary Jones,04/10/2013,54 Kwun Tong Rd,KTPS010,"17,21,58,80,8,68,12","65,15,53,87,22,32,73",APP2025523,"KTSS020,KTSS011,KTSS019,KTSS006,KTSS004,KTSS012,KTSS008,KTSS001,KTSS017,KTSS018,KTSS010,KTSS002,KTSS014,KTSS013,KTSS015,KTSS003,KTSS005,KTSS009,KTSS007,KTSS016"
KT2025524,Michael Johnson,09/16/2013,2 Yau Tong Bay,KTPS019,"32,62,97,37,97,12,96","89,66,74,72,25,1,27",APP2025524,"KTSS010,KTSS007,KTSS006,KTSS017,KTSS008,KTSS014,KTSS013,KTSS001,KTSS019,KTSS020,KTSS012,KTSS004,KTSS009,KTSS002,KTSS003,KTSS015,KTSS005,KTSS016,KTSS011,KTSS018"
KT2025525,Mia Smith,06/07/2013,92 Yau Tong Bay,KTPS015,"13,33,31,1,70,55,67","48,7,75,43,19,21,88",APP2025525,"KTSS018,KTSS009,KTSS015,KTSS019,KTSS020,KTSS008,KTSS013,KTSS005,KTSS004,KTSS001,KTSS003,KTSS016,KTSS014,KTSS012,KTSS017,KTSS010,KTSS007,KTSS011,KTSS002,KTSS006"
KT2025526,Sophia Garcia,10/22/2013,58 Kowloon Bay,KTPS001,"92,78,65,84,57,91,58","73,7,11,1,51,26,61",APP2025526,"KTSS013,KTSS018,KTSS002,KTSS019,KTSS007,KTSS017,KTSS012,KTSS003,KTSS016,KTSS020,KTSS008,KTSS010,KTSS015,KTSS006,KTSS009,KTSS005,KTSS011,KTSS014,KTSS004,KTSS001"
KT2025527,David Johnson,07/08/2013,59 Kowloon Bay,KTPS013,"29,78,49,48,31,21,57","55,58,61,73,5,63,53",APP2025527,"KTSS020,KTSS003,KTSS006,KTSS015,KTSS009,KTSS019,KTSS012,KTSS013,KTSS008,KTSS011,KTSS004,KTSS010,KTSS016,KTSS017,KTSS001,KTSS002,KTSS014,KTSS005,KTSS007,KTSS018"
KT2025528,Emily Anderson,11/30/2013,36 Lei Yue Mun,KTPS005,"49,74,100,36,12,75,75","75,100,50,40,7,89,26",APP2025528,"KTSS020,KTSS006,KTSS008,KTSS010,KTSS017,KTSS001,KTSS005,KTSS014,KTSS002,KTSS016,KTSS009,KTSS018,KTSS012,KTSS015,KTSS003,KTSS007,KTSS013,KTSS011,KTSS019,KTSS004"
KT2025529,Daniel Anderson,09/01/2013,67 Kowloon Bay,KTPS020,"96,5,90,66,44,96,64","76,5,80,60,57,7,9",APP2025529,"KTSS004,KTSS017,KTSS006,KTSS001,KTSS018,KTSS007,KTSS014,KTSS009,KTSS019,KTSS020,KTSS008,KTSS016,KTSS003,KTSS012,KTSS015,KTSS005,KTSS011,KTSS002,KTSS010,KTSS013"
KT2025530,Michael Martin,10/01/2013,45 Kwun Tong Rd,KTPS006,"78,38,39,38,4,2,8","92,15,16,35,52,93,90",APP2025530,"KTSS017,KTSS006,KTSS015,KTSS013,KTSS005,KTSS020,KTSS004,KTSS001,KTSS007,KTSS009,KTSS010,KTSS016,KTSS003,KTSS002,KTSS019,KTSS012,KTSS018,KTSS008,KTSS011,KTSS014"
KT2025531,Olivia Smith,12/21/2013,94 Kwun Tong Bypass,KTPS011,"41,94,0,42,58,66,59","51,72,44,53,88,94,60",APP2025531,"KTSS001,KTSS013,KTSS009,KTSS004,KTSS020,KTSS018,KTSS012,KTSS007,KTSS010,KTSS017,KTSS019,KTSS016,KTSS014,KTSS011,KTSS015,KTSS003,KTSS005,KTSS008,KTSS006,KTSS002"
KT2025532,Michael Gonzalez,12/28/2013,74 Yau Tong Bay,KTPS012,"2,80,88,17,47,90,18","20,93,85,69,88,89,30",APP2025532,"KTSS006,KTSS019,KTSS003,KTSS010,KTSS013,KTSS018,KTSS004,KTSS012,KTSS015,KTSS011,KTSS002,KTSS017,KTSS005,KTSS016,KTSS009,KTSS001,KTSS020,KTSS008,KTSS014,KTSS007"
KT2025533,Mary Gonzalez,06/04/2013,86 Lam Tin Road,KTPS002,"82,10,36,16,86,42,92","13,53,70,55,80,51,40",APP2025533,"KTSS004,KTSS010,KTSS017,KTSS015,KTSS008,KTSS012,KTSS003,KTSS009,KTSS018,KTSS001,KTSS011,KTSS013,KTSS002,KTSS005,KTSS016,KTSS014,KTSS006,KTSS007,KTSS019,KTSS020"
KT2025534,Mary Davis,08/01/2013,77 Kwun Tong Rd,KTPS008,"89,89,20,89,3,98,72","87,28,76,39,7,70,77",APP2025534,"KTSS019,KTSS006,KTSS020,KTSS008,KTSS016,KTSS014,KTSS015,KTSS012,KTSS007,KTSS004,KTSS013,KTSS009,KTSS005,KTSS003,KTSS010,KTSS017,KTSS018,KTSS001,KTSS002,KTSS011"
KT2025535,Sarah Jackson,07/01/2013,42 Ngau Tau Kok Rd,KTPS009,"69,43,18,100,34,53,30","42,42,60,8,28,77,65",APP2025535,"KTSS012,KTSS018,KTSS003,KTSS004,KTSS008,KTSS001,KTSS002,KTSS016,KTSS010,KTSS015,KTSS006,KTSS014,KTSS019,KTSS007,KTSS017,KTSS009,KTSS020,KTSS011,KTSS005,KTSS013"
KT2025536,Daniel Williams,11/03/2013,28 Hoi Yuen Road,KTPS019,"15,43,22,87,22,27,51","59,28,60,39,62,86,19",APP2025536,"KTSS005,KTSS003,KTSS015,KTSS004,KTSS006,KTSS009,KTSS019,KTSS002,KTSS010,KTSS007,KTSS020,KTSS011,KTSS001,KTSS008,KTSS016,KTSS012,KTSS014,KTSS018,KTSS013,KTSS017"
KT2025537,Charlotte Garcia,06/26/2013,18 Lei Yue Mun,KTPS007,"42,27,54,16,79,75,47","30,2,13,83,83,70,87",APP2025537,"KTSS019,KTSS014,KTSS016,KTSS002,KTSS008,KTSS013,KTSS005,KTSS020,KTSS012,KTSS004,KTSS003,KTSS007,KTSS006,KTSS010,KTSS018,KTSS001,KTSS015,KTSS017,KTSS009,KTSS011"
KT2025538,Amelia Anderson,11/23/2013,1 Kwun Tong Rd,KTPS009,"6,10,69,27,17,3,50","42,43,47,93,14,74,44",APP2025538,"KTSS020,KTSS009,KTSS016,KTSS015,KTSS010,KTSS007,KTSS003,KTSS001,KTSS017,KTSS012,KTSS011,KTSS014,KTSS002,KTSS005,KTSS006,KTSS018,KTSS013,KTSS008,KTSS004,KTSS019"
KT2025539,Daniel Garcia,10/03/2013,93 Ngau Tau Kok Rd,KTPS006,"15,97,11,83,31,23,49","90,41,77,57,19,34,53",APP2025539,"KTSS010,KTSS020,KTSS009,KTSS007,KTSS008,KTSS014,KTSS005,KTSS019,KTSS006,KTSS004,KTSS011,KTSS001,KTSS015,KTSS002,KTSS016,KTSS003,KTSS012,KTSS018,KTSS017,KTSS013"
KT2025540,William Moore,03/17/2013,44 Ngau Tau Kok Rd,KTPS018,"81,46,71,74,73,52,90","67,10,95,23,36,12,32",APP2025540,"KTSS019,KTSS004,KTSS013,KTSS009,KTSS008,KTSS016,KTSS007,KTSS015,KTSS005,KTSS002,KTSS018,KTSS010,KTSS017,KTSS001,KTSS011,KTSS006,KTSS003,KTSS020,KTSS012,KTSS014"
KT2025541,David Smith,09/01/2013,21 Sau Mau Ping,KTPS008,"8,93,25,47,96,50,40","77,23,6,33,17,63,89",APP2025541,"KTSS001,KTSS019,KTSS010,KTSS004,KTSS014,KTSS002,KTSS011,KTSS015,KTSS017,KTSS008,KTSS009,KTSS006,KTSS020,KTSS012,KTSS016,KTSS007,KTSS013,KTSS003,KTSS005,KTSS018"
KT2025542,Mary Lopez,01/12/2013,25 Lam Tin Road,KTPS007,"61,19,53,32,28,21,19","82,80,11,21,59,75,14",APP2025542,"KTSS019,KTSS004,KTSS006,KTSS010,KTSS012,KTSS003,KTSS005,KTSS018,KTSS020,KTSS011,KTSS017,KTSS016,KTSS002,KTSS009,KTSS015,KTSS014,KTSS007,KTSS013,KTSS008,KTSS001"
KT2025543,Emily Williams,10/05/2013,89 Sau Mau Ping,KTPS010,"55,53,13,61,24,1,0","52,91,61,76,52,91,6",APP2025543,"KTSS014,KTSS010,KTSS001,KTSS016,KTSS011,KTSS015,KTSS006,KTSS019,KTSS013,KTSS005,KTSS008,KTSS007,KTSS018,KTSS002,KTSS017,KTSS009,KTSS003,KTSS020,KTSS012,KTSS004"
KT2025544,Charlotte Taylor,04/01/2013,48 Sau Mau Ping,KTPS010,"61,43,16,91,36,60,39","44,20,10,77,81,12,90",APP2025544,"KTSS005,KTSS012,KTSS009,KTSS011,KTSS017,KTSS007,KTSS018,KTSS015,KTSS006,KTSS002,KTSS008,KTSS003,KTSS020,KTSS004,KTSS010,KTSS019,KTSS001,KTSS014,KTSS013,KTSS016"
KT2025545,Ethan Martin,08/09/2013,68 Tsui Ping Rd,KTPS014,"87,55,74,90,65,62,65","94,94,62,28,67,78,52",APP2025545,"KTSS018,KTSS006,KTSS010,KTSS016,KTSS003,KTSS011,KTSS005,KTSS020,KTSS015,KTSS017,KTSS014,KTSS012,KTSS019,KTSS013,KTSS009,KTSS001,KTSS004,KTSS007,KTSS008,KTSS002"
KT2025546,James Jones,10/24/2013,41 Lam Tin Road,KTPS009,"40,11,47,98,72,84,22","10,77,71,74,89,36,10",APP2025546,"KTSS015,KTSS016,KTSS007,KTSS014,KTSS019,KTSS013,KTSS011,KTSS008,KTSS018,KTSS001,KTSS010,KTSS004,KTSS002,KTSS012,KTSS020,KTSS017,KTSS003,KTSS006,KTSS005,KTSS009"
KT2025547,John Martin,11/09/2013,52 Tsui Ping Rd,KTPS003,"97,52,32,14,4,87,61","59,1,78,5,80,66,63",APP2025547,"KTSS017,KTSS004,KTSS008,KTSS016,KTSS007,KTSS013,KTSS019,KTSS020,KTSS005,KTSS002,KTSS003,KTSS018,KTSS001,KTSS006,KTSS014,KTSS015,KTSS009,KTSS010,KTSS012,KTSS011"
KT2025548,Benjamin Davis,08/13/2013,27 Lam Tin Road,KTPS012,"56,46,47,20,56,81,98","95,9,80,6,47,85,65",APP2025548,"KTSS015,KTSS010,KTSS005,KTSS002,KTSS020,KTSS018,KTSS017,KTSS016,KTSS012,KTSS013,KTSS003,KTSS001,KTSS007,KTSS019,KTSS004,KTSS008,KTSS014,KTSS006,KTSS009,KTSS011"
KT2025549,Benjamin Lopez,05/13/2013,65 Kwun Tong Bypass,KTPS012,"65,17,66,66,27,29,60","78,42,80,42,54,0,65",APP2025549,"KTSS019,KTSS016,KTSS015,KTSS005,KTSS012,KTSS014,KTSS011,KTSS003,KTSS013,KTSS008,KTSS007,KTSS001,KTSS020,KTSS017,KTSS010,KTSS004,KTSS018,KTSS009,KTSS002,KTSS006"
KT2025550,Sophia Garcia,02/04/2013,41 Ngau Tau Kok Rd,KTPS017,"98,71,9,85,47,99,54","23,67,77,68,40,5,76",APP2025550,"KTSS019,KTSS016,KTSS004,KTSS013,KTSS011,KTSS009,KTSS010,KTSS002,KTSS014,KTSS017,KTSS020,KTSS006,KTSS015,KTSS012,KTSS001,KTSS008,KTSS003,KTSS005,KTSS007,KTSS018"
KT2025551,Olivia Lopez,04/13/2013,47 Lam Tin Road,KTPS006,"39,57,11,59,7,10,79","48,88,4,99,94,6,71",APP2025551,"KTSS018,KTSS016,KTSS012,KTSS010,KTSS015,KTSS011,KTSS001,KTSS009,KTSS013,KTSS004,KTSS002,KTSS003,KTSS007,KTSS006,KTSS014,KTSS020,KTSS017,KTSS005,KTSS008,KTSS019"
KT2025552,Sarah Gonzalez,03/19/2013,89 Hoi Yuen Road,KTPS014,"68,36,20,22,67,98,62","89,24,97,92,83,33,38",APP2025552,"KTSS017,KTSS010,KTSS011,KTSS004,KTSS019,KTSS005,KTSS013,KTSS020,KTSS009,KTSS014,KTSS018,KTSS003,KTSS006,KTSS002,KTSS012,KTSS015,KTSS001,KTSS016,KTSS008,KTSS007"
KT2025553,Sophia Johnson,10/27/2013,24 Sau Mau Ping,KTPS014,"39,7,33,67,6,88,14","61,61,58,90,74,70,13",APP2025553,"KTSS016,KTSS012,KTSS006,KTSS005,KTSS011,KTSS008,KTSS014,KTSS013,KTSS020,KTSS010,KTSS003,KTSS009,KTSS015,KTSS018,KTSS001,KTSS004,KTSS007,KTSS019,KTSS002,KTSS017"
KT2025554,Harper Martin,06/27/2013,36 Hoi Yuen Road,KTPS007,"79,57,88,78,73,52,95","1,41,14,87,45,61,45",APP2025554,"KTSS003,KTSS016,KTSS020,KTSS008,KTSS007,KTSS017,KTSS010,KTSS004,KTSS013,KTSS018,KTSS009,KTSS005,KTSS012,KTSS015,KTSS002,KTSS014,KTSS006,KTSS011,KTSS001,KTSS019"
KT2025555,Olivia Taylor,01/17/2013,100 Sau Mau Ping,KTPS011,"34,64,14,6,10,22,82","49,47,16,92,100,23,84",APP2025555,"KTSS002,KTSS017,KTSS014,KTSS019,KTSS011,KTSS012,KTSS005,KTSS013,KTSS016,KTSS001,KTSS020,KTSS010,KTSS015,KTSS007,KTSS006,KTSS008,KTSS009,KTSS003,KTSS018,KTSS004"
KT2025556,Ethan Rodriguez,05/09/2013,95 Ngau Tau Kok Rd,KTPS012,"61,7,47,29,32,46,0","52,97,66,39,43,68,24",APP2025556,"KTSS017,KTSS014,KTSS007,KTSS016,KTSS013,KTSS005,KTSS020,KTSS009,KTSS004,KTSS012,KTSS018,KTSS003,KTSS008,KTSS019,KTSS010,KTSS011,KTSS002,KTSS001,KTSS006,KTSS015"
KT2025557,Charlotte Thomas,09/15/2013,86 Hoi Yuen Road,KTPS018,"66,17,42,71,36,76,87","87,53,80,99,37,12,91",APP2025557,"KTSS011,KTSS019,KTSS004,KTSS010,KTSS015,KTSS013,KTSS014,KTSS002,KTSS008,KTSS001,KTSS005,KTSS017,KTSS018,KTSS009,KTSS020,KTSS012,KTSS003,KTSS006,KTSS016,KTSS007"
KT2025558,Harper Rodriguez,02/11/2013,94 Yau Tong Bay,KTPS004,"71,88,41,91,42,83,49","58,75,86,49,55,22,91",APP2025558,"KTSS020,KTSS006,KTSS009,KTSS012,KTSS008,KTSS018,KTSS017,KTSS001,KTSS005,KTSS016,KTSS002,KTSS010,KTSS019,KTSS004,KTSS011,KTSS013,KTSS003,KTSS015,KTSS014,KTSS007"
KT2025559,James Jones,05/14/2013,94 Hoi Yuen Road,KTPS003,"55,69,13,97,56,72,16","99,36,73,26,81,97,24",APP2025559,"KTSS004,KTSS017,KTSS007,KTSS008,KTSS016,KTSS014,KTSS020,KTSS018,KTSS012,KTSS009,KTSS001,KTSS013,KTSS015,KTSS006,KTSS011,KTSS002,KTSS003,KTSS010,KTSS019,KTSS005"
KT2025560,David Johnson,02/18/2013,22 Kwun Tong Bypass,KTPS014,"32,76,93,44,56,58,81","95,4,10,85,78,41,77",APP2025560,"KTSS005,KTSS012,KTSS017,KTSS019,KTSS008,KTSS007,KTSS018,KTSS010,KTSS001,KTSS004,KTSS020,KTSS011,KTSS002,KTSS015,KTSS003,KTSS009,KTSS013,KTSS016,KTSS006,KTSS014"
KT2025561,Michael Jackson,09/25/2013,66 Yau Tong Bay,KTPS019,"62,37,61,28,87,68,78","95,5,95,20,27,92,25",APP2025561,"KTSS014,KTSS001,KTSS009,KTSS013,KTSS019,KTSS011,KTSS007,KTSS006,KTSS004,KTSS010,KTSS012,KTSS017,KTSS020,KTSS008,KTSS015,KTSS018,KTSS005,KTSS016,KTSS003,KTSS002"
KT2025562,Sarah Smith,08/10/2013,44 Sau Mau Ping,KTPS005,"72,29,13,85,64,40,61","50,49,23,63,3,99,55",APP2025562,"KTSS004,KTSS013,KTSS012,KTSS007,KTSS002,KTSS018,KTSS006,KTSS005,KTSS008,KTSS011,KTSS020,KTSS015,KTSS001,KTSS016,KTSS014,KTSS017,KTSS019,KTSS010,KTSS009,KTSS003"
KT2025563,Sophia Martinez,05/13/2013,4 Kwun Tong Rd,KTPS015,"18,17,4,18,37,14,64","92,64,27,84,95,45,53",APP2025563,"KTSS001,KTSS008,KTSS017,KTSS018,KTSS012,KTSS005,KTSS020,KTSS016,KTSS013,KTSS015,KTSS010,KTSS003,KTSS011,KTSS007,KTSS004,KTSS014,KTSS019,KTSS009,KTSS002,KTSS006"
KT2025564,Harper Johnson,02/13/2013,40 Yau Tong Bay,KTPS020,"65,22,28,58,33,97,83","79,50,78,75,56,77,65",APP2025564,"KTSS019,KTSS005,KTSS015,KTSS003,KTSS014,KTSS008,KTSS010,KTSS011,KTSS001,KTSS018,KTSS016,KTSS020,KTSS013,KTSS009,KTSS012,KTSS007,KTSS002,KTSS017,KTSS004,KTSS006"
KT2025565,Ethan Brown,10/16/2013,6 Hoi Yuen Road,KTPS002,"90,34,25,7,46,62,10","30,61,66,26,47,74,86",APP2025565,"KTSS005,KTSS011,KTSS013,KTSS002,KTSS020,KTSS012,KTSS003,KTSS014,KTSS019,KTSS009,KTSS017,KTSS016,KTSS006,KTSS004,KTSS015,KTSS018,KTSS001,KTSS008,KTSS007,KTSS010"
KT2025566,Emily Smith,12/13/2013,39 Tsui Ping Rd,KTPS013,"65,8,93,76,51,78,56","64,54,65,26,11,23,89",APP2025566,"KTSS017,KTSS020,KTSS018,KTSS009,KTSS014,KTSS007,KTSS015,KTSS013,KTSS006,KTSS016,KTSS011,KTSS010,KTSS003,KTSS004,KTSS019,KTSS001,KTSS002,KTSS008,KTSS012,KTSS005"
KT2025567,Olivia Jones,10/24/2013,43 Yau Tong Bay,KTPS005,"38,10,85,31,90,47,53","82,68,14,24,70,55,7",APP2025567,"KTSS019,KTSS013,KTSS004,KTSS001,KTSS006,KTSS005,KTSS003,KTSS018,KTSS014,KTSS007,KTSS008,KTSS017,KTSS009,KTSS015,KTSS002,KTSS012,KTSS020,KTSS010,KTSS011,KTSS016"
KT2025568,James Wilson,06/25/2013,53 Yau Tong Bay,KTPS003,"41,4,48,42,4,91,30","24,65,57,39,54,74,64",APP2025568,"KTSS009,KTSS015,KTSS019,KTSS007,KTSS013,KTSS018,KTSS012,KTSS014,KTSS017,KTSS005,KTSS006,KTSS001,KTSS002,KTSS010,KTSS016,KTSS003,KTSS008,KTSS020,KTSS011,KTSS004"
KT2025569,Isabella Martinez,10/12/2013,80 Hoi Yuen Road,KTPS003,"1,20,29,79,50,25,25","83,13,62,85,50,40,95",APP2025569,"KTSS006,KTSS018,KTSS016,KTSS002,KTSS001,KTSS009,KTSS003,KTSS013,KTSS005,KTSS017,KTSS010,KTSS015,KTSS004,KTSS008,KTSS011,KTSS007,KTSS019,KTSS014,KTSS012,KTSS020"
KT2025570,Benjamin Martin,11/21/2013,48 Yau Tong Bay,KTPS003,"76,92,93,97,23,36,88","73,83,79,40,44,57,23",APP2025570,"KTSS014,KTSS006,KTSS009,KTSS015,KTSS005,KTSS016,KTSS018,KTSS004,KTSS020,KTSS011,KTSS013,KTSS017,KTSS010,KTSS012,KTSS002,KTSS019,KTSS001,KTSS007,KTSS008,KTSS003"
KT2025571,Isabella Jones,09/24/2013,6 Kwun Tong Bypass,KTPS014,"76,51,5,29,95,47,69","50,94,73,41,28,93,72",APP2025571,"KTSS015,KTSS004,KTSS006,KTSS019,KTSS012,KTSS010,KTSS003,KTSS013,KTSS020,KTSS018,KTSS011,KTSS002,KTSS017,KTSS008,KTSS014,KTSS007,KTSS016,KTSS005,KTSS009,KTSS001"
KT2025572,Emily Garcia,03/22/2013,82 Lei Yue Mun,KTPS002,"82,1,40,37,60,45,78","66,54,94,10,87,9,17",APP2025572,"KTSS010,KTSS009,KTSS019,KTSS001,KTSS015,KTSS006,KTSS011,KTSS018,KTSS017,KTSS014,KTSS016,KTSS020,KTSS013,KTSS003,KTSS004,KTSS002,KTSS008,KTSS012,KTSS007,KTSS005"
KT2025573,William Garcia,11/23/2013,78 Kwun Tong Bypass,KTPS011,"80,6,21,39,74,1,78","6,42,47,61,74,71,1",APP2025573,"KTSS006,KTSS007,KTSS016,KTSS003,KTSS001,KTSS015,KTSS014,KTSS013,KTSS005,KTSS017,KTSS019,KTSS009,KTSS020,KTSS008,KTSS012,KTSS002,KTSS011,KTSS018,KTSS004,KTSS010"
KT2025574,Olivia Johnson,01/06/2013,78 Kwun Tong Rd,KTPS010,"52,92,42,13,57,8,63","37,36,28,1,53,47,93",APP2025574,"KTSS020,KTSS001,KTSS014,KTSS003,KTSS008,KTSS010,KTSS012,KTSS017,KTSS019,KTSS002,KTSS013,KTSS011,KTSS009,KTSS006,KTSS018,KTSS005,KTSS004,KTSS007,KTSS016,KTSS015"
KT2025575,Michael Anderson,11/30/2013,49 Yau Tong Bay,KTPS002,"90,96,33,90,94,35,72","22,99,79,78,74,2,50",APP2025575,"KTSS014,KTSS006,KTSS002,KTSS008,KTSS013,KTSS019,KTSS004,KTSS009,KTSS005,KTSS016,KTSS015,KTSS001,KTSS007,KTSS003,KTSS011,KTSS017,KTSS012,KTSS010,KTSS020,KTSS018"
KT2025576,Harper Martin,07/23/2013,58 Lam Tin Road,KTPS010,"10,37,58,9,30,36,93","32,74,47,94,13,1,77",APP2025576,"KTSS017,KTSS014,KTSS005,KTSS002,KTSS007,KTSS004,KTSS006,KTSS001,KTSS019,KTSS003,KTSS013,KTSS016,KTSS018,KTSS010,KTSS011,KTSS008,KTSS015,KTSS020,KTSS009,KTSS012"
KT2025577,Michael Hernandez,07/02/2013,82 Hoi Yuen Road,KTPS014,"52,29,38,44,85,44,61","2,4,91,16,89,66,3",APP2025577,"KTSS001,KTSS014,KTSS017,KTSS002,KTSS007,KTSS010,KTSS003,KTSS015,KTSS011,KTSS004,KTSS006,KTSS012,KTSS016,KTSS013,KTSS009,KTSS020,KTSS005,KTSS018,KTSS019,KTSS008"
KT2025578,Harper Taylor,07/09/2013,37 Hoi Yuen Road,KTPS016,"76,95,69,91,97,62,34","2,94,34,36,27,3,64",APP2025578,"KTSS011,KTSS019,KTSS003,KTSS017,KTSS007,KTSS005,KTSS002,KTSS012,KTSS018,KTSS001,KTSS014,KTSS008,KTSS020,KTSS015,KTSS006,KTSS009,KTSS013,KTSS016,KTSS004,KTSS010"
KT2025579,Sarah Wilson,01/04/2013,31 Yau Tong Bay,KTPS013,"93,98,56,29,5,19,52","3,28,30,25,78,77,52",APP2025579,"KTSS003,KTSS011,KTSS012,KTSS010,KTSS014,KTSS007,KTSS006,KTSS019,KTSS009,KTSS013,KTSS008,KTSS005,KTSS018,KTSS001,KTSS015,KTSS017,KTSS020,KTSS016,KTSS002,KTSS004"
KT2025580,Alexander Rodriguez,11/17/2013,93 Lam Tin Road,KTPS014,"9,42,25,21,10,90,95","26,99,55,83,89,78,63",APP2025580,"KTSS008,KTSS017,KTSS002,KTSS010,KTSS014,KTSS015,KTSS011,KTSS018,KTSS003,KTSS009,KTSS005,KTSS019,KTSS020,KTSS013,KTSS007,KTSS012,KTSS004,KTSS006,KTSS016,KTSS001"
KT2025581,Charlotte Johnson,08/05/2013,94 Kwun Tong Rd,KTPS007,"66,12,62,65,33,63,94","55,8,44,83,17,59,7",APP2025581,"KTSS012,KTSS008,KTSS004,KTSS003,KTSS020,KTSS018,KTSS002,KTSS019,KTSS007,KTSS015,KTSS006,KTSS001,KTSS005,KTSS017,KTSS011,KTSS010,KTSS014,KTSS013,KTSS016,KTSS009"
KT2025582,Harper Williams,08/26/2013,15 Hoi Yuen Road,KTPS016,"29,83,77,92,19,51,37","32,66,97,67,27,68,51",APP2025582,"KTSS019,KTSS007,KTSS010,KTSS005,KTSS017,KTSS002,KTSS016,KTSS001,KTSS009,KTSS012,KTSS006,KTSS008,KTSS015,KTSS018,KTSS011,KTSS013,KTSS020,KTSS003,KTSS014,KTSS004"
KT2025583,Alexander Gonzalez,11/10/2013,44 Lei Yue Mun,KTPS007,"1,92,65,8,79,93,39","98,35,24,35,45,14,92",APP2025583,"KTSS006,KTSS009,KTSS020,KTSS014,KTSS007,KTSS010,KTSS016,KTSS012,KTSS015,KTSS003,KTSS002,KTSS004,KTSS008,KTSS011,KTSS013,KTSS001,KTSS019,KTSS017,KTSS005,KTSS018"
KT2025584,Daniel Garcia,06/28/2013,31 Hoi Yuen Road,KTPS008,"77,92,36,95,35,30,16","84,17,75,63,77,14,30",APP2025584,"KTSS012,KTSS010,KTSS018,KTSS007,KTSS020,KTSS019,KTSS001,KTSS013,KTSS002,KTSS008,KTSS016,KTSS003,KTSS004,KTSS011,KTSS005,KTSS006,KTSS015,KTSS017,KTSS014,KTSS009"
KT2025585,Alexander Rodriguez,03/29/2013,39 Kwun Tong Rd,KTPS014,"85,7,79,34,22,2,33","89,11,88,66,82,53,0",APP2025585,"KTSS013,KTSS007,KTSS009,KTSS016,KTSS001,KTSS012,KTSS005,KTSS017,KTSS002,KTSS018,KTSS015,KTSS014,KTSS004,KTSS008,KTSS011,KTSS003,KTSS019,KTSS006,KTSS020,KTSS010"
KT2025586,Daniel Wilson,05/03/2013,40 Hoi Yuen Road,KTPS012,"1,9,1,37,95,32,69","17,76,31,88,15,19,86",APP2025586,"KTSS010,KTSS002,KTSS003,KTSS013,KTSS006,KTSS009,KTSS011,KTSS016,KTSS001,KTSS008,KTSS018,KTSS014,KTSS012,KTSS015,KTSS004,KTSS005,KTSS019,KTSS020,KTSS007,KTSS017"
KT2025587,Mary Rodriguez,10/31/2013,75 Yau Tong Bay,KTPS017,"50,83,75,19,25,95,1","78,85,32,78,86,63,55",APP2025587,"KTSS002,KTSS014,KTSS015,KTSS004,KTSS018,KTSS009,KTSS007,KTSS001,KTSS008,KTSS006,KTSS017,KTSS012,KTSS011,KTSS019,KTSS016,KTSS003,KTSS010,KTSS020,KTSS013,KTSS005"
KT2025588,Benjamin Wilson,12/16/2013,92 Kwun Tong Bypass,KTPS011,"66,62,10,71,49,11,11","38,62,85,84,77,36,89",APP2025588,"KTSS016,KTSS007,KTSS015,KTSS010,KTSS013,KTSS012,KTSS005,KTSS001,KTSS020,KTSS019,KTSS004,KTSS017,KTSS008,KTSS002,KTSS003,KTSS018,KTSS011,KTSS006,KTSS009,KTSS014"
KT2025589,Ethan Smith,12/11/2013,28 Lei Yue Mun,KTPS010,"30,97,28,71,20,49,34","85,23,46,86,26,98,78",APP2025589,"KTSS004,KTSS011,KTSS008,KTSS002,KTSS010,KTSS003,KTSS017,KTSS007,KTSS015,KTSS006,KTSS005,KTSS013,KTSS019,KTSS020,KTSS009,KTSS012,KTSS018,KTSS016,KTSS014,KTSS001"
KT2025590,Benjamin Jackson,01/02/2013,97 Sau Mau Ping,KTPS007,"48,70,36,91,100,55,80","59,62,62,58,4,62,23",APP2025590,"KTSS017,KTSS016,KTSS013,KTSS006,KTSS012,KTSS019,KTSS002,KTSS014,KTSS009,KTSS003,KTSS020,KTSS008,KTSS001,KTSS015,KTSS018,KTSS005,KTSS011,KTSS010,KTSS004,KTSS007"
KT2025591,Amelia Taylor,04/27/2013,99 Lam Tin Road,KTPS005,"1,8,53,35,0,51,22","37,5,30,18,59,96,54",APP2025591,"KTSS013,KTSS019,KTSS001,KTSS002,KTSS007,KTSS005,KTSS012,KTSS010,KTSS008,KTSS006,KTSS009,KTSS011,KTSS018,KTSS014,KTSS017,KTSS015,KTSS016,KTSS004,KTSS003,KTSS020"
KT2025592,Emily Rodriguez,09/11/2013,24 Kwun Tong Rd,KTPS007,"51,60,3,40,68,70,31","55,72,25,92,45,61,20",APP2025592,"KTSS001,KTSS009,KTSS016,KTSS006,KTSS004,KTSS020,KTSS019,KTSS014,KTSS003,KTSS007,KTSS005,KTSS010,KTSS012,KTSS002,KTSS008,KTSS011,KTSS015,KTSS017,KTSS018,KTSS013"
KT2025593,Amelia Gonzalez,09/06/2013,23 Kowloon Bay,KTPS012,"20,79,73,52,32,35,84","9,38,90,100,74,2,32",APP2025593,"KTSS011,KTSS017,KTSS003,KTSS006,KTSS015,KTSS001,KTSS009,KTSS012,KTSS019,KTSS014,KTSS018,KTSS013,KTSS008,KTSS010,KTSS005,KTSS007,KTSS020,KTSS002,KTSS016,KTSS004"
KT2025594,Ethan Anderson,12/28/2013,92 Tsui Ping Rd,KTPS007,"34,25,4,78,1,52,91","3,50,43,25,90,61,39",APP2025594,"KTSS003,KTSS009,KTSS008,KTSS005,KTSS016,KTSS007,KTSS011,KTSS002,KTSS014,KTSS004,KTSS010,KTSS006,KTSS017,KTSS015,KTSS018,KTSS013,KTSS001,KTSS012,KTSS020,KTSS019"
KT2025595,Alexander Moore,10/07/2013,63 Lei Yue Mun,KTPS001,"7,11,99,16,92,73,18","39,37,48,48,74,73,11",APP2025595,"KTSS012,KTSS009,KTSS017,KTSS013,KTSS001,KTSS004,KTSS007,KTSS003,KTSS019,KTSS014,KTSS008,KTSS005,KTSS011,KTSS002,KTSS010,KTSS020,KTSS018,KTSS015,KTSS006,KTSS016"
KT2025596,Isabella Taylor,10/13/2013,44 Yau Tong Bay,KTPS014,"3,28,2,35,30,51,23","22,1,5,58,60,7,33",APP2025596,"KTSS017,KTSS009,KTSS010,KTSS006,KTSS001,KTSS002,KTSS011,KTSS019,KTSS012,KTSS013,KTSS007,KTSS005,KTSS008,KTSS016,KTSS018,KTSS014,KTSS004,KTSS015,KTSS020,KTSS003"
KT2025597,Ethan Gonzalez,04/28/2013,59 Kowloon Bay,KTPS005,"52,59,53,26,98,84,85","77,59,52,15,76,100,70",APP2025597,"KTSS006,KTSS011,KTSS017,KTSS015,KTSS003,KTSS008,KTSS009,KTSS016,KTSS012,KTSS001,KTSS005,KTSS007,KTSS002,KTSS020,KTSS004,KTSS019,KTSS014,KTSS010,KTSS018,KTSS013"
KT2025598,Olivia Wilson,07/24/2013,72 Lei Yue Mun,KTPS019,"43,9,12,34,36,49,28","72,48,36,22,47,53,24",APP2025598,"KTSS016,KTSS007,KTSS006,KTSS004,KTSS020,KTSS012,KTSS019,KTSS013,KTSS003,KTSS018,KTSS008,KTSS005,KTSS010,KTSS015,KTSS001,KTSS014,KTSS009,KTSS017,KTSS011,KTSS002"
KT2025599,Daniel Moore,07/02/2013,8 Tsui Ping Rd,KTPS004,"65,66,35,12,90,6,79","61,65,0,26,88,65,13",APP2025599,"KTSS012,KTSS015,KTSS011,KTSS007,KTSS010,KTSS017,KTSS016,KTSS005,KTSS004,KTSS014,KTSS003,KTSS008,KTSS020,KTSS001,KTSS006,KTSS002,KTSS013,KTSS009,KTSS019,KTSS018"
KT2025600,Ethan Lopez,08/28/2013,1 Kowloon Bay,KTPS005,"30,58,33,62,37,82,18","80,71,81,48,86,17,79",APP2025600,"KTSS015,KTSS012,KTSS018,KTSS014,KTSS002,KTSS010,KTSS004,KTSS019,KTSS005,KTSS017,KTSS001,KTSS006,KTSS011,KTSS013,KTSS016,KTSS008,KTSS003,KTSS020,KTSS007,KTSS009"
KT2025601,Olivia Johnson,05/13/2013,46 Kwun Tong Bypass,KTPS008,"49,17,65,40,2,68,63","26,74,63,58,28,48,93",APP2025601,"KTSS005,KTSS003,KTSS018,KTSS011,KTSS019,KTSS009,KTSS013,KTSS015,KTSS010,KTSS006,KTSS017,KTSS002,KTSS020,KTSS016,KTSS008,KTSS004,KTSS007,KTSS012,KTSS014,KTSS001"
KT2025602,Matthew Garcia,10/24/2013,100 Kowloon Bay,KTPS009,"54,55,94,42,63,17,36","91,82,65,73,16,41,8",APP2025602,"KTSS015,KTSS017,KTSS003,KTSS007,KTSS008,KTSS020,KTSS005,KTSS016,KTSS018,KTSS010,KTSS013,KTSS009,KTSS002,KTSS012,KTSS014,KTSS019,KTSS011,KTSS006,KTSS001,KTSS004"
KT2025603,Daniel Davis,12/07/2013,60 Sau Mau Ping,KTPS001,"34,92,22,50,28,20,99","81,70,63,68,55,0,70",APP2025603,"KTSS006,KTSS012,KTSS018,KTSS009,KTSS003,KTSS013,KTSS004,KTSS005,KTSS008,KTSS002,KTSS001,KTSS010,KTSS020,KTSS014,KTSS015,KTSS017,KTSS007,KTSS011,KTSS016,KTSS019"
KT2025604,Daniel Gonzalez,04/17/2013,57 Lam Tin Road,KTPS005,"37,70,83,87,84,96,39","80,28,68,17,12,56,80",APP2025604,"KTSS004,KTSS002,KTSS007,KTSS010,KTSS009,KTSS003,KTSS006,KTSS018,KTSS012,KTSS011,KTSS013,KTSS016,KTSS019,KTSS001,KTSS015,KTSS020,KTSS014,KTSS005,KTSS008,KTSS017"
KT2025605,Mia Smith,01/12/2013,6 Kwun Tong Rd,KTPS020,"14,64,10,66,64,39,5","49,25,28,94,39,2,75",APP2025605,"KTSS003,KTSS019,KTSS012,KTSS002,KTSS020,KTSS005,KTSS006,KTSS015,KTSS001,KTSS010,KTSS017,KTSS011,KTSS009,KTSS016,KTSS007,KTSS008,KTSS013,KTSS004,KTSS018,KTSS014"
KT2025606,John Johnson,11/17/2013,31 Kwun Tong Bypass,KTPS010,"22,33,76,38,90,91,28","77,52,69,56,65,46,60",APP2025606,"KTSS006,KTSS011,KTSS005,KTSS013,KTSS016,KTSS002,KTSS018,KTSS009,KTSS004,KTSS010,KTSS008,KTSS015,KTSS001,KTSS007,KTSS003,KTSS020,KTSS019,KTSS017,KTSS012,KTSS014"
KT2025607,Michael Brown,04/29/2013,13 Sau Mau Ping,KTPS019,"76,88,45,53,51,67,80","39,69,77,8,100,18,14",APP2025607,"KTSS018,KTSS016,KTSS005,KTSS020,KTSS015,KTSS012,KTSS001,KTSS019,KTSS017,KTSS004,KTSS002,KTSS007,KTSS010,KTSS006,KTSS003,KTSS009,KTSS008,KTSS011,KTSS013,KTSS014"
KT2025608,Mia Wilson,11/13/2013,30 Kwun Tong Rd,KTPS006,"94,95,19,76,70,33,47","8,47,88,96,46,21,98",APP2025608,"KTSS013,KTSS001,KTSS016,KTSS002,KTSS011,KTSS003,KTSS008,KTSS010,KTSS017,KTSS005,KTSS018,KTSS019,KTSS007,KTSS006,KTSS009,KTSS004,KTSS014,KTSS012,KTSS015,KTSS020"
KT2025609,David Thomas,05/04/2013,17 Kwun Tong Bypass,KTPS004,"64,90,86,80,59,33,4","48,81,39,10,67,5,100",APP2025609,"KTSS013,KTSS014,KTSS008,KTSS006,KTSS003,KTSS020,KTSS005,KTSS016,KTSS010,KTSS011,KTSS004,KTSS017,KTSS009,KTSS001,KTSS019,KTSS007,KTSS002,KTSS012,KTSS018,KTSS015"
KT2025610,Emily Williams,01/30/2013,77 Kowloon Bay,KTPS012,"86,22,81,88,54,98,56","15,92,24,49,51,86,76",APP2025610,"KTSS005,KTSS004,KTSS014,KTSS003,KTSS016,KTSS006,KTSS010,KTSS002,KTSS008,KTSS015,KTSS009,KTSS013,KTSS018,KTSS020,KTSS019,KTSS007,KTSS001,KTSS012,KTSS017,KTSS011"
KT2025611,Harper Brown,03/24/2013,16 Tsui Ping Rd,KTPS004,"99,85,65,30,24,33,54","72,78,65,81,41,45,48",APP2025611,"KTSS004,KTSS008,KTSS015,KTSS017,KTSS011,KTSS005,KTSS009,KTSS018,KTSS020,KTSS003,KTSS007,KTSS013,KTSS001,KTSS012,KTSS002,KTSS010,KTSS006,KTSS016,KTSS014,KTSS019"
KT2025612,Sarah Thomas,03/01/2013,28 Lei Yue Mun,KTPS005,"61,65,13,25,47,13,61","4,32,77,54,54,24,99",APP2025612,"KTSS016,KTSS013,KTSS014,KTSS018,KTSS019,KTSS002,KTSS003,KTSS015,KTSS005,KTSS017,KTSS012,KTSS006,KTSS010,KTSS011,KTSS009,KTSS020,KTSS004,KTSS007,KTSS001,KTSS008"
KT2025613,Benjamin Rodriguez,01/11/2013,20 Ngau Tau Kok Rd,KTPS001,"79,0,27,22,12,24,76","49,94,59,87,68,5,10",APP2025613,"KTSS003,KTSS015,KTSS018,KTSS016,KTSS011,KTSS008,KTSS007,KTSS020,KTSS017,KTSS004,KTSS002,KTSS006,KTSS009,KTSS001,KTSS019,KTSS012,KTSS005,KTSS014,KTSS013,KTSS010"
KT2025614,Olivia Wilson,02/08/2013,58 Ngau Tau Kok Rd,KTPS019,"97,26,77,86,8,96,62","40,5,50,16,4,77,47",APP2025614,"KTSS003,KTSS020,KTSS016,KTSS008,KTSS019,KTSS002,KTSS010,KTSS014,KTSS011,KTSS013,KTSS007,KTSS005,KTSS001,KTSS004,KTSS015,KTSS009,KTSS006,KTSS018,KTSS017,KTSS012"
KT2025615,James Jackson,02/16/2013,95 Kwun Tong Rd,KTPS009,"31,46,81,15,63,84,49","7,74,86,64,67,70,65",APP2025615,"KTSS005,KTSS003,KTSS007,KTSS017,KTSS020,KTSS016,KTSS011,KTSS002,KTSS009,KTSS012,KTSS006,KTSS001,KTSS018,KTSS010,KTSS015,KTSS019,KTSS008,KTSS013,KTSS004,KTSS014"
KT2025616,Sarah Gonzalez,11/11/2013,81 Sau Mau Ping,KTPS003,"24,94,81,3,88,67,94","47,99,49,30,64,52,65",APP2025616,"KTSS006,KTSS013,KTSS007,KTSS018,KTSS014,KTSS011,KTSS001,KTSS012,KTSS002,KTSS016,KTSS010,KTSS019,KTSS005,KTSS009,KTSS020,KTSS003,KTSS008,KTSS015,KTSS017,KTSS004"
KT2025617,Michael Smith,04/14/2013,46 Ngau Tau Kok Rd,KTPS019,"48,89,44,88,73,33,88","4,74,70,65,55,22,1",APP2025617,"KTSS004,KTSS001,KTSS014,KTSS011,KTSS009,KTSS002,KTSS008,KTSS017,KTSS007,KTSS010,KTSS012,KTSS003,KTSS018,KTSS006,KTSS005,KTSS015,KTSS016,KTSS019,KTSS020,KTSS013"
KT2025618,Sophia Anderson,09/26/2013,77 Kowloon Bay,KTPS018,"84,31,6,30,4,72,78","55,70,26,43,5,5,23",APP2025618,"KTSS017,KTSS007,KTSS008,KTSS005,KTSS012,KTSS004,KTSS002,KTSS009,KTSS016,KTSS019,KTSS010,KTSS006,KTSS015,KTSS018,KTSS011,KTSS003,KTSS001,KTSS014,KTSS020,KTSS013"
KT2025619,Mia Miller,10/25/2013,13 Sau Mau Ping,KTPS017,"69,43,26,57,29,49,38","31,74,3,60,35,96,55",APP2025619,"KTSS017,KTSS011,KTSS016,KTSS008,KTSS004,KTSS006,KTSS001,KTSS007,KTSS005,KTSS020,KTSS012,KTSS010,KTSS018,KTSS003,KTSS013,KTSS014,KTSS019,KTSS015,KTSS002,KTSS009"
KT2025620,Alexander Taylor,02/27/2013,67 Lei Yue Mun,KTPS008,"81,22,63,55,4,49,17","98,75,32,4,3,74,90",APP2025620,"KTSS008,KTSS018,KTSS003,KTSS007,KTSS002,KTSS010,KTSS005,KTSS015,KTSS013,KTSS009,KTSS011,KTSS017,KTSS004,KTSS016,KTSS012,KTSS019,KTSS014,KTSS006,KTSS020,KTSS001"
KT2025621,Alexander Wilson,03/17/2013,20 Kwun Tong Bypass,KTPS003,"100,48,73,98,50,7,92","25,88,73,51,22,70,24",APP2025621,"KTSS011,KTSS008,KTSS015,KTSS014,KTSS009,KTSS018,KTSS002,KTSS012,KTSS013,KTSS016,KTSS019,KTSS010,KTSS005,KTSS006,KTSS004,KTSS001,KTSS003,KTSS007,KTSS017,KTSS020"
KT2025622,Isabella Jones,10/03/2013,89 Yau Tong Bay,KTPS020,"80,91,18,85,17,72,8","0,75,47,10,89,4,62",APP2025622,"KTSS010,KTSS002,KTSS017,KTSS011,KTSS003,KTSS016,KTSS018,KTSS007,KTSS004,KTSS012,KTSS014,KTSS005,KTSS019,KTSS015,KTSS009,KTSS020,KTSS008,KTSS006,KTSS001,KTSS013"
KT2025623,James Garcia,03/13/2013,24 Lam Tin Road,KTPS011,"26,54,13,50,75,71,42","88,17,34,99,86,38,73",APP2025623,"KTSS014,KTSS009,KTSS019,KTSS011,KTSS016,KTSS003,KTSS007,KTSS001,KTSS004,KTSS010,KTSS002,KTSS012,KTSS005,KTSS018,KTSS008,KTSS020,KTSS017,KTSS006,KTSS013,KTSS015"
KT2025624,David Taylor,11/30/2013,22 Kwun Tong Rd,KTPS018,"68,5,66,43,13,33,47","41,48,67,37,28,11,73",APP2025624,"KTSS011,KTSS016,KTSS002,KTSS015,KTSS008,KTSS020,KTSS012,KTSS010,KTSS004,KTSS017,KTSS001,KTSS019,KTSS006,KTSS005,KTSS003,KTSS013,KTSS007,KTSS018,KTSS014,KTSS009"
KT2025625,Daniel Jones,01/08/2013,61 Ngau Tau Kok Rd,KTPS006,"16,84,79,89,52,11,43","68,86,37,29,36,67,19",APP2025625,"KTSS004,KTSS011,KTSS013,KTSS014,KTSS015,KTSS006,KTSS001,KTSS018,KTSS003,KTSS009,KTSS020,KTSS002,KTSS017,KTSS012,KTSS007,KTSS010,KTSS016,KTSS008,KTSS005,KTSS019"
KT2025626,Alexander Brown,07/17/2013,32 Yau Tong Bay,KTPS008,"68,59,5,2,78,27,28","91,4,59,91,18,12,100",APP2025626,"KTSS017,KTSS008,KTSS005,KTSS019,KTSS016,KTSS010,KTSS020,KTSS001,KTSS002,KTSS018,KTSS004,KTSS013,KTSS006,KTSS012,KTSS009,KTSS011,KTSS007,KTSS015,KTSS003,KTSS014"
KT2025627,Alexander Moore,07/23/2013,4 Ngau Tau Kok Rd,KTPS004,"97,79,81,36,20,72,59","56,75,70,67,53,85,16",APP2025627,"KTSS012,KTSS001,KTSS003,KTSS015,KTSS019,KTSS006,KTSS016,KTSS017,KTSS018,KTSS002,KTSS005,KTSS008,KTSS009,KTSS011,KTSS020,KTSS014,KTSS010,KTSS013,KTSS004,KTSS007"
KT2025628,Mary Jones,03/08/2013,63 Hoi Yuen Road,KTPS008,"47,90,2,12,17,53,48","100,96,48,10,45,46,30",APP2025628,"KTSS019,KTSS017,KTSS004,KTSS010,KTSS006,KTSS020,KTSS009,KTSS012,KTSS001,KTSS011,KTSS013,KTSS003,KTSS018,KTSS005,KTSS008,KTSS002,KTSS014,KTSS016,KTSS007,KTSS015"
KT2025629,Amelia Davis,08/26/2013,40 Hoi Yuen Road,KTPS020,"39,38,66,41,24,25,80","73,51,76,54,26,18,13",APP2025629,"KTSS020,KTSS009,KTSS015,KTSS019,KTSS005,KTSS010,KTSS008,KTSS004,KTSS006,KTSS017,KTSS003,KTSS002,KTSS007,KTSS016,KTSS018,KTSS014,KTSS012,KTSS001,KTSS013,KTSS011"
KT2025630,Emily Smith,05/06/2013,34 Kowloon Bay,KTPS008,"35,62,41,76,0,54,62","63,5,11,40,78,78,88",APP2025630,"KTSS014,KTSS016,KTSS001,KTSS002,KTSS018,KTSS003,KTSS019,KTSS010,KTSS007,KTSS013,KTSS015,KTSS005,KTSS004,KTSS012,KTSS009,KTSS011,KTSS017,KTSS008,KTSS020,KTSS006"
KT2025631,Mia Thomas,04/12/2013,39 Hoi Yuen Road,KTPS002,"67,17,22,19,28,78,35","45,46,39,34,45,8,63",APP2025631,"KTSS013,KTSS011,KTSS018,KTSS003,KTSS020,KTSS019,KTSS010,KTSS009,KTSS006,KTSS002,KTSS001,KTSS004,KTSS005,KTSS008,KTSS017,KTSS014,KTSS007,KTSS016,KTSS015,KTSS012"
KT2025632,Emily Garcia,11/06/2013,1 Yau Tong Bay,KTPS020,"92,63,54,38,62,29,78","12,0,95,64,63,46,47",APP2025632,"KTSS020,KTSS007,KTSS002,KTSS018,KTSS009,KTSS010,KTSS013,KTSS003,KTSS008,KTSS019,KTSS011,KTSS006,KTSS012,KTSS014,KTSS016,KTSS004,KTSS017,KTSS005,KTSS001,KTSS015"
KT2025633,Harper Miller,04/21/2013,82 Lam Tin Road,KTPS019,"31,38,47,17,90,11,48","38,57,48,46,92,11,28",APP2025633,"KTSS005,KTSS016,KTSS011,KTSS015,KTSS001,KTSS018,KTSS013,KTSS003,KTSS008,KTSS012,KTSS014,KTSS009,KTSS002,KTSS007,KTSS020,KTSS010,KTSS019,KTSS004,KTSS006,KTSS017"
KT2025634,Michael Smith,03/01/2013,94 Tsui Ping Rd,KTPS007,"36,85,85,20,100,39,6","92,7,55,87,7,71,7",APP2025634,"KTSS002,KTSS008,KTSS019,KTSS004,KTSS006,KTSS003,KTSS013,KTSS014,KTSS005,KTSS010,KTSS020,KTSS009,KTSS001,KTSS007,KTSS015,KTSS017,KTSS018,KTSS011,KTSS016,KTSS012"
KT2025635,Mary Miller,09/06/2013,17 Tsui Ping Rd,KTPS020,"37,30,12,22,70,97,15","60,99,50,12,19,1,98",APP2025635,"KTSS001,KTSS005,KTSS019,KTSS020,KTSS018,KTSS004,KTSS008,KTSS011,KTSS006,KTSS010,KTSS007,KTSS014,KTSS003,KTSS009,KTSS013,KTSS012,KTSS016,KTSS017,KTSS002,KTSS015"
KT2025636,Mary Martinez,11/29/2013,46 Sau Mau Ping,KTPS019,"72,50,58,77,54,99,39","88,28,27,28,22,38,91",APP2025636,"KTSS013,KTSS009,KTSS016,KTSS017,KTSS008,KTSS012,KTSS020,KTSS004,KTSS018,KTSS002,KTSS010,KTSS003,KTSS014,KTSS005,KTSS006,KTSS007,KTSS001,KTSS011,KTSS019,KTSS015"
KT2025637,Sophia Martinez,11/16/2013,34 Yau Tong Bay,KTPS001,"5,23,98,41,26,27,41","2,46,95,74,31,11,84",APP2025637,"KTSS012,KTSS017,KTSS015,KTSS007,KTSS010,KTSS005,KTSS006,KTSS009,KTSS016,KTSS011,KTSS020,KTSS001,KTSS018,KTSS019,KTSS003,KTSS013,KTSS014,KTSS008,KTSS004,KTSS002"
KT2025638,Ethan Gonzalez,05/02/2013,45 Kwun Tong Bypass,KTPS003,"11,18,28,38,21,4,97","35,88,52,49,41,7,25",APP2025638,"KTSS014,KTSS020,KTSS016,KTSS001,KTSS013,KTSS003,KTSS011,KTSS018,KTSS009,KTSS004,KTSS010,KTSS017,KTSS019,KTSS012,KTSS006,KTSS005,KTSS002,KTSS007,KTSS008,KTSS015"
KT2025639,Charlotte Rodriguez,03/21/2013,91 Lam Tin Road,KTPS012,"57,3,66,20,55,72,73","54,32,61,44,57,59,41",APP2025639,"KTSS014,KTSS007,KTSS006,KTSS011,KTSS020,KTSS016,KTSS004,KTSS005,KTSS009,KTSS008,KTSS012,KTSS013,KTSS003,KTSS010,KTSS015,KTSS017,KTSS019,KTSS018,KTSS002,KTSS001"
KT2025640,Olivia Taylor,07/17/2013,71 Hoi Yuen Road,KTPS007,"24,66,77,73,25,53,41","75,20,4,29,17,11,10",APP2025640,"KTSS014,KTSS020,KTSS003,KTSS011,KTSS013,KTSS004,KTSS008,KTSS012,KTSS017,KTSS002,KTSS007,KTSS019,KTSS016,KTSS001,KTSS009,KTSS010,KTSS018,KTSS005,KTSS006,KTSS015"
KT2025641,Charlotte Martinez,10/22/2013,47 Kowloon Bay,KTPS006,"37,24,62,66,46,1,31","49,15,4,30,3,70,60",APP2025641,"KTSS016,KTSS010,KTSS017,KTSS002,KTSS013,KTSS015,KTSS011,KTSS020,KTSS009,KTSS008,KTSS005,KTSS007,KTSS012,KTSS004,KTSS006,KTSS018,KTSS014,KTSS003,KTSS019,KTSS001"
KT2025642,Isabella Miller,01/02/2013,95 Sau Mau Ping,KTPS015,"85,44,92,57,17,9,78","73,34,7,25,42,20,28",APP2025642,"KTSS009,KTSS013,KTSS016,KTSS005,KTSS017,KTSS018,KTSS014,KTSS007,KTSS008,KTSS003,KTSS010,KTSS006,KTSS002,KTSS004,KTSS020,KTSS001,KTSS012,KTSS015,KTSS019,KTSS011"
KT2025643,Benjamin Williams,09/29/2013,100 Lei Yue Mun,KTPS004,"4,5,83,69,0,56,7","41,94,36,24,54,15,14",APP2025643,"KTSS006,KTSS018,KTSS019,KTSS002,KTSS010,KTSS012,KTSS020,KTSS007,KTSS009,KTSS004,KTSS008,KTSS011,KTSS016,KTSS001,KTSS015,KTSS014,KTSS005,KTSS003,KTSS017,KTSS013"
KT2025644,Emily Martin,08/26/2013,76 Ngau Tau Kok Rd,KTPS017,"44,33,43,17,39,87,5","26,30,1,51,12,56,85",APP2025644,"KTSS018,KTSS001,KTSS012,KTSS011,KTSS006,KTSS017,KTSS008,KTSS002,KTSS016,KTSS005,KTSS004,KTSS009,KTSS007,KTSS003,KTSS013,KTSS014,KTSS010,KTSS015,KTSS020,KTSS019"
KT2025645,Sophia Hernandez,07/31/2013,3 Hoi Yuen Road,KTPS009,"66,46,64,54,30,25,21","23,54,47,32,14,16,42",APP2025645,"KTSS001,KTSS011,KTSS013,KTSS003,KTSS012,KTSS002,KTSS018,KTSS009,KTSS005,KTSS010,KTSS017,KTSS020,KTSS015,KTSS016,KTSS004,KTSS014,KTSS007,KTSS008,KTSS006,KTSS019"
KT2025646,Daniel Thomas,05/12/2013,85 Ngau Tau Kok Rd,KTPS018,"81,5,65,63,6,64,75","8,26,21,100,4,78,66",APP2025646,"KTSS011,KTSS001,KTSS009,KTSS007,KTSS006,KTSS015,KTSS020,KTSS008,KTSS016,KTSS005,KTSS017,KTSS014,KTSS018,KTSS003,KTSS002,KTSS013,KTSS004,KTSS012,KTSS019,KTSS010"
KT2025647,James Martin,07/24/2013,6 Tsui Ping Rd,KTPS017,"31,28,29,1,24,59,87","51,77,50,67,21,83,28",APP2025647,"KTSS019,KTSS005,KTSS006,KTSS011,KTSS016,KTSS018,KTSS002,KTSS007,KTSS008,KTSS010,KTSS015,KTSS001,KTSS004,KTSS014,KTSS020,KTSS012,KTSS017,KTSS013,KTSS009,KTSS003"
KT2025648,Isabella Johnson,02/16/2013,74 Lam Tin Road,KTPS017,"88,63,66,11,4,16,49","72,22,26,18,24,19,29",APP2025648,"KTSS012,KTSS003,KTSS020,KTSS019,KTSS006,KTSS014,KTSS015,KTSS011,KTSS007,KTSS008,KTSS013,KTSS016,KTSS001,KTSS004,KTSS017,KTSS002,KTSS009,KTSS010,KTSS005,KTSS018"
KT2025649,Mary Lopez,10/19/2013,9 Yau Tong Bay,KTPS015,"23,5,76,75,89,74,70","94,54,31,69,68,12,19",APP2025649,"KTSS004,KTSS014,KTSS001,KTSS007,KTSS015,KTSS003,KTSS019,KTSS017,KTSS018,KTSS002,KTSS020,KTSS009,KTSS012,KTSS013,KTSS010,KTSS011,KTSS016,KTSS005,KTSS008,KTSS006"
KT2025650,Matthew Garcia,04/09/2013,31 Ngau Tau Kok Rd,KTPS015,"66,42,22,66,6,35,4","17,73,30,25,52,7,1",APP2025650,"KTSS009,KTSS002,KTSS018,KTSS006,KTSS005,KTSS007,KTSS011,KTSS003,KTSS020,KTSS010,KTSS001,KTSS016,KTSS017,KTSS008,KTSS015,KTSS012,KTSS004,KTSS013,KTSS019,KTSS014"
KT2025651,James Gonzalez,04/15/2013,7 Lei Yue Mun,KTPS019,"90,23,16,0,58,59,14","21,17,80,47,32,63,13",APP2025651,"KTSS015,KTSS011,KTSS012,KTSS007,KTSS006,KTSS020,KTSS016,KTSS019,KTSS003,KTSS005,KTSS008,KTSS004,KTSS010,KTSS002,KTSS017,KTSS009,KTSS013,KTSS018,KTSS001,KTSS014"
KT2025652,Olivia Moore,06/26/2013,44 Hoi Yuen Road,KTPS007,"83,56,58,27,18,62,92","49,33,64,42,71,59,22",APP2025652,"KTSS007,KTSS018,KTSS009,KTSS003,KTSS014,KTSS005,KTSS017,KTSS002,KTSS010,KTSS011,KTSS019,KTSS013,KTSS015,KTSS012,KTSS008,KTSS020,KTSS001,KTSS016,KTSS006,KTSS004"
KT2025653,Michael Taylor,02/28/2013,33 Tsui Ping Rd,KTPS006,"46,74,44,40,87,24,21","60,85,66,25,36,29,90",APP2025653,"KTSS008,KTSS018,KTSS012,KTSS017,KTSS006,KTSS005,KTSS007,KTSS020,KTSS014,KTSS001,KTSS010,KTSS002,KTSS004,KTSS013,KTSS019,KTSS003,KTSS009,KTSS016,KTSS011,KTSS015"
KT2025654,Benjamin Wilson,08/29/2013,85 Kowloon Bay,KTPS008,"79,70,47,80,12,2,99","33,91,18,89,62,70,76",APP2025654,"KTSS009,KTSS010,KTSS003,KTSS013,KTSS020,KTSS018,KTSS008,KTSS017,KTSS005,KTSS004,KTSS007,KTSS012,KTSS011,KTSS002,KTSS016,KTSS001,KTSS006,KTSS014,KTSS019,KTSS015"
KT2025655,David Martin,11/26/2013,31 Hoi Yuen Road,KTPS016,"13,48,9,19,10,93,40","99,58,78,54,20,100,52",APP2025655,"KTSS014,KTSS004,KTSS001,KTSS015,KTSS011,KTSS016,KTSS006,KTSS012,KTSS018,KTSS002,KTSS020,KTSS019,KTSS013,KTSS008,KTSS005,KTSS007,KTSS017,KTSS003,KTSS010,KTSS009"
KT2025656,Michael Wilson,01/15/2013,42 Tsui Ping Rd,KTPS006,"45,62,70,45,59,78,23","99,18,79,90,39,51,1",APP2025656,"KTSS012,KTSS006,KTSS005,KTSS016,KTSS010,KTSS007,KTSS018,KTSS014,KTSS003,KTSS011,KTSS001,KTSS009,KTSS002,KTSS013,KTSS019,KTSS017,KTSS008,KTSS004,KTSS020,KTSS015"
KT2025657,Alexander Johnson,04/20/2013,28 Kwun Tong Rd,KTPS009,"64,76,62,53,10,76,85","92,99,66,61,91,60,24",APP2025657,"KTSS007,KTSS006,KTSS005,KTSS020,KTSS009,KTSS018,KTSS008,KTSS019,KTSS001,KTSS013,KTSS015,KTSS002,KTSS004,KTSS012,KTSS011,KTSS014,KTSS010,KTSS016,KTSS003,KTSS017"
KT2025658,Ethan Davis,08/25/2013,23 Kwun Tong Bypass,KTPS006,"52,21,56,49,60,48,58","72,53,68,62,75,33,35",APP2025658,"KTSS007,KTSS004,KTSS019,KTSS017,KTSS003,KTSS001,KTSS018,KTSS002,KTSS012,KTSS011,KTSS006,KTSS020,KTSS014,KTSS008,KTSS016,KTSS005,KTSS010,KTSS013,KTSS015,KTSS009"
KT2025659,Michael Gonzalez,04/11/2013,66 Lam Tin Road,KTPS015,"43,0,32,57,14,26,40","38,29,34,64,40,32,70",APP2025659,"KTSS004,KTSS018,KTSS006,KTSS017,KTSS019,KTSS013,KTSS016,KTSS007,KTSS001,KTSS020,KTSS005,KTSS010,KTSS012,KTSS014,KTSS009,KTSS002,KTSS011,KTSS008,KTSS015,KTSS003"
KT2025660,Olivia Jones,11/09/2013,39 Tsui Ping Rd,KTPS011,"58,31,60,59,35,17,36","2,18,74,87,70,65,30",APP2025660,"KTSS011,KTSS016,KTSS020,KTSS015,KTSS009,KTSS012,KTSS003,KTSS007,KTSS018,KTSS010,KTSS005,KTSS006,KTSS004,KTSS017,KTSS008,KTSS001,KTSS002,KTSS013,KTSS014,KTSS019"
KT2025661,Sophia Anderson,04/19/2013,6 Lei Yue Mun,KTPS002,"88,79,28,67,31,70,97","24,19,12,60,10,51,16",APP2025661,"KTSS013,KTSS010,KTSS003,KTSS002,KTSS017,KTSS016,KTSS018,KTSS012,KTSS008,KTSS009,KTSS005,KTSS006,KTSS004,KTSS019,KTSS011,KTSS020,KTSS007,KTSS014,KTSS001,KTSS015"
KT2025662,Ethan Williams,12/31/2013,85 Lei Yue Mun,KTPS019,"13,81,68,49,0,75,9","46,81,36,12,72,31,61",APP2025662,"KTSS019,KTSS003,KTSS007,KTSS002,KTSS020,KTSS018,KTSS008,KTSS010,KTSS017,KTSS016,KTSS014,KTSS006,KTSS001,KTSS013,KTSS012,KTSS015,KTSS011,KTSS009,KTSS004,KTSS005"
KT2025663,Daniel Davis,12/05/2013,87 Kwun Tong Rd,KTPS002,"13,48,79,5,94,76,12","83,68,68,95,2,42,75",APP2025663,"KTSS001,KTSS002,KTSS007,KTSS016,KTSS005,KTSS003,KTSS018,KTSS006,KTSS014,KTSS008,KTSS012,KTSS020,KTSS004,KTSS010,KTSS015,KTSS009,KTSS011,KTSS013,KTSS017,KTSS019"
KT2025664,Mary Garcia,09/01/2013,9 Kwun Tong Rd,KTPS015,"56,63,79,88,1,59,40","78,0,87,13,15,45,22",APP2025664,"KTSS003,KTSS008,KTSS017,KTSS020,KTSS007,KTSS004,KTSS014,KTSS002,KTSS005,KTSS015,KTSS012,KTSS001,KTSS011,KTSS016,KTSS018,KTSS006,KTSS009,KTSS010,KTSS019,KTSS013"
KT2025665,James Martin,09/23/2013,100 Ngau Tau Kok Rd,KTPS006,"33,15,81,56,96,75,7","35,84,81,23,6,17,35",APP2025665,"KTSS015,KTSS005,KTSS012,KTSS017,KTSS018,KTSS014,KTSS001,KTSS004,KTSS006,KTSS016,KTSS007,KTSS008,KTSS019,KTSS009,KTSS011,KTSS020,KTSS010,KTSS013,KTSS003,KTSS002"
KT2025666,Daniel Martinez,01/22/2013,2 Ngau Tau Kok Rd,KTPS010,"60,93,68,58,71,28,48","39,39,33,19,14,53,98",APP2025666,"KTSS011,KTSS009,KTSS018,KTSS002,KTSS013,KTSS003,KTSS015,KTSS005,KTSS019,KTSS007,KTSS012,KTSS020,KTSS016,KTSS014,KTSS010,KTSS004,KTSS017,KTSS008,KTSS006,KTSS001"
KT2025667,Benjamin Garcia,07/21/2013,29 Hoi Yuen Road,KTPS018,"37,0,24,27,2,33,8","17,79,94,38,63,20,68",APP2025667,"KTSS010,KTSS007,KTSS017,KTSS016,KTSS018,KTSS002,KTSS020,KTSS009,KTSS011,KTSS004,KTSS012,KTSS014,KTSS015,KTSS008,KTSS006,KTSS005,KTSS003,KTSS019,KTSS001,KTSS013"
KT2025668,Charlotte Rodriguez,12/26/2013,93 Kwun Tong Bypass,KTPS004,"55,83,26,9,78,19,4","76,8,28,32,14,8,79",APP2025668,"KTSS020,KTSS009,KTSS008,KTSS011,KTSS010,KTSS017,KTSS002,KTSS007,KTSS018,KTSS001,KTSS003,KTSS014,KTSS012,KTSS006,KTSS004,KTSS019,KTSS015,KTSS005,KTSS016,KTSS013"
KT2025669,Mia Jones,05/27/2013,89 Tsui Ping Rd,KTPS002,"11,77,54,96,0,32,62","11,77,63,45,29,36,74",APP2025669,"KTSS002,KTSS012,KTSS010,KTSS004,KTSS019,KTSS020,KTSS001,KTSS008,KTSS013,KTSS006,KTSS017,KTSS011,KTSS003,KTSS009,KTSS005,KTSS015,KTSS018,KTSS014,KTSS016,KTSS007"
KT2025670,Mary Smith,12/24/2013,68 Lam Tin Road,KTPS020,"60,14,55,98,37,1,10","70,64,86,35,7,61,5",APP2025670,"KTSS003,KTSS017,KTSS012,KTSS007,KTSS020,KTSS006,KTSS001,KTSS010,KTSS011,KTSS005,KTSS002,KTSS015,KTSS014,KTSS019,KTSS018,KTSS009,KTSS008,KTSS004,KTSS016,KTSS013"
KT2025671,Ethan Wilson,07/01/2013,46 Lei Yue Mun,KTPS004,"20,39,77,80,34,3,11","67,7,39,81,44,54,57",APP2025671,"KTSS015,KTSS009,KTSS006,KTSS012,KTSS004,KTSS019,KTSS018,KTSS001,KTSS002,KTSS011,KTSS010,KTSS013,KTSS007,KTSS020,KTSS016,KTSS005,KTSS014,KTSS017,KTSS008,KTSS003"
KT2025672,David Moore,03/08/2013,55 Kwun Tong Bypass,KTPS020,"46,13,41,98,57,75,75","8,84,58,96,49,14,27",APP2025672,"KTSS020,KTSS013,KTSS002,KTSS019,KTSS007,KTSS011,KTSS016,KTSS008,KTSS012,KTSS003,KTSS004,KTSS015,KTSS017,KTSS005,KTSS010,KTSS006,KTSS001,KTSS014,KTSS009,KTSS018"
KT2025673,Matthew Lopez,11/26/2013,57 Hoi Yuen Road,KTPS016,"38,44,32,11,88,82,79","87,68,43,96,70,39,72",APP2025673,"KTSS002,KTSS010,KTSS004,KTSS020,KTSS006,KTSS015,KTSS019,KTSS011,KTSS003,KTSS018,KTSS016,KTSS013,KTSS009,KTSS017,KTSS008,KTSS007,KTSS005,KTSS012,KTSS001,KTSS014"
KT2025674,Alexander Smith,08/11/2013,80 Hoi Yuen Road,KTPS020,"61,20,36,38,75,96,29","86,99,67,40,64,63,64",APP2025674,"KTSS004,KTSS010,KTSS007,KTSS012,KTSS008,KTSS006,KTSS001,KTSS009,KTSS005,KTSS020,KTSS002,KTSS014,KTSS016,KTSS019,KTSS015,KTSS017,KTSS018,KTSS011,KTSS013,KTSS003"
KT2025675,Amelia Brown,12/05/2013,38 Lei Yue Mun,KTPS001,"63,39,5,22,57,61,3","56,69,87,47,53,34,44",APP2025675,"KTSS005,KTSS002,KTSS017,KTSS019,KTSS012,KTSS011,KTSS014,KTSS020,KTSS004,KTSS006,KTSS010,KTSS013,KTSS008,KTSS016,KTSS007,KTSS018,KTSS003,KTSS009,KTSS015,KTSS001"
KT2025676,Alexander Davis,03/02/2013,3 Kowloon Bay,KTPS005,"80,92,46,37,94,62,17","72,3,0,68,58,56,63",APP2025676,"KTSS011,KTSS017,KTSS018,KTSS002,KTSS015,KTSS013,KTSS003,KTSS001,KTSS010,KTSS019,KTSS004,KTSS006,KTSS016,KTSS009,KTSS008,KTSS005,KTSS012,KTSS020,KTSS014,KTSS007"
KT2025677,John Lopez,10/23/2013,75 Yau Tong Bay,KTPS010,"57,37,37,7,91,71,7","91,48,49,97,54,32,32",APP2025677,"KTSS002,KTSS007,KTSS003,KTSS020,KTSS005,KTSS009,KTSS017,KTSS010,KTSS018,KTSS006,KTSS011,KTSS019,KTSS014,KTSS015,KTSS012,KTSS001,KTSS013,KTSS016,KTSS008,KTSS004"
KT2025678,Sarah Martin,01/20/2013,10 Ngau Tau Kok Rd,KTPS001,"89,34,67,40,58,35,21","10,41,13,73,9,57,43",APP2025678,"KTSS019,KTSS006,KTSS017,KTSS015,KTSS011,KTSS020,KTSS014,KTSS018,KTSS001,KTSS005,KTSS008,KTSS016,KTSS003,KTSS013,KTSS009,KTSS002,KTSS007,KTSS004,KTSS010,KTSS012"
KT2025679,Harper Garcia,05/03/2013,52 Kwun Tong Bypass,KTPS013,"0,38,67,50,85,12,1","33,98,80,66,6,72,1",APP2025679,"KTSS008,KTSS005,KTSS004,KTSS001,KTSS012,KTSS020,KTSS003,KTSS006,KTSS014,KTSS015,KTSS019,KTSS017,KTSS018,KTSS013,KTSS007,KTSS010,KTSS009,KTSS016,KTSS002,KTSS011"
KT2025680,Matthew Thomas,08/09/2013,30 Hoi Yuen Road,KTPS009,"79,29,66,87,67,74,82","74,61,64,82,71,15,22",APP2025680,"KTSS012,KTSS004,KTSS006,KTSS003,KTSS005,KTSS010,KTSS002,KTSS011,KTSS019,KTSS009,KTSS020,KTSS008,KTSS001,KTSS016,KTSS014,KTSS018,KTSS013,KTSS015,KTSS017,KTSS007"
KT2025681,Emily Brown,12/14/2013,55 Yau Tong Bay,KTPS009,"21,76,2,76,88,2,86","67,21,79,52,86,13,21",APP2025681,"KTSS011,KTSS007,KTSS017,KTSS003,KTSS018,KTSS012,KTSS013,KTSS009,KTSS005,KTSS002,KTSS008,KTSS004,KTSS014,KTSS020,KTSS001,KTSS010,KTSS006,KTSS015,KTSS019,KTSS016"
KT2025682,John Gonzalez,05/09/2013,95 Sau Mau Ping,KTPS017,"5,95,81,7,75,46,57","30,30,23,19,75,0,68",APP2025682,"KTSS003,KTSS012,KTSS007,KTSS010,KTSS018,KTSS002,KTSS001,KTSS004,KTSS006,KTSS009,KTSS015,KTSS008,KTSS017,KTSS020,KTSS011,KTSS013,KTSS014,KTSS019,KTSS005,KTSS016"
KT2025683,Charlotte Martinez,02/04/2013,26 Lam Tin Road,KTPS001,"4,2,1,77,11,94,47","73,68,39,54,61,75,69",APP2025683,"KTSS020,KTSS011,KTSS003,KTSS001,KTSS006,KTSS019,KTSS008,KTSS007,KTSS018,KTSS009,KTSS016,KTSS010,KTSS012,KTSS014,KTSS002,KTSS013,KTSS005,KTSS017,KTSS015,KTSS004"
KT2025684,Mia Miller,12/08/2013,82 Sau Mau Ping,KTPS017,"24,2,58,25,93,74,51","17,4,46,85,42,41,61",APP2025684,"KTSS005,KTSS002,KTSS010,KTSS004,KTSS007,KTSS017,KTSS006,KTSS018,KTSS013,KTSS011,KTSS014,KTSS001,KTSS020,KTSS016,KTSS003,KTSS008,KTSS015,KTSS009,KTSS012,KTSS019"
KT2025685,William Williams,08/07/2013,20 Kwun Tong Bypass,KTPS010,"5,59,8,63,59,54,34","95,89,5,21,72,90,63",APP2025685,"KTSS007,KTSS020,KTSS005,KTSS004,KTSS018,KTSS014,KTSS019,KTSS003,KTSS016,KTSS015,KTSS010,KTSS002,KTSS008,KTSS013,KTSS001,KTSS011,KTSS009,KTSS012,KTSS006,KTSS017"
KT2025686,Benjamin Jones,04/25/2013,93 Lei Yue Mun,KTPS010,"37,9,70,64,16,96,96","28,55,60,51,12,47,52",APP2025686,"KTSS019,KTSS012,KTSS020,KTSS010,KTSS015,KTSS008,KTSS007,KTSS002,KTSS006,KTSS018,KTSS005,KTSS016,KTSS017,KTSS014,KTSS013,KTSS011,KTSS001,KTSS009,KTSS003,KTSS004"
KT2025687,Alexander Rodriguez,10/30/2013,3 Tsui Ping Rd,KTPS019,"100,36,43,95,14,42,62","1,14,31,1,52,48,87",APP2025687,"KTSS007,KTSS002,KTSS015,KTSS020,KTSS017,KTSS016,KTSS011,KTSS009,KTSS003,KTSS013,KTSS004,KTSS012,KTSS008,KTSS014,KTSS001,KTSS019,KTSS018,KTSS006,KTSS010,KTSS005"
KT2025688,Charlotte Martinez,10/26/2013,38 Ngau Tau Kok Rd,KTPS003,"75,68,78,27,31,50,89","95,38,92,27,48,85,59",APP2025688,"KTSS013,KTSS001,KTSS005,KTSS006,KTSS009,KTSS010,KTSS008,KTSS020,KTSS019,KTSS014,KTSS004,KTSS002,KTSS012,KTSS007,KTSS015,KTSS003,KTSS011,KTSS017,KTSS016,KTSS018"
KT2025689,James Garcia,07/02/2013,91 Tsui Ping Rd,KTPS020,"34,5,86,88,61,74,69","77,74,6,81,66,74,90",APP2025689,"KTSS003,KTSS013,KTSS020,KTSS019,KTSS017,KTSS012,KTSS014,KTSS001,KTSS009,KTSS011,KTSS010,KTSS007,KTSS008,KTSS002,KTSS006,KTSS018,KTSS015,KTSS004,KTSS005,KTSS016"
KT2025690,Matthew Moore,11/03/2013,97 Lei Yue Mun,KTPS009,"80,15,96,29,38,45,16","15,59,32,71,66,19,36",APP2025690,"KTSS014,KTSS016,KTSS005,KTSS002,KTSS007,KTSS019,KTSS015,KTSS008,KTSS004,KTSS001,KTSS011,KTSS012,KTSS003,KTSS018,KTSS017,KTSS013,KTSS009,KTSS010,KTSS006,KTSS020"
KT2025691,David Hernandez,08/06/2013,39 Lei Yue Mun,KTPS002,"2,69,20,59,2,38,98","48,37,65,77,30,41,6",APP2025691,"KTSS019,KTSS005,KTSS009,KTSS020,KTSS002,KTSS010,KTSS015,KTSS017,KTSS011,KTSS006,KTSS008,KTSS007,KTSS016,KTSS001,KTSS003,KTSS013,KTSS014,KTSS018,KTSS012,KTSS004"
KT2025692,Harper Moore,09/12/2013,85 Lei Yue Mun,KTPS007,"43,18,96,42,63,39,52","43,33,4,99,21,66,11",APP2025692,"KTSS014,KTSS001,KTSS019,KTSS007,KTSS012,KTSS015,KTSS020,KTSS009,KTSS010,KTSS011,KTSS016,KTSS006,KTSS013,KTSS018,KTSS002,KTSS003,KTSS005,KTSS017,KTSS004,KTSS008"
KT2025693,Isabella Garcia,04/16/2013,56 Yau Tong Bay,KTPS004,"25,75,66,6,98,79,30","77,82,66,37,27,12,4",APP2025693,"KTSS015,KTSS011,KTSS013,KTSS002,KTSS012,KTSS017,KTSS010,KTSS008,KTSS006,KTSS004,KTSS014,KTSS007,KTSS018,KTSS019,KTSS009,KTSS003,KTSS016,KTSS001,KTSS005,KTSS020"
KT2025694,David Rodriguez,09/25/2013,7 Yau Tong Bay,KTPS009,"45,91,44,47,2,16,5","11,95,33,38,63,74,87",APP2025694,"KTSS020,KTSS012,KTSS016,KTSS009,KTSS002,KTSS017,KTSS007,KTSS010,KTSS014,KTSS019,KTSS003,KTSS001,KTSS004,KTSS018,KTSS008,KTSS015,KTSS005,KTSS013,KTSS006,KTSS011"
KT2025695,Ethan Taylor,04/22/2013,80 Sau Mau Ping,KTPS013,"90,75,81,94,47,74,72","58,92,31,18,78,99,46",APP2025695,"KTSS017,KTSS003,KTSS005,KTSS002,KTSS007,KTSS004,KTSS009,KTSS018,KTSS006,KTSS008,KTSS011,KTSS019,KTSS013,KTSS001,KTSS014,KTSS020,KTSS012,KTSS015,KTSS010,KTSS016"
KT2025696,Harper Johnson,06/29/2013,49 Kwun Tong Rd,KTPS004,"13,71,39,52,39,76,81","87,20,84,66,84,43,34",APP2025696,"KTSS015,KTSS004,KTSS007,KTSS003,KTSS014,KTSS013,KTSS012,KTSS005,KTSS018,KTSS010,KTSS001,KTSS009,KTSS016,KTSS002,KTSS019,KTSS020,KTSS008,KTSS006,KTSS011,KTSS017"
KT2025697,Michael Johnson,02/07/2013,69 Kwun Tong Rd,KTPS004,"40,80,20,70,3,63,34","16,51,9,18,9,76,53",APP2025697,"KTSS014,KTSS017,KTSS002,KTSS003,KTSS020,KTSS005,KTSS018,KTSS019,KTSS013,KTSS010,KTSS009,KTSS011,KTSS016,KTSS007,KTSS001,KTSS012,KTSS004,KTSS006,KTSS015,KTSS008"
KT2025698,John Garcia,08/09/2013,68 Yau Tong Bay,KTPS010,"51,98,97,78,73,13,4","67,24,44,72,16,46,94",APP2025698,"KTSS006,KTSS015,KTSS009,KTSS010,KTSS001,KTSS012,KTSS016,KTSS018,KTSS014,KTSS013,KTSS005,KTSS007,KTSS002,KTSS008,KTSS003,KTSS020,KTSS019,KTSS011,KTSS017,KTSS004"
KT2025699,Mia Wilson,07/20/2013,22 Sau Mau Ping,KTPS017,"16,21,41,93,44,81,89","32,15,65,85,34,7,93",APP2025699,"KTSS006,KTSS002,KTSS005,KTSS020,KTSS001,KTSS007,KTSS017,KTSS012,KTSS015,KTSS010,KTSS018,KTSS013,KTSS016,KTSS004,KTSS009,KTSS019,KTSS014,KTSS008,KTSS003,KTSS011"
KT2025700,Ethan Hernandez,07/27/2013,71 Tsui Ping Rd,KTPS015,"89,32,20,15,56,5,2","19,33,18,92,68,52,80",APP2025700,"KTSS020,KTSS013,KTSS016,KTSS009,KTSS017,KTSS014,KTSS005,KTSS012,KTSS004,KTSS015,KTSS002,KTSS011,KTSS010,KTSS003,KTSS019,KTSS006,KTSS001,KTSS018,KTSS008,KTSS007"
KT2025701,Mia Jackson,06/09/2013,88 Kowloon Bay,KTPS013,"93,6,91,37,39,60,56","84,17,18,41,27,17,39",APP2025701,"KTSS011,KTSS018,KTSS017,KTSS010,KTSS008,KTSS003,KTSS001,KTSS007,KTSS019,KTSS009,KTSS020,KTSS012,KTSS002,KTSS013,KTSS006,KTSS014,KTSS016,KTSS004,KTSS015,KTSS005"
KT2025702,Alexander Martinez,10/26/2013,65 Yau Tong Bay,KTPS017,"24,99,39,14,46,49,43","47,34,40,59,16,28,13",APP2025702,"KTSS014,KTSS020,KTSS002,KTSS019,KTSS005,KTSS006,KTSS004,KTSS007,KTSS011,KTSS009,KTSS017,KTSS010,KTSS016,KTSS012,KTSS001,KTSS018,KTSS008,KTSS003,KTSS013,KTSS015"
KT2025703,Emily Williams,10/19/2013,7 Hoi Yuen Road,KTPS004,"67,81,11,72,92,84,98","9,88,67,79,90,24,77",APP2025703,"KTSS002,KTSS008,KTSS011,KTSS013,KTSS005,KTSS018,KTSS004,KTSS019,KTSS003,KTSS017,KTSS009,KTSS006,KTSS015,KTSS014,KTSS010,KTSS020,KTSS007,KTSS012,KTSS016,KTSS001"
KT2025704,John Miller,10/03/2013,6 Lei Yue Mun,KTPS001,"70,12,59,68,52,37,84","98,36,34,62,65,19,49",APP2025704,"KTSS001,KTSS016,KTSS014,KTSS005,KTSS011,KTSS020,KTSS002,KTSS003,KTSS007,KTSS010,KTSS012,KTSS009,KTSS004,KTSS006,KTSS015,KTSS018,KTSS013,KTSS019,KTSS008,KTSS017"
KT2025705,Mary Miller,05/20/2013,29 Hoi Yuen Road,KTPS017,"68,46,82,96,24,89,1","78,67,60,88,48,74,55",APP2025705,"KTSS018,KTSS008,KTSS007,KTSS005,KTSS010,KTSS012,KTSS013,KTSS011,KTSS019,KTSS009,KTSS017,KTSS006,KTSS003,KTSS020,KTSS004,KTSS002,KTSS001,KTSS015,KTSS016,KTSS014"
KT2025706,Matthew Miller,02/21/2013,36 Yau Tong Bay,KTPS019,"7,98,73,72,49,90,40","33,97,70,58,1,47,68",APP2025706,"KTSS013,KTSS011,KTSS018,KTSS009,KTSS006,KTSS007,KTSS015,KTSS012,KTSS014,KTSS005,KTSS008,KTSS004,KTSS017,KTSS001,KTSS003,KTSS002,KTSS020,KTSS010,KTSS019,KTSS016"
KT2025707,Harper Thomas,02/28/2013,79 Lam Tin Road,KTPS012,"52,75,86,7,22,38,49","59,44,67,88,23,67,70",APP2025707,"KTSS005,KTSS009,KTSS008,KTSS006,KTSS010,KTSS017,KTSS019,KTSS002,KTSS001,KTSS013,KTSS004,KTSS016,KTSS007,KTSS014,KTSS003,KTSS018,KTSS012,KTSS020,KTSS015,KTSS011"
KT2025708,Amelia Anderson,12/29/2013,76 Lam Tin Road,KTPS007,"93,17,96,47,49,59,57","54,30,33,14,10,98,28",APP2025708,"KTSS002,KTSS012,KTSS014,KTSS019,KTSS020,KTSS006,KTSS001,KTSS017,KTSS016,KTSS013,KTSS003,KTSS015,KTSS011,KTSS018,KTSS009,KTSS007,KTSS005,KTSS010,KTSS008,KTSS004"
KT2025709,Sophia Moore,11/17/2013,13 Kwun Tong Bypass,KTPS009,"83,73,59,91,75,38,71","10,62,95,90,100,92,58",APP2025709,"KTSS003,KTSS001,KTSS018,KTSS005,KTSS009,KTSS008,KTSS012,KTSS020,KTSS014,KTSS017,KTSS019,KTSS004,KTSS007,KTSS010,KTSS013,KTSS011,KTSS002,KTSS015,KTSS016,KTSS006"
KT2025710,Olivia Martin,06/14/2013,89 Kwun Tong Bypass,KTPS002,"97,93,70,97,51,25,40","33,14,91,28,69,52,47",APP2025710,"KTSS009,KTSS012,KTSS002,KTSS008,KTSS014,KTSS019,KTSS006,KTSS018,KTSS001,KTSS016,KTSS010,KTSS005,KTSS003,KTSS007,KTSS011,KTSS017,KTSS015,KTSS020,KTSS013,KTSS004"
KT2025711,Matthew Lopez,03/04/2013,68 Sau Mau Ping,KTPS006,"21,3,15,93,49,88,41","0,65,50,55,26,57,2",APP2025711,"KTSS013,KTSS010,KTSS007,KTSS020,KTSS016,KTSS004,KTSS002,KTSS017,KTSS019,KTSS006,KTSS009,KTSS008,KTSS003,KTSS012,KTSS011,KTSS014,KTSS015,KTSS018,KTSS001,KTSS005"
KT2025712,Amelia Garcia,05/11/2013,39 Sau Mau Ping,KTPS001,"74,66,66,92,96,43,77","39,67,74,77,38,1,98",APP2025712,"KTSS006,KTSS007,KTSS016,KTSS013,KTSS012,KTSS011,KTSS003,KTSS014,KTSS002,KTSS017,KTSS010,KTSS019,KTSS008,KTSS005,KTSS004,KTSS015,KTSS018,KTSS001,KTSS009,KTSS020"
KT2025713,Sarah Davis,01/19/2013,69 Sau Mau Ping,KTPS003,"76,47,97,12,49,94,9","30,88,16,92,44,44,2",APP2025713,"KTSS002,KTSS007,KTSS013,KTSS009,KTSS020,KTSS004,KTSS003,KTSS010,KTSS016,KTSS012,KTSS018,KTSS014,KTSS008,KTSS019,KTSS005,KTSS011,KTSS015,KTSS001,KTSS006,KTSS017"
KT2025714,Emily Taylor,07/12/2013,68 Lei Yue Mun,KTPS008,"30,80,41,26,13,69,2","23,92,89,80,40,53,44",APP2025714,"KTSS012,KTSS004,KTSS016,KTSS015,KTSS006,KTSS009,KTSS003,KTSS008,KTSS018,KTSS005,KTSS007,KTSS010,KTSS020,KTSS017,KTSS014,KTSS001,KTSS011,KTSS002,KTSS019,KTSS013"
KT2025715,Alexander Davis,07/17/2013,48 Yau Tong Bay,KTPS007,"98,93,81,63,40,4,84","25,34,61,21,86,40,83",APP2025715,"KTSS018,KTSS002,KTSS009,KTSS015,KTSS001,KTSS014,KTSS004,KTSS010,KTSS003,KTSS012,KTSS011,KTSS006,KTSS016,KTSS005,KTSS020,KTSS008,KTSS013,KTSS007,KTSS017,KTSS019"
KT2025716,Mary Wilson,11/25/2013,85 Kowloon Bay,KTPS020,"11,36,85,70,10,49,2","1,0,100,57,78,0,30",APP2025716,"KTSS008,KTSS006,KTSS011,KTSS013,KTSS009,KTSS020,KTSS012,KTSS002,KTSS016,KTSS010,KTSS004,KTSS015,KTSS005,KTSS003,KTSS017,KTSS018,KTSS007,KTSS001,KTSS014,KTSS019"
KT2025717,Ethan Smith,07/11/2013,3 Kowloon Bay,KTPS009,"5,66,94,32,61,40,21","37,38,55,10,82,26,98",APP2025717,"KTSS019,KTSS011,KTSS010,KTSS014,KTSS006,KTSS002,KTSS016,KTSS007,KTSS018,KTSS009,KTSS013,KTSS020,KTSS005,KTSS004,KTSS003,KTSS012,KTSS008,KTSS015,KTSS017,KTSS001"
KT2025718,Emily Hernandez,10/07/2013,50 Ngau Tau Kok Rd,KTPS005,"21,30,44,31,70,92,31","0,18,23,39,100,5,93",APP2025718,"KTSS014,KTSS012,KTSS004,KTSS018,KTSS006,KTSS015,KTSS007,KTSS008,KTSS003,KTSS017,KTSS001,KTSS019,KTSS016,KTSS013,KTSS002,KTSS011,KTSS005,KTSS009,KTSS010,KTSS020"
KT2025719,David Lopez,03/22/2013,4 Kwun Tong Rd,KTPS020,"9,67,100,21,84,93,54","54,29,60,51,51,74,65",APP2025719,"KTSS009,KTSS005,KTSS004,KTSS003,KTSS002,KTSS016,KTSS013,KTSS008,KTSS007,KTSS014,KTSS011,KTSS020,KTSS001,KTSS018,KTSS017,KTSS006,KTSS010,KTSS012,KTSS019,KTSS015"
KT2025720,Daniel Davis,10/31/2013,20 Yau Tong Bay,KTPS005,"1,10,77,52,94,61,63","3,68,30,32,44,86,45",APP2025720,"KTSS010,KTSS014,KTSS009,KTSS020,KTSS015,KTSS008,KTSS016,KTSS011,KTSS001,KTSS004,KTSS007,KTSS019,KTSS013,KTSS018,KTSS002,KTSS005,KTSS003,KTSS012,KTSS017,KTSS006"
KT2025721,Amelia Lopez,01/07/2013,63 Kwun Tong Bypass,KTPS003,"52,22,38,40,23,87,99","42,53,100,1,29,73,55",APP2025721,"KTSS009,KTSS016,KTSS017,KTSS008,KTSS007,KTSS010,KTSS013,KTSS002,KTSS005,KTSS019,KTSS003,KTSS011,KTSS006,KTSS018,KTSS020,KTSS014,KTSS012,KTSS004,KTSS015,KTSS001"
KT2025722,Sarah Brown,08/05/2013,16 Hoi Yuen Road,KTPS004,"97,90,16,100,5,90,7","46,0,56,6,7,88,69",APP2025722,"KTSS007,KTSS012,KTSS013,KTSS009,KTSS008,KTSS015,KTSS016,KTSS019,KTSS020,KTSS002,KTSS006,KTSS017,KTSS004,KTSS005,KTSS011,KTSS010,KTSS003,KTSS001,KTSS014,KTSS018"
KT2025723,Sophia Martinez,04/30/2013,77 Ngau Tau Kok Rd,KTPS018,"84,58,53,54,63,42,88","10,28,2,59,100,54,94",APP2025723,"KTSS013,KTSS019,KTSS001,KTSS015,KTSS011,KTSS006,KTSS012,KTSS005,KTSS017,KTSS007,KTSS002,KTSS018,KTSS008,KTSS009,KTSS003,KTSS020,KTSS004,KTSS010,KTSS014,KTSS016"
KT2025724,Sarah Martin,11/04/2013,92 Ngau Tau Kok Rd,KTPS016,"93,75,83,62,19,10,5","72,16,16,13,74,50,18",APP2025724,"KTSS007,KTSS019,KTSS016,KTSS017,KTSS020,KTSS005,KTSS009,KTSS018,KTSS001,KTSS006,KTSS010,KTSS015,KTSS012,KTSS004,KTSS013,KTSS003,KTSS002,KTSS011,KTSS008,KTSS014"
KT2025725,David Anderson,04/04/2013,87 Kwun Tong Rd,KTPS016,"60,78,51,38,46,44,60","20,93,52,74,25,81,72",APP2025725,"KTSS020,KTSS001,KTSS008,KTSS018,KTSS015,KTSS005,KTSS019,KTSS017,KTSS009,KTSS013,KTSS003,KTSS010,KTSS011,KTSS016,KTSS007,KTSS002,KTSS014,KTSS012,KTSS006,KTSS004"
KT2025726,Michael Hernandez,08/04/2013,57 Lei Yue Mun,KTPS010,"28,29,29,20,22,31,40","46,38,50,29,33,40,85",APP2025726,"KTSS003,KTSS002,KTSS014,KTSS017,KTSS009,KTSS008,KTSS018,KTSS006,KTSS004,KTSS005,KTSS010,KTSS001,KTSS020,KTSS019,KTSS011,KTSS013,KTSS012,KTSS016,KTSS007,KTSS015"
KT2025727,Benjamin Rodriguez,05/13/2013,38 Kowloon Bay,KTPS011,"83,80,64,34,14,41,79","6,35,89,81,65,37,65",APP2025727,"KTSS015,KTSS019,KTSS010,KTSS005,KTSS017,KTSS003,KTSS012,KTSS004,KTSS016,KTSS001,KTSS009,KTSS018,KTSS020,KTSS002,KTSS011,KTSS007,KTSS006,KTSS008,KTSS013,KTSS014"
KT2025728,Charlotte Johnson,11/10/2013,72 Kwun Tong Rd,KTPS015,"88,25,55,39,83,53,26","48,25,83,44,45,7,96",APP2025728,"KTSS001,KTSS009,KTSS007,KTSS008,KTSS020,KTSS016,KTSS005,KTSS014,KTSS013,KTSS004,KTSS003,KTSS015,KTSS019,KTSS006,KTSS011,KTSS012,KTSS017,KTSS018,KTSS010,KTSS002"
KT2025729,Mary Martinez,10/18/2013,90 Lei Yue Mun,KTPS004,"44,38,12,24,26,31,73","55,58,58,79,19,52,58",APP2025729,"KTSS004,KTSS015,KTSS016,KTSS013,KTSS006,KTSS020,KTSS002,KTSS012,KTSS005,KTSS003,KTSS011,KTSS010,KTSS014,KTSS009,KTSS001,KTSS008,KTSS007,KTSS018,KTSS017,KTSS019"
KT2025730,Sophia Martin,06/05/2013,83 Sau Mau Ping,KTPS015,"23,39,27,33,21,73,68","1,69,79,32,58,87,93",APP2025730,"KTSS005,KTSS004,KTSS016,KTSS011,KTSS007,KTSS001,KTSS003,KTSS015,KTSS012,KTSS020,KTSS017,KTSS019,KTSS009,KTSS006,KTSS018,KTSS002,KTSS010,KTSS008,KTSS014,KTSS013"
KT2025731,Emily Johnson,10/04/2013,55 Kowloon Bay,KTPS014,"80,96,12,65,92,50,20","69,25,88,33,50,29,60",APP2025731,"KTSS011,KTSS017,KTSS009,KTSS014,KTSS007,KTSS004,KTSS003,KTSS008,KTSS015,KTSS020,KTSS002,KTSS001,KTSS013,KTSS005,KTSS010,KTSS016,KTSS006,KTSS018,KTSS012,KTSS019"
KT2025732,Matthew Martinez,01/23/2013,88 Lei Yue Mun,KTPS002,"40,71,18,28,3,72,14","7,38,10,28,52,27,61",APP2025732,"KTSS017,KTSS016,KTSS005,KTSS006,KTSS020,KTSS008,KTSS007,KTSS012,KTSS003,KTSS001,KTSS013,KTSS015,KTSS010,KTSS019,KTSS014,KTSS009,KTSS011,KTSS018,KTSS004,KTSS002"
KT2025733,Amelia Hernandez,02/28/2013,85 Yau Tong Bay,KTPS015,"36,62,66,100,77,42,87","54,18,79,43,40,98,35",APP2025733,"KTSS003,KTSS018,KTSS006,KTSS013,KTSS007,KTSS015,KTSS008,KTSS012,KTSS017,KTSS001,KTSS011,KTSS014,KTSS020,KTSS005,KTSS019,KTSS010,KTSS002,KTSS004,KTSS016,KTSS009"
KT2025734,Charlotte Gonzalez,12/16/2013,55 Tsui Ping Rd,KTPS006,"79,67,10,78,95,29,15","70,10,90,84,17,54,57",APP2025734,"KTSS004,KTSS012,KTSS009,KTSS016,KTSS015,KTSS006,KTSS019,KTSS005,KTSS003,KTSS017,KTSS014,KTSS018,KTSS011,KTSS013,KTSS007,KTSS020,KTSS010,KTSS008,KTSS001,KTSS002"
KT2025735,Amelia Martin,09/09/2013,9 Yau Tong Bay,KTPS004,"63,39,18,3,17,51,49","85,52,20,44,43,32,79",APP2025735,"KTSS010,KTSS020,KTSS011,KTSS012,KTSS007,KTSS019,KTSS015,KTSS013,KTSS002,KTSS003,KTSS017,KTSS001,KTSS016,KTSS014,KTSS008,KTSS004,KTSS018,KTSS005,KTSS006,KTSS009"
KT2025736,Harper Jones,09/13/2013,53 Yau Tong Bay,KTPS020,"29,11,13,34,48,99,4","19,91,13,84,8,74,67",APP2025736,"KTSS004,KTSS014,KTSS017,KTSS018,KTSS010,KTSS005,KTSS013,KTSS012,KTSS009,KTSS015,KTSS011,KTSS020,KTSS016,KTSS008,KTSS007,KTSS019,KTSS002,KTSS001,KTSS003,KTSS006"
KT2025737,Mary Miller,07/28/2013,62 Hoi Yuen Road,KTPS012,"65,74,35,9,100,92,45","75,19,83,97,29,72,93",APP2025737,"KTSS006,KTSS017,KTSS005,KTSS013,KTSS020,KTSS012,KTSS016,KTSS009,KTSS015,KTSS018,KTSS003,KTSS011,KTSS014,KTSS019,KTSS008,KTSS002,KTSS001,KTSS007,KTSS004,KTSS010"
KT2025738,Michael Davis,04/15/2013,74 Sau Mau Ping,KTPS012,"19,39,10,50,1,3,30","47,43,83,93,69,26,12",APP2025738,"KTSS005,KTSS010,KTSS015,KTSS013,KTSS020,KTSS001,KTSS019,KTSS009,KTSS004,KTSS007,KTSS016,KTSS017,KTSS018,KTSS002,KTSS011,KTSS014,KTSS003,KTSS006,KTSS008,KTSS012"
KT2025739,Matthew Thomas,02/14/2013,14 Sau Mau Ping,KTPS001,"100,48,81,64,13,87,64","53,6,64,0,83,46,30",APP2025739,"KTSS020,KTSS014,KTSS012,KTSS013,KTSS015,KTSS009,KTSS007,KTSS002,KTSS005,KTSS017,KTSS003,KTSS011,KTSS004,KTSS001,KTSS006,KTSS010,KTSS008,KTSS019,KTSS016,KTSS018"
KT2025740,Alexander Miller,05/20/2013,6 Ngau Tau Kok Rd,KTPS010,"67,18,7,51,96,45,35","90,76,24,81,92,70,97",APP2025740,"KTSS006,KTSS004,KTSS003,KTSS017,KTSS020,KTSS007,KTSS018,KTSS011,KTSS013,KTSS002,KTSS001,KTSS016,KTSS015,KTSS010,KTSS008,KTSS009,KTSS012,KTSS014,KTSS005,KTSS019"
KT2025741,Olivia Davis,02/07/2013,61 Kwun Tong Bypass,KTPS011,"1,76,46,4,38,19,46","1,76,58,15,19,55,10",APP2025741,"KTSS006,KTSS014,KTSS019,KTSS010,KTSS017,KTSS011,KTSS009,KTSS005,KTSS002,KTSS004,KTSS008,KTSS016,KTSS007,KTSS018,KTSS020,KTSS001,KTSS003,KTSS015,KTSS012,KTSS013"
KT2025742,Sophia Rodriguez,05/13/2013,90 Sau Mau Ping,KTPS009,"66,88,16,95,87,31,48","64,81,67,85,33,25,81",APP2025742,"KTSS020,KTSS018,KTSS014,KTSS010,KTSS019,KTSS008,KTSS013,KTSS011,KTSS006,KTSS004,KTSS009,KTSS017,KTSS002,KTSS005,KTSS012,KTSS001,KTSS016,KTSS015,KTSS003,KTSS007"
KT2025743,Mary Gonzalez,09/11/2013,90 Tsui Ping Rd,KTPS018,"96,51,32,62,35,24,23","38,58,79,58,68,99,12",APP2025743,"KTSS003,KTSS014,KTSS009,KTSS019,KTSS005,KTSS013,KTSS004,KTSS016,KTSS002,KTSS018,KTSS012,KTSS020,KTSS010,KTSS001,KTSS008,KTSS007,KTSS011,KTSS017,KTSS015,KTSS006"
KT2025744,James Jackson,09/14/2013,60 Ngau Tau Kok Rd,KTPS020,"35,36,28,37,21,51,19","74,71,0,94,25,62,82",APP2025744,"KTSS006,KTSS009,KTSS004,KTSS007,KTSS020,KTSS012,KTSS011,KTSS013,KTSS014,KTSS019,KTSS015,KTSS001,KTSS002,KTSS003,KTSS005,KTSS010,KTSS008,KTSS017,KTSS016,KTSS018"
KT2025745,Sophia Davis,04/03/2013,33 Yau Tong Bay,KTPS011,"20,76,75,12,28,70,79","45,76,81,27,93,76,43",APP2025745,"KTSS009,KTSS012,KTSS006,KTSS015,KTSS005,KTSS017,KTSS001,KTSS013,KTSS003,KTSS004,KTSS019,KTSS018,KTSS011,KTSS007,KTSS002,KTSS008,KTSS020,KTSS016,KTSS010,KTSS014"
KT2025746,Amelia Wilson,12/12/2013,60 Kowloon Bay,KTPS008,"47,56,32,72,32,22,12","98,0,100,3,43,48,8",APP2025746,"KTSS016,KTSS010,KTSS002,KTSS019,KTSS014,KTSS012,KTSS017,KTSS009,KTSS013,KTSS018,KTSS008,KTSS020,KTSS005,KTSS015,KTSS003,KTSS004,KTSS007,KTSS001,KTSS006,KTSS011"
KT2025747,Sarah Johnson,08/21/2013,49 Kwun Tong Bypass,KTPS003,"47,18,65,77,59,75,46","60,94,43,86,39,39,32",APP2025747,"KTSS004,KTSS008,KTSS018,KTSS005,KTSS003,KTSS010,KTSS015,KTSS012,KTSS009,KTSS019,KTSS007,KTSS017,KTSS006,KTSS016,KTSS001,KTSS013,KTSS020,KTSS011,KTSS002,KTSS014"
KT2025748,Daniel Williams,07/15/2013,40 Lam Tin Road,KTPS015,"89,1,72,2,28,81,46","26,53,12,50,26,22,73",APP2025748,"KTSS008,KTSS006,KTSS018,KTSS014,KTSS001,KTSS013,KTSS011,KTSS012,KTSS020,KTSS019,KTSS016,KTSS015,KTSS010,KTSS009,KTSS003,KTSS004,KTSS002,KTSS017,KTSS007,KTSS005"
KT2025749,Matthew Lopez,11/04/2013,6 Hoi Yuen Road,KTPS005,"40,95,52,79,37,83,51","30,21,66,65,80,35,14",APP2025749,"KTSS001,KTSS006,KTSS012,KTSS009,KTSS011,KTSS016,KTSS019,KTSS017,KTSS014,KTSS020,KTSS010,KTSS015,KTSS018,KTSS007,KTSS004,KTSS008,KTSS005,KTSS013,KTSS002,KTSS003"
KT2025750,Daniel Davis,04/17/2013,56 Sau Mau Ping,KTPS007,"61,43,2,83,65,90,87","37,38,87,98,19,5,92",APP2025750,"KTSS003,KTSS012,KTSS016,KTSS017,KTSS004,KTSS013,KTSS002,KTSS018,KTSS009,KTSS020,KTSS006,KTSS007,KTSS014,KTSS015,KTSS001,KTSS019,KTSS008,KTSS005,KTSS011,KTSS010"
KT2025751,Matthew Lopez,12/25/2013,56 Tsui Ping Rd,KTPS006,"39,76,16,87,68,48,89","74,69,32,44,31,77,58",APP2025751,"KTSS020,KTSS005,KTSS018,KTSS004,KTSS006,KTSS009,KTSS011,KTSS014,KTSS007,KTSS010,KTSS017,KTSS016,KTSS019,KTSS013,KTSS015,KTSS012,KTSS002,KTSS008,KTSS003,KTSS001"
KT2025752,Charlotte Anderson,04/14/2013,13 Tsui Ping Rd,KTPS002,"64,37,34,92,49,81,4","48,70,21,8,86,20,53",APP2025752,"KTSS008,KTSS003,KTSS007,KTSS005,KTSS020,KTSS009,KTSS013,KTSS010,KTSS006,KTSS014,KTSS015,KTSS011,KTSS019,KTSS001,KTSS012,KTSS018,KTSS004,KTSS016,KTSS017,KTSS002"
KT2025753,Charlotte Williams,01/12/2013,63 Kwun Tong Bypass,KTPS001,"8,23,62,2,13,19,3","98,93,7,59,60,20,7",APP2025753,"KTSS003,KTSS019,KTSS001,KTSS014,KTSS020,KTSS002,KTSS016,KTSS018,KTSS011,KTSS015,KTSS007,KTSS009,KTSS006,KTSS017,KTSS008,KTSS013,KTSS004,KTSS005,KTSS012,KTSS010"
KT2025754,Emily Jones,11/05/2013,6 Sau Mau Ping,KTPS012,"61,15,43,88,25,17,6","31,45,25,94,73,55,51",APP2025754,"KTSS008,KTSS006,KTSS013,KTSS011,KTSS016,KTSS009,KTSS002,KTSS018,KTSS010,KTSS005,KTSS020,KTSS003,KTSS012,KTSS015,KTSS017,KTSS019,KTSS004,KTSS001,KTSS014,KTSS007"
KT2025755,John Lopez,12/24/2013,94 Sau Mau Ping,KTPS005,"39,18,29,69,17,100,96","45,58,23,10,26,46,64",APP2025755,"KTSS010,KTSS019,KTSS011,KTSS006,KTSS004,KTSS009,KTSS015,KTSS003,KTSS005,KTSS001,KTSS013,KTSS020,KTSS014,KTSS002,KTSS018,KTSS016,KTSS007,KTSS017,KTSS008,KTSS012"
KT2025756,Isabella Smith,12/30/2013,89 Kwun Tong Rd,KTPS011,"78,54,100,16,58,67,26","97,87,43,21,8,10,98",APP2025756,"KTSS006,KTSS017,KTSS018,KTSS019,KTSS004,KTSS020,KTSS009,KTSS012,KTSS014,KTSS016,KTSS002,KTSS015,KTSS013,KTSS010,KTSS003,KTSS007,KTSS005,KTSS011,KTSS008,KTSS001"
KT2025757,James Garcia,11/06/2013,37 Ngau Tau Kok Rd,KTPS010,"88,21,90,16,2,2,18","38,5,21,53,28,90,43",APP2025757,"KTSS007,KTSS018,KTSS016,KTSS004,KTSS006,KTSS014,KTSS003,KTSS019,KTSS012,KTSS009,KTSS011,KTSS017,KTSS002,KTSS008,KTSS005,KTSS015,KTSS013,KTSS010,KTSS001,KTSS020"
KT2025758,Charlotte Miller,10/02/2013,68 Tsui Ping Rd,KTPS014,"38,54,90,28,8,64,83","49,80,84,40,71,65,6",APP2025758,"KTSS007,KTSS019,KTSS010,KTSS002,KTSS017,KTSS009,KTSS006,KTSS020,KTSS008,KTSS018,KTSS013,KTSS003,KTSS004,KTSS015,KTSS016,KTSS005,KTSS011,KTSS001,KTSS014,KTSS012"
KT2025759,Alexander Brown,02/09/2013,38 Kwun Tong Bypass,KTPS006,"89,89,55,67,35,79,20","0,39,91,36,45,97,89",APP2025759,"KTSS013,KTSS007,KTSS016,KTSS015,KTSS018,KTSS005,KTSS020,KTSS003,KTSS001,KTSS002,KTSS012,KTSS017,KTSS008,KTSS014,KTSS004,KTSS019,KTSS010,KTSS011,KTSS006,KTSS009"
KT2025760,Ethan Wilson,11/26/2013,97 Lam Tin Road,KTPS006,"82,38,49,20,44,79,69","43,46,15,9,26,16,41",APP2025760,"KTSS001,KTSS002,KTSS014,KTSS007,KTSS004,KTSS008,KTSS012,KTSS017,KTSS019,KTSS003,KTSS015,KTSS011,KTSS018,KTSS020,KTSS009,KTSS013,KTSS016,KTSS010,KTSS005,KTSS006"
KT2025761,Mary Jones,12/30/2013,23 Ngau Tau Kok Rd,KTPS018,"55,99,11,43,8,51,91","66,27,6,72,97,83,34",APP2025761,"KTSS011,KTSS018,KTSS006,KTSS010,KTSS014,KTSS017,KTSS020,KTSS009,KTSS013,KTSS012,KTSS016,KTSS003,KTSS008,KTSS019,KTSS001,KTSS005,KTSS004,KTSS015,KTSS002,KTSS007"
KT2025762,Amelia Lopez,04/18/2013,37 Kwun Tong Rd,KTPS011,"40,94,44,36,87,5,77","56,87,99,81,89,20,36",APP2025762,"KTSS012,KTSS003,KTSS010,KTSS017,KTSS001,KTSS013,KTSS020,KTSS006,KTSS004,KTSS002,KTSS018,KTSS008,KTSS014,KTSS005,KTSS019,KTSS009,KTSS011,KTSS016,KTSS015,KTSS007"
KT2025763,Isabella Wilson,08/22/2013,46 Sau Mau Ping,KTPS010,"71,42,99,68,41,52,48","5,9,49,80,74,55,38",APP2025763,"KTSS009,KTSS019,KTSS020,KTSS007,KTSS004,KTSS003,KTSS006,KTSS012,KTSS014,KTSS008,KTSS002,KTSS016,KTSS017,KTSS011,KTSS001,KTSS005,KTSS018,KTSS010,KTSS015,KTSS013"
KT2025764,Ethan Jones,07/12/2013,15 Kowloon Bay,KTPS002,"82,99,37,36,68,13,19","32,87,44,51,81,47,86",APP2025764,"KTSS005,KTSS017,KTSS014,KTSS002,KTSS020,KTSS018,KTSS013,KTSS012,KTSS001,KTSS004,KTSS016,KTSS007,KTSS011,KTSS006,KTSS019,KTSS003,KTSS008,KTSS010,KTSS009,KTSS015"
KT2025765,Emily Thomas,01/15/2013,61 Yau Tong Bay,KTPS019,"52,25,90,67,59,25,33","27,36,43,90,45,87,21",APP2025765,"KTSS001,KTSS016,KTSS011,KTSS005,KTSS014,KTSS020,KTSS012,KTSS010,KTSS004,KTSS006,KTSS018,KTSS013,KTSS009,KTSS007,KTSS019,KTSS017,KTSS002,KTSS003,KTSS008,KTSS015"
KT2025766,Olivia Jones,05/24/2013,55 Hoi Yuen Road,KTPS013,"2,76,66,4,89,28,93","2,49,21,67,49,36,21",APP2025766,"KTSS010,KTSS015,KTSS004,KTSS019,KTSS017,KTSS011,KTSS014,KTSS012,KTSS013,KTSS008,KTSS003,KTSS006,KTSS009,KTSS020,KTSS018,KTSS016,KTSS007,KTSS001,KTSS002,KTSS005"
KT2025767,Daniel Johnson,10/16/2013,81 Kwun Tong Rd,KTPS015,"20,61,8,31,84,5,5","44,93,45,89,78,47,99",APP2025767,"KTSS006,KTSS002,KTSS007,KTSS017,KTSS012,KTSS011,KTSS001,KTSS010,KTSS016,KTSS018,KTSS014,KTSS019,KTSS020,KTSS008,KTSS005,KTSS003,KTSS013,KTSS015,KTSS004,KTSS009"
KT2025768,Sarah Martin,09/29/2013,26 Hoi Yuen Road,KTPS016,"89,63,59,6,30,24,38","83,29,4,90,77,67,17",APP2025768,"KTSS008,KTSS010,KTSS004,KTSS007,KTSS003,KTSS016,KTSS017,KTSS012,KTSS005,KTSS009,KTSS002,KTSS014,KTSS015,KTSS011,KTSS013,KTSS020,KTSS019,KTSS018,KTSS001,KTSS006"
KT2025769,Benjamin Davis,02/17/2013,45 Kwun Tong Rd,KTPS008,"2,86,6,98,54,47,55","45,49,51,83,21,44,97",APP2025769,"KTSS017,KTSS008,KTSS020,KTSS016,KTSS003,KTSS009,KTSS012,KTSS004,KTSS005,KTSS014,KTSS019,KTSS013,KTSS015,KTSS006,KTSS018,KTSS001,KTSS007,KTSS011,KTSS010,KTSS002"
KT2025770,Olivia Hernandez,07/17/2013,53 Tsui Ping Rd,KTPS013,"97,42,17,90,17,46,45","18,38,55,53,45,87,10",APP2025770,"KTSS015,KTSS008,KTSS019,KTSS016,KTSS010,KTSS002,KTSS007,KTSS004,KTSS009,KTSS014,KTSS012,KTSS013,KTSS018,KTSS003,KTSS017,KTSS005,KTSS006,KTSS011,KTSS001,KTSS020"
KT2025771,Isabella Johnson,11/30/2013,80 Ngau Tau Kok Rd,KTPS013,"95,40,64,0,18,63,45","51,38,10,34,14,9,50",APP2025771,"KTSS017,KTSS002,KTSS020,KTSS014,KTSS003,KTSS010,KTSS018,KTSS016,KTSS019,KTSS008,KTSS012,KTSS006,KTSS015,KTSS005,KTSS004,KTSS001,KTSS013,KTSS011,KTSS009,KTSS007"
KT2025772,Charlotte Hernandez,12/15/2013,51 Hoi Yuen Road,KTPS015,"62,50,21,79,68,2,72","21,57,31,18,2,76,99",APP2025772,"KTSS010,KTSS006,KTSS002,KTSS018,KTSS005,KTSS017,KTSS001,KTSS016,KTSS020,KTSS015,KTSS009,KTSS008,KTSS014,KTSS011,KTSS013,KTSS003,KTSS019,KTSS007,KTSS012,KTSS004"
KT2025773,Harper Rodriguez,01/15/2013,63 Tsui Ping Rd,KTPS009,"100,93,91,90,29,2,97","63,7,55,57,60,22,17",APP2025773,"KTSS017,KTSS004,KTSS018,KTSS005,KTSS020,KTSS002,KTSS012,KTSS007,KTSS015,KTSS006,KTSS001,KTSS016,KTSS011,KTSS009,KTSS010,KTSS003,KTSS019,KTSS013,KTSS014,KTSS008"
KT2025774,Mia Gonzalez,07/24/2013,14 Sau Mau Ping,KTPS008,"28,98,26,9,71,24,92","59,53,62,11,90,94,96",APP2025774,"KTSS009,KTSS019,KTSS015,KTSS004,KTSS010,KTSS013,KTSS012,KTSS018,KTSS001,KTSS011,KTSS007,KTSS016,KTSS014,KTSS005,KTSS017,KTSS003,KTSS002,KTSS020,KTSS006,KTSS008"
KT2025775,Mary Moore,10/13/2013,77 Hoi Yuen Road,KTPS004,"0,72,39,18,13,57,68","77,58,89,86,35,22,12",APP2025775,"KTSS011,KTSS010,KTSS012,KTSS015,KTSS018,KTSS013,KTSS005,KTSS009,KTSS006,KTSS014,KTSS016,KTSS020,KTSS004,KTSS017,KTSS008,KTSS003,KTSS007,KTSS001,KTSS019,KTSS002"
KT2025776,Sophia Rodriguez,05/07/2013,86 Yau Tong Bay,KTPS004,"81,40,41,41,74,36,23","79,91,83,99,49,12,35",APP2025776,"KTSS013,KTSS019,KTSS012,KTSS007,KTSS011,KTSS018,KTSS002,KTSS020,KTSS004,KTSS008,KTSS006,KTSS009,KTSS017,KTSS010,KTSS001,KTSS016,KTSS014,KTSS003,KTSS005,KTSS015"
KT2025777,Michael Wilson,09/02/2013,20 Lei Yue Mun,KTPS002,"83,86,20,26,96,72,43","66,79,56,47,79,50,27",APP2025777,"KTSS013,KTSS002,KTSS005,KTSS006,KTSS010,KTSS015,KTSS019,KTSS012,KTSS017,KTSS003,KTSS008,KTSS016,KTSS011,KTSS018,KTSS007,KTSS020,KTSS014,KTSS009,KTSS001,KTSS004"
KT2025778,William Johnson,09/27/2013,35 Kowloon Bay,KTPS012,"88,64,85,17,85,36,19","36,26,84,46,37,39,94",APP2025778,"KTSS008,KTSS018,KTSS005,KTSS013,KTSS019,KTSS004,KTSS001,KTSS002,KTSS003,KTSS016,KTSS007,KTSS014,KTSS017,KTSS010,KTSS009,KTSS015,KTSS012,KTSS020,KTSS006,KTSS011"
KT2025779,Sarah Davis,05/20/2013,6 Hoi Yuen Road,KTPS008,"45,29,12,73,22,6,19","28,1,98,6,33,60,91",APP2025779,"KTSS009,KTSS005,KTSS014,KTSS003,KTSS019,KTSS010,KTSS004,KTSS020,KTSS016,KTSS008,KTSS017,KTSS001,KTSS018,KTSS013,KTSS006,KTSS011,KTSS012,KTSS002,KTSS007,KTSS015"
KT2025780,Benjamin Hernandez,07/26/2013,22 Lei Yue Mun,KTPS017,"41,24,22,5,66,15,68","91,98,40,37,11,71,75",APP2025780,"KTSS003,KTSS009,KTSS014,KTSS010,KTSS013,KTSS018,KTSS007,KTSS020,KTSS012,KTSS004,KTSS019,KTSS011,KTSS002,KTSS017,KTSS008,KTSS001,KTSS016,KTSS006,KTSS005,KTSS015"
KT2025781,Benjamin Wilson,07/04/2013,4 Lam Tin Road,KTPS013,"7,60,25,99,20,72,75","54,15,74,47,72,68,45",APP2025781,"KTSS012,KTSS005,KTSS010,KTSS004,KTSS019,KTSS018,KTSS016,KTSS020,KTSS011,KTSS008,KTSS014,KTSS015,KTSS003,KTSS007,KTSS017,KTSS001,KTSS002,KTSS006,KTSS013,KTSS009"
KT2025782,Charlotte Johnson,11/29/2013,63 Kwun Tong Rd,KTPS002,"76,59,43,42,59,46,21","54,54,77,81,5,90,27",APP2025782,"KTSS001,KTSS013,KTSS003,KTSS019,KTSS014,KTSS016,KTSS015,KTSS010,KTSS009,KTSS006,KTSS018,KTSS005,KTSS002,KTSS012,KTSS017,KTSS004,KTSS011,KTSS008,KTSS020,KTSS007"
KT2025783,Isabella Williams,03/11/2013,51 Hoi Yuen Road,KTPS015,"80,64,17,52,92,89,36","32,35,50,64,14,87,28",APP2025783,"KTSS014,KTSS007,KTSS019,KTSS010,KTSS004,KTSS008,KTSS020,KTSS001,KTSS003,KTSS011,KTSS018,KTSS002,KTSS005,KTSS013,KTSS006,KTSS012,KTSS017,KTSS016,KTSS015,KTSS009"
KT2025784,Michael Brown,09/26/2013,43 Kwun Tong Rd,KTPS018,"19,3,96,7,77,56,38","76,4,78,36,67,78,20",APP2025784,"KTSS002,KTSS012,KTSS006,KTSS018,KTSS009,KTSS010,KTSS015,KTSS019,KTSS013,KTSS020,KTSS003,KTSS007,KTSS001,KTSS004,KTSS017,KTSS008,KTSS014,KTSS011,KTSS005,KTSS016"
KT2025785,Olivia Taylor,03/15/2013,29 Kowloon Bay,KTPS015,"8,63,40,77,36,98,38","72,96,47,36,96,49,28",APP2025785,"KTSS011,KTSS009,KTSS015,KTSS013,KTSS012,KTSS017,KTSS008,KTSS002,KTSS003,KTSS005,KTSS014,KTSS001,KTSS020,KTSS007,KTSS019,KTSS010,KTSS004,KTSS018,KTSS016,KTSS006"
KT2025786,Isabella Taylor,02/17/2013,62 Hoi Yuen Road,KTPS015,"40,72,69,88,4,39,37","52,47,64,80,16,60,35",APP2025786,"KTSS019,KTSS020,KTSS015,KTSS012,KTSS005,KTSS003,KTSS010,KTSS018,KTSS008,KTSS001,KTSS006,KTSS014,KTSS009,KTSS007,KTSS002,KTSS013,KTSS011,KTSS017,KTSS016,KTSS004"
KT2025787,Sarah Jackson,03/09/2013,31 Lei Yue Mun,KTPS002,"71,2,29,83,38,80,80","28,75,68,10,75,43,97",APP2025787,"KTSS013,KTSS018,KTSS007,KTSS012,KTSS011,KTSS008,KTSS016,KTSS015,KTSS009,KTSS002,KTSS001,KTSS006,KTSS017,KTSS005,KTSS010,KTSS004,KTSS020,KTSS019,KTSS003,KTSS014"
KT2025788,Amelia Brown,09/21/2013,67 Hoi Yuen Road,KTPS012,"51,71,67,25,53,75,72","39,73,95,35,93,51,6",APP2025788,"KTSS002,KTSS012,KTSS014,KTSS016,KTSS003,KTSS007,KTSS008,KTSS017,KTSS006,KTSS010,KTSS005,KTSS009,KTSS013,KTSS020,KTSS004,KTSS011,KTSS015,KTSS001,KTSS019,KTSS018"
KT2025789,Harper Brown,04/03/2013,51 Lam Tin Road,KTPS017,"29,16,32,77,80,85,55","66,89,37,34,5,49,0",APP2025789,"KTSS009,KTSS017,KTSS001,KTSS016,KTSS005,KTSS006,KTSS011,KTSS010,KTSS020,KTSS019,KTSS003,KTSS004,KTSS012,KTSS014,KTSS015,KTSS013,KTSS008,KTSS007,KTSS002,KTSS018"
KT2025790,John Martin,09/16/2013,1 Kwun Tong Bypass,KTPS017,"31,37,61,47,29,92,87","91,39,44,24,64,25,34",APP2025790,"KTSS017,KTSS016,KTSS011,KTSS014,KTSS012,KTSS005,KTSS001,KTSS019,KTSS004,KTSS006,KTSS020,KTSS008,KTSS015,KTSS009,KTSS010,KTSS007,KTSS002,KTSS003,KTSS018,KTSS013"
KT2025791,Sarah Lopez,01/15/2013,6 Sau Mau Ping,KTPS007,"11,94,49,70,32,26,16","32,62,62,73,57,10,50",APP2025791,"KTSS008,KTSS005,KTSS011,KTSS013,KTSS020,KTSS001,KTSS012,KTSS019,KTSS014,KTSS003,KTSS009,KTSS007,KTSS018,KTSS010,KTSS006,KTSS016,KTSS004,KTSS015,KTSS017,KTSS002"
KT2025792,Alexander Wilson,04/17/2013,19 Lei Yue Mun,KTPS013,"21,72,40,35,95,56,15","15,0,16,80,86,42,29",APP2025792,"KTSS002,KTSS016,KTSS012,KTSS003,KTSS010,KTSS020,KTSS018,KTSS005,KTSS011,KTSS017,KTSS001,KTSS019,KTSS009,KTSS006,KTSS008,KTSS014,KTSS007,KTSS015,KTSS013,KTSS004"
KT2025793,Isabella Taylor,09/05/2013,65 Kowloon Bay,KTPS006,"13,19,13,14,14,46,44","2,46,83,77,22,33,67",APP2025793,"KTSS008,KTSS016,KTSS012,KTSS017,KTSS010,KTSS005,KTSS002,KTSS001,KTSS007,KTSS015,KTSS019,KTSS013,KTSS014,KTSS006,KTSS004,KTSS003,KTSS018,KTSS020,KTSS009,KTSS011"
KT2025794,John Martin,07/23/2013,74 Kwun Tong Rd,KTPS016,"1,68,77,57,89,17,13","29,52,92,16,52,9,79",APP2025794,"KTSS017,KTSS002,KTSS003,KTSS018,KTSS010,KTSS015,KTSS009,KTSS020,KTSS008,KTSS014,KTSS007,KTSS011,KTSS005,KTSS012,KTSS016,KTSS001,KTSS006,KTSS004,KTSS013,KTSS019"
KT2025795,Mia Davis,04/29/2013,3 Kwun Tong Bypass,KTPS005,"66,53,24,0,42,97,4","52,56,23,14,67,23,90",APP2025795,"KTSS018,KTSS019,KTSS006,KTSS012,KTSS004,KTSS005,KTSS017,KTSS011,KTSS003,KTSS009,KTSS015,KTSS001,KTSS008,KTSS016,KTSS014,KTSS020,KTSS002,KTSS010,KTSS007,KTSS013"
KT2025796,Michael Moore,04/22/2013,25 Kwun Tong Rd,KTPS019,"30,38,18,40,49,58,71","44,96,86,50,64,49,63",APP2025796,"KTSS017,KTSS006,KTSS016,KTSS018,KTSS003,KTSS004,KTSS005,KTSS009,KTSS015,KTSS019,KTSS010,KTSS011,KTSS013,KTSS014,KTSS007,KTSS008,KTSS001,KTSS020,KTSS002,KTSS012"
KT2025797,James Moore,02/19/2013,1 Sau Mau Ping,KTPS007,"41,68,37,72,43,45,36","10,40,9,68,95,40,11",APP2025797,"KTSS020,KTSS006,KTSS016,KTSS001,KTSS015,KTSS002,KTSS009,KTSS013,KTSS017,KTSS008,KTSS007,KTSS019,KTSS004,KTSS014,KTSS018,KTSS005,KTSS010,KTSS003,KTSS011,KTSS012"
KT2025798,Mia Brown,11/10/2013,59 Yau Tong Bay,KTPS017,"96,79,38,82,14,47,80","30,85,20,3,73,45,29",APP2025798,"KTSS006,KTSS011,KTSS013,KTSS014,KTSS004,KTSS020,KTSS005,KTSS017,KTSS003,KTSS015,KTSS001,KTSS009,KTSS010,KTSS016,KTSS008,KTSS007,KTSS002,KTSS019,KTSS018,KTSS012"
KT2025799,Mary Taylor,12/06/2013,38 Kwun Tong Rd,KTPS006,"37,78,84,31,32,33,1","79,12,35,16,42,85,37",APP2025799,"KTSS009,KTSS020,KTSS007,KTSS004,KTSS002,KTSS014,KTSS006,KTSS011,KTSS008,KTSS013,KTSS016,KTSS005,KTSS017,KTSS018,KTSS001,KTSS015,KTSS012,KTSS019,KTSS003,KTSS010"
KT2025800,Charlotte Rodriguez,04/19/2013,55 Ngau Tau Kok Rd,KTPS017,"66,51,7,16,21,83,6","95,40,85,37,17,96,51",APP2025800,"KTSS017,KTSS005,KTSS001,KTSS014,KTSS012,KTSS010,KTSS008,KTSS003,KTSS019,KTSS011,KTSS013,KTSS020,KTSS016,KTSS009,KTSS007,KTSS018,KTSS004,KTSS006,KTSS002,KTSS015"
KT2025801,Matthew Rodriguez,11/23/2013,97 Hoi Yuen Road,KTPS017,"83,19,10,95,100,29,48","35,50,48,48,61,79,41",APP2025801,"KTSS004,KTSS018,KTSS009,KTSS012,KTSS005,KTSS014,KTSS015,KTSS020,KTSS006,KTSS013,KTSS002,KTSS001,KTSS007,KTSS011,KTSS019,KTSS008,KTSS003,KTSS017,KTSS016,KTSS010"
KT2025802,Daniel Brown,05/11/2013,42 Kowloon Bay,KTPS016,"87,40,32,79,17,58,4","76,65,75,90,66,14,99",APP2025802,"KTSS012,KTSS019,KTSS003,KTSS014,KTSS009,KTSS007,KTSS005,KTSS006,KTSS011,KTSS018,KTSS015,KTSS002,KTSS004,KTSS017,KTSS001,KTSS020,KTSS010,KTSS016,KTSS008,KTSS013"
KT2025803,Mary Gonzalez,10/02/2013,20 Ngau Tau Kok Rd,KTPS015,"78,63,62,67,3,32,69","38,0,90,75,61,79,73",APP2025803,"KTSS017,KTSS004,KTSS010,KTSS011,KTSS020,KTSS012,KTSS019,KTSS002,KTSS016,KTSS006,KTSS008,KTSS015,KTSS009,KTSS013,KTSS018,KTSS007,KTSS014,KTSS001,KTSS003,KTSS005"
KT2025804,Alexander Jones,06/07/2013,65 Kwun Tong Rd,KTPS004,"66,39,48,33,78,13,84","83,50,54,41,0,14,54",APP2025804,"KTSS008,KTSS014,KTSS011,KTSS002,KTSS004,KTSS013,KTSS006,KTSS010,KTSS005,KTSS001,KTSS020,KTSS017,KTSS007,KTSS019,KTSS016,KTSS015,KTSS018,KTSS003,KTSS009,KTSS012"
KT2025805,Michael Johnson,02/14/2013,85 Lam Tin Road,KTPS004,"57,1,55,32,99,37,59","90,62,70,62,67,59,96",APP2025805,"KTSS001,KTSS002,KTSS017,KTSS008,KTSS016,KTSS018,KTSS006,KTSS013,KTSS014,KTSS015,KTSS011,KTSS004,KTSS010,KTSS020,KTSS009,KTSS012,KTSS007,KTSS005,KTSS003,KTSS019"
KT2025806,Mia Taylor,10/13/2013,20 Kwun Tong Rd,KTPS001,"12,29,91,93,20,61,54","29,82,74,93,72,41,8",APP2025806,"KTSS013,KTSS010,KTSS014,KTSS018,KTSS011,KTSS005,KTSS017,KTSS001,KTSS002,KTSS019,KTSS016,KTSS009,KTSS008,KTSS015,KTSS007,KTSS003,KTSS012,KTSS004,KTSS006,KTSS020"
KT2025807,Sophia Martin,12/11/2013,28 Ngau Tau Kok Rd,KTPS017,"9,77,52,66,22,60,88","65,55,76,74,30,84,98",APP2025807,"KTSS014,KTSS001,KTSS006,KTSS015,KTSS005,KTSS011,KTSS012,KTSS008,KTSS002,KTSS013,KTSS016,KTSS018,KTSS009,KTSS010,KTSS017,KTSS020,KTSS007,KTSS003,KTSS019,KTSS004"
KT2025808,Isabella Brown,10/18/2013,59 Kwun Tong Bypass,KTPS017,"27,85,34,74,93,84,67","98,39,61,54,53,52,83",APP2025808,"KTSS016,KTSS018,KTSS014,KTSS015,KTSS008,KTSS010,KTSS011,KTSS017,KTSS001,KTSS005,KTSS009,KTSS020,KTSS002,KTSS006,KTSS004,KTSS007,KTSS003,KTSS013,KTSS019,KTSS012"
KT2025809,Olivia Williams,04/08/2013,51 Kowloon Bay,KTPS001,"93,33,2,96,28,18,29","77,83,42,22,49,31,61",APP2025809,"KTSS013,KTSS006,KTSS016,KTSS003,KTSS009,KTSS001,KTSS018,KTSS019,KTSS020,KTSS017,KTSS004,KTSS015,KTSS005,KTSS008,KTSS010,KTSS011,KTSS014,KTSS002,KTSS012,KTSS007"
KT2025810,Michael Davis,07/13/2013,59 Yau Tong Bay,KTPS014,"100,74,76,47,65,40,22","18,83,66,30,24,51,52",APP2025810,"KTSS006,KTSS020,KTSS013,KTSS014,KTSS011,KTSS010,KTSS012,KTSS005,KTSS008,KTSS001,KTSS018,KTSS004,KTSS009,KTSS007,KTSS015,KTSS016,KTSS017,KTSS002,KTSS003,KTSS019"
KT2025811,Mary Williams,10/18/2013,36 Hoi Yuen Road,KTPS016,"1,94,90,7,98,23,80","56,87,90,60,89,65,95",APP2025811,"KTSS020,KTSS003,KTSS008,KTSS010,KTSS019,KTSS018,KTSS005,KTSS002,KTSS007,KTSS006,KTSS004,KTSS016,KTSS009,KTSS012,KTSS015,KTSS011,KTSS001,KTSS014,KTSS017,KTSS013"
KT2025812,Sarah Brown,10/07/2013,54 Ngau Tau Kok Rd,KTPS005,"8,34,10,36,1,91,85","76,43,55,25,64,22,2",APP2025812,"KTSS008,KTSS010,KTSS004,KTSS015,KTSS011,KTSS002,KTSS014,KTSS001,KTSS013,KTSS017,KTSS007,KTSS019,KTSS006,KTSS009,KTSS005,KTSS016,KTSS003,KTSS020,KTSS012,KTSS018"
KT2025813,Ethan Johnson,06/08/2013,65 Kowloon Bay,KTPS003,"49,61,75,43,86,96,13","70,49,76,20,25,7,75",APP2025813,"KTSS010,KTSS014,KTSS004,KTSS001,KTSS006,KTSS007,KTSS019,KTSS003,KTSS009,KTSS012,KTSS011,KTSS008,KTSS017,KTSS016,KTSS015,KTSS005,KTSS020,KTSS018,KTSS002,KTSS013"
KT2025814,Harper Davis,03/25/2013,15 Kwun Tong Bypass,KTPS004,"65,99,51,51,33,79,78","18,32,5,1,1,80,17",APP2025814,"KTSS020,KTSS019,KTSS003,KTSS017,KTSS002,KTSS016,KTSS005,KTSS012,KTSS009,KTSS010,KTSS007,KTSS001,KTSS014,KTSS006,KTSS018,KTSS015,KTSS004,KTSS011,KTSS013,KTSS008"
KT2025815,Daniel Garcia,08/08/2013,62 Kwun Tong Bypass,KTPS019,"7,71,47,85,22,8,2","61,44,90,5,100,71,1",APP2025815,"KTSS008,KTSS005,KTSS004,KTSS009,KTSS011,KTSS016,KTSS019,KTSS010,KTSS003,KTSS006,KTSS012,KTSS001,KTSS007,KTSS018,KTSS015,KTSS020,KTSS013,KTSS002,KTSS017,KTSS014"
KT2025816,Daniel Taylor,02/10/2013,46 Kwun Tong Rd,KTPS006,"9,52,47,91,1,43,49","78,25,78,21,30,94,58",APP2025816,"KTSS008,KTSS002,KTSS004,KTSS014,KTSS020,KTSS009,KTSS003,KTSS015,KTSS019,KTSS010,KTSS017,KTSS018,KTSS012,KTSS005,KTSS011,KTSS016,KTSS007,KTSS013,KTSS001,KTSS006"
KT2025817,Amelia Garcia,10/09/2013,89 Tsui Ping Rd,KTPS015,"21,71,11,9,99,92,50","13,2,79,61,76,2,69",APP2025817,"KTSS010,KTSS001,KTSS004,KTSS013,KTSS011,KTSS006,KTSS007,KTSS018,KTSS020,KTSS015,KTSS003,KTSS005,KTSS019,KTSS002,KTSS016,KTSS012,KTSS009,KTSS008,KTSS014,KTSS017"
KT2025818,Benjamin Moore,06/11/2013,43 Lam Tin Road,KTPS018,"22,18,73,61,36,49,99","52,47,36,38,72,53,36",APP2025818,"KTSS018,KTSS013,KTSS019,KTSS001,KTSS012,KTSS005,KTSS007,KTSS009,KTSS020,KTSS017,KTSS011,KTSS015,KTSS014,KTSS006,KTSS004,KTSS003,KTSS008,KTSS010,KTSS002,KTSS016"
KT2025819,Michael Wilson,01/07/2013,90 Sau Mau Ping,KTPS015,"18,4,60,92,59,57,42","43,42,86,77,66,74,92",APP2025819,"KTSS012,KTSS013,KTSS011,KTSS005,KTSS015,KTSS004,KTSS009,KTSS001,KTSS019,KTSS003,KTSS014,KTSS017,KTSS010,KTSS020,KTSS008,KTSS018,KTSS006,KTSS016,KTSS007,KTSS002"
KT2025820,Matthew Taylor,04/12/2013,9 Hoi Yuen Road,KTPS005,"50,11,74,86,4,41,50","72,95,100,43,87,23,90",APP2025820,"KTSS018,KTSS003,KTSS016,KTSS002,KTSS011,KTSS019,KTSS014,KTSS010,KTSS008,KTSS007,KTSS017,KTSS013,KTSS015,KTSS005,KTSS006,KTSS001,KTSS020,KTSS009,KTSS012,KTSS004"
KT2025821,Daniel Thomas,05/07/2013,77 Yau Tong Bay,KTPS018,"46,20,30,60,78,8,65","79,29,43,62,2,48,95",APP2025821,"KTSS018,KTSS008,KTSS011,KTSS010,KTSS020,KTSS016,KTSS007,KTSS003,KTSS013,KTSS001,KTSS012,KTSS015,KTSS009,KTSS014,KTSS017,KTSS019,KTSS002,KTSS004,KTSS006,KTSS005"
KT2025822,Charlotte Taylor,12/22/2013,19 Lei Yue Mun,KTPS010,"72,88,65,63,37,69,46","64,70,63,18,95,48,12",APP2025822,"KTSS018,KTSS017,KTSS010,KTSS019,KTSS003,KTSS006,KTSS020,KTSS004,KTSS015,KTSS007,KTSS012,KTSS008,KTSS002,KTSS014,KTSS009,KTSS005,KTSS016,KTSS013,KTSS001,KTSS011"
KT2025823,Sophia Johnson,12/26/2013,54 Lei Yue Mun,KTPS003,"77,44,26,39,98,99,37","60,83,14,13,98,88,17",APP2025823,"KTSS012,KTSS005,KTSS007,KTSS019,KTSS017,KTSS006,KTSS013,KTSS014,KTSS004,KTSS010,KTSS016,KTSS020,KTSS009,KTSS011,KTSS001,KTSS018,KTSS015,KTSS003,KTSS008,KTSS002"
KT2025824,Alexander Lopez,08/19/2013,67 Tsui Ping Rd,KTPS003,"80,58,75,61,36,34,0","84,72,72,98,59,74,81",APP2025824,"KTSS001,KTSS014,KTSS018,KTSS009,KTSS020,KTSS006,KTSS013,KTSS002,KTSS010,KTSS003,KTSS015,KTSS016,KTSS011,KTSS017,KTSS004,KTSS019,KTSS012,KTSS008,KTSS005,KTSS007"
KT2025825,Alexander Martinez,07/09/2013,51 Hoi Yuen Road,KTPS016,"34,77,43,22,98,36,45","0,4,61,11,17,63,37",APP2025825,"KTSS018,KTSS003,KTSS006,KTSS007,KTSS008,KTSS001,KTSS017,KTSS013,KTSS020,KTSS011,KTSS015,KTSS005,KTSS009,KTSS016,KTSS012,KTSS014,KTSS004,KTSS010,KTSS019,KTSS002"
KT2025826,Matthew Martin,07/14/2013,100 Sau Mau Ping,KTPS005,"18,9,70,23,98,46,43","50,13,24,79,60,61,75",APP2025826,"KTSS007,KTSS002,KTSS004,KTSS010,KTSS005,KTSS011,KTSS016,KTSS013,KTSS018,KTSS012,KTSS015,KTSS020,KTSS019,KTSS009,KTSS017,KTSS001,KTSS008,KTSS014,KTSS006,KTSS003"
KT2025827,Sophia Thomas,02/26/2013,49 Kwun Tong Rd,KTPS018,"17,38,24,4,15,90,47","25,8,43,82,44,27,74",APP2025827,"KTSS010,KTSS008,KTSS006,KTSS017,KTSS003,KTSS015,KTSS004,KTSS016,KTSS007,KTSS014,KTSS019,KTSS011,KTSS013,KTSS020,KTSS005,KTSS009,KTSS001,KTSS018,KTSS002,KTSS012"
KT2025828,Sophia Johnson,05/29/2013,65 Sau Mau Ping,KTPS012,"88,21,56,88,80,29,32","61,22,24,58,32,95,0",APP2025828,"KTSS001,KTSS007,KTSS013,KTSS016,KTSS011,KTSS010,KTSS014,KTSS003,KTSS017,KTSS020,KTSS004,KTSS009,KTSS002,KTSS012,KTSS015,KTSS005,KTSS018,KTSS019,KTSS008,KTSS006"
KT2025829,William Smith,09/19/2013,24 Hoi Yuen Road,KTPS006,"22,26,15,9,78,85,91","85,48,84,98,50,1,7",APP2025829,"KTSS009,KTSS013,KTSS017,KTSS018,KTSS019,KTSS016,KTSS001,KTSS015,KTSS006,KTSS011,KTSS008,KTSS005,KTSS004,KTSS007,KTSS020,KTSS002,KTSS003,KTSS012,KTSS014,KTSS010"
KT2025830,James Jackson,09/29/2013,84 Kowloon Bay,KTPS013,"50,64,9,55,7,84,71","79,58,62,36,90,7,56",APP2025830,"KTSS009,KTSS003,KTSS012,KTSS020,KTSS017,KTSS002,KTSS015,KTSS016,KTSS010,KTSS005,KTSS004,KTSS006,KTSS013,KTSS014,KTSS018,KTSS011,KTSS008,KTSS019,KTSS007,KTSS001"
KT2025831,Daniel Taylor,11/16/2013,46 Kwun Tong Rd,KTPS002,"31,37,64,98,4,84,32","0,6,78,75,82,79,10",APP2025831,"KTSS016,KTSS015,KTSS017,KTSS003,KTSS009,KTSS019,KTSS006,KTSS010,KTSS013,KTSS012,KTSS008,KTSS018,KTSS007,KTSS001,KTSS014,KTSS011,KTSS004,KTSS002,KTSS005,KTSS020"
KT2025832,Amelia Garcia,01/24/2013,71 Yau Tong Bay,KTPS008,"81,62,24,37,68,30,12","12,0,61,1,49,9,92",APP2025832,"KTSS009,KTSS016,KTSS003,KTSS010,KTSS017,KTSS001,KTSS002,KTSS007,KTSS014,KTSS011,KTSS006,KTSS018,KTSS004,KTSS005,KTSS015,KTSS020,KTSS019,KTSS013,KTSS008,KTSS012"
KT2025833,Ethan Jones,04/06/2013,10 Kowloon Bay,KTPS015,"52,34,0,26,80,90,49","72,47,82,9,34,26,70",APP2025833,"KTSS005,KTSS008,KTSS001,KTSS002,KTSS016,KTSS014,KTSS015,KTSS011,KTSS004,KTSS020,KTSS010,KTSS003,KTSS012,KTSS018,KTSS006,KTSS019,KTSS017,KTSS013,KTSS009,KTSS007"
KT2025834,Mary Johnson,05/04/2013,55 Lei Yue Mun,KTPS005,"20,16,54,5,43,46,56","69,11,53,51,10,4,4",APP2025834,"KTSS011,KTSS007,KTSS017,KTSS014,KTSS020,KTSS001,KTSS005,KTSS010,KTSS002,KTSS003,KTSS008,KTSS013,KTSS015,KTSS006,KTSS016,KTSS009,KTSS004,KTSS019,KTSS018,KTSS012"
KT2025835,Olivia Johnson,07/27/2013,57 Lei Yue Mun,KTPS011,"98,55,22,45,50,95,78","20,70,41,13,16,94,95",APP2025835,"KTSS017,KTSS001,KTSS012,KTSS006,KTSS009,KTSS014,KTSS018,KTSS010,KTSS004,KTSS008,KTSS013,KTSS011,KTSS015,KTSS003,KTSS007,KTSS002,KTSS016,KTSS020,KTSS019,KTSS005"
KT2025836,Alexander Taylor,05/06/2013,68 Lam Tin Road,KTPS007,"39,90,20,1,46,56,9","63,20,76,21,18,57,97",APP2025836,"KTSS005,KTSS016,KTSS017,KTSS013,KTSS018,KTSS001,KTSS007,KTSS002,KTSS019,KTSS015,KTSS008,KTSS006,KTSS009,KTSS012,KTSS014,KTSS011,KTSS004,KTSS003,KTSS020,KTSS010"
KT2025837,Daniel Martin,04/23/2013,92 Kowloon Bay,KTPS007,"92,43,40,81,52,65,46","57,77,25,41,72,57,40",APP2025837,"KTSS015,KTSS017,KTSS016,KTSS014,KTSS001,KTSS004,KTSS007,KTSS013,KTSS003,KTSS012,KTSS011,KTSS018,KTSS005,KTSS008,KTSS020,KTSS006,KTSS009,KTSS010,KTSS019,KTSS002"
KT2025838,James Johnson,06/28/2013,36 Kwun Tong Bypass,KTPS009,"35,29,58,70,66,74,2","42,71,54,63,67,18,93",APP2025838,"KTSS013,KTSS019,KTSS003,KTSS011,KTSS015,KTSS012,KTSS009,KTSS004,KTSS007,KTSS016,KTSS017,KTSS002,KTSS010,KTSS005,KTSS008,KTSS006,KTSS001,KTSS018,KTSS020,KTSS014"
KT2025839,Ethan Martinez,01/31/2013,64 Yau Tong Bay,KTPS019,"36,53,77,13,76,67,39","51,55,32,61,75,39,1",APP2025839,"KTSS012,KTSS001,KTSS010,KTSS016,KTSS006,KTSS005,KTSS003,KTSS015,KTSS007,KTSS004,KTSS009,KTSS013,KTSS008,KTSS019,KTSS017,KTSS011,KTSS020,KTSS014,KTSS018,KTSS002"
KT2025840,Harper Jones,06/23/2013,10 Kwun Tong Rd,KTPS002,"28,84,99,39,81,65,54","6,87,98,89,65,3,93",APP2025840,"KTSS016,KTSS010,KTSS017,KTSS011,KTSS003,KTSS013,KTSS006,KTSS002,KTSS019,KTSS005,KTSS015,KTSS008,KTSS004,KTSS009,KTSS018,KTSS012,KTSS007,KTSS001,KTSS020,KTSS014"
KT2025841,Sophia Gonzalez,12/31/2013,71 Kowloon Bay,KTPS020,"62,72,93,21,100,42,4","93,34,37,17,9,76,87",APP2025841,"KTSS005,KTSS008,KTSS011,KTSS010,KTSS006,KTSS015,KTSS004,KTSS018,KTSS001,KTSS003,KTSS012,KTSS013,KTSS020,KTSS002,KTSS007,KTSS019,KTSS016,KTSS014,KTSS009,KTSS017"
KT2025842,Mary Johnson,03/19/2013,56 Kwun Tong Bypass,KTPS008,"49,76,1,79,94,81,50","80,32,19,93,38,88,47",APP2025842,"KTSS015,KTSS013,KTSS004,KTSS007,KTSS001,KTSS003,KTSS011,KTSS017,KTSS016,KTSS008,KTSS005,KTSS014,KTSS010,KTSS002,KTSS006,KTSS019,KTSS018,KTSS009,KTSS020,KTSS012"
KT2025843,Benjamin Anderson,06/09/2013,21 Hoi Yuen Road,KTPS004,"88,55,28,41,48,89,42","5,36,5,77,62,49,62",APP2025843,"KTSS010,KTSS013,KTSS020,KTSS009,KTSS012,KTSS008,KTSS004,KTSS014,KTSS007,KTSS015,KTSS002,KTSS018,KTSS017,KTSS019,KTSS016,KTSS003,KTSS006,KTSS001,KTSS005,KTSS011"
KT2025844,Mary Miller,02/27/2013,48 Hoi Yuen Road,KTPS005,"5,22,89,39,85,21,13","11,99,21,88,75,49,24",APP2025844,"KTSS005,KTSS017,KTSS008,KTSS004,KTSS018,KTSS007,KTSS009,KTSS013,KTSS020,KTSS001,KTSS015,KTSS011,KTSS014,KTSS003,KTSS012,KTSS019,KTSS006,KTSS010,KTSS016,KTSS002"
KT2025845,James Jackson,03/16/2013,33 Yau Tong Bay,KTPS014,"99,40,29,18,75,9,16","20,14,23,67,1,56,31",APP2025845,"KTSS008,KTSS016,KTSS020,KTSS011,KTSS005,KTSS003,KTSS015,KTSS010,KTSS004,KTSS019,KTSS014,KTSS009,KTSS001,KTSS002,KTSS017,KTSS006,KTSS013,KTSS007,KTSS012,KTSS018"
KT2025846,Charlotte Anderson,05/31/2013,30 Yau Tong Bay,KTPS012,"64,18,97,54,6,87,42","92,87,23,86,9,100,12",APP2025846,"KTSS006,KTSS013,KTSS002,KTSS011,KTSS009,KTSS018,KTSS017,KTSS014,KTSS003,KTSS019,KTSS008,KTSS010,KTSS005,KTSS016,KTSS020,KTSS004,KTSS012,KTSS001,KTSS007,KTSS015"
KT2025847,Michael Wilson,09/09/2013,41 Lam Tin Road,KTPS019,"71,86,1,91,2,87,76","47,10,31,53,70,58,88",APP2025847,"KTSS019,KTSS003,KTSS001,KTSS015,KTSS018,KTSS014,KTSS011,KTSS004,KTSS005,KTSS006,KTSS002,KTSS012,KTSS010,KTSS020,KTSS017,KTSS013,KTSS008,KTSS009,KTSS016,KTSS007"
KT2025848,Michael Smith,07/01/2013,90 Kowloon Bay,KTPS004,"9,51,2,48,17,14,73","23,89,45,12,24,20,39",APP2025848,"KTSS002,KTSS001,KTSS013,KTSS017,KTSS009,KTSS007,KTSS015,KTSS016,KTSS014,KTSS019,KTSS010,KTSS006,KTSS018,KTSS004,KTSS005,KTSS020,KTSS012,KTSS011,KTSS003,KTSS008"
KT2025849,David Jones,11/27/2013,67 Kowloon Bay,KTPS002,"3,18,11,46,65,99,73","83,49,70,41,83,90,47",APP2025849,"KTSS018,KTSS012,KTSS015,KTSS013,KTSS017,KTSS016,KTSS009,KTSS011,KTSS001,KTSS014,KTSS002,KTSS019,KTSS006,KTSS020,KTSS007,KTSS005,KTSS008,KTSS004,KTSS003,KTSS010"
KT2025850,Alexander Wilson,04/02/2013,61 Hoi Yuen Road,KTPS008,"65,66,23,97,34,87,8","81,8,37,19,70,2,91",APP2025850,"KTSS004,KTSS005,KTSS001,KTSS009,KTSS002,KTSS013,KTSS016,KTSS019,KTSS003,KTSS011,KTSS017,KTSS020,KTSS008,KTSS012,KTSS010,KTSS006,KTSS015,KTSS014,KTSS018,KTSS007"
KT2025851,Michael Hernandez,11/17/2013,40 Sau Mau Ping,KTPS007,"15,92,72,45,11,10,75","26,24,25,10,74,68,17",APP2025851,"KTSS003,KTSS012,KTSS013,KTSS017,KTSS011,KTSS007,KTSS014,KTSS019,KTSS020,KTSS006,KTSS001,KTSS008,KTSS016,KTSS009,KTSS010,KTSS018,KTSS004,KTSS005,KTSS002,KTSS015"
KT2025852,Mia Smith,02/17/2013,85 Kowloon Bay,KTPS002,"90,89,58,37,82,58,24","84,58,2,63,22,19,38",APP2025852,"KTSS010,KTSS020,KTSS004,KTSS013,KTSS005,KTSS008,KTSS018,KTSS019,KTSS003,KTSS011,KTSS001,KTSS014,KTSS006,KTSS009,KTSS007,KTSS012,KTSS002,KTSS017,KTSS015,KTSS016"
KT2025853,Isabella Martinez,05/12/2013,92 Hoi Yuen Road,KTPS013,"52,89,65,7,88,43,8","95,49,18,22,40,88,54",APP2025853,"KTSS020,KTSS007,KTSS003,KTSS010,KTSS011,KTSS006,KTSS002,KTSS015,KTSS014,KTSS013,KTSS016,KTSS001,KTSS012,KTSS004,KTSS019,KTSS009,KTSS008,KTSS005,KTSS017,KTSS018"
KT2025854,Isabella Jones,10/06/2013,2 Tsui Ping Rd,KTPS004,"37,62,51,98,91,85,96","92,47,91,31,51,30,1",APP2025854,"KTSS011,KTSS012,KTSS018,KTSS003,KTSS005,KTSS001,KTSS008,KTSS010,KTSS006,KTSS017,KTSS009,KTSS014,KTSS002,KTSS016,KTSS007,KTSS019,KTSS013,KTSS020,KTSS015,KTSS004"
KT2025855,Mary Rodriguez,05/11/2013,87 Hoi Yuen Road,KTPS020,"17,76,2,7,79,43,82","74,93,56,100,15,13,79",APP2025855,"KTSS007,KTSS020,KTSS015,KTSS008,KTSS013,KTSS012,KTSS011,KTSS001,KTSS006,KTSS009,KTSS018,KTSS017,KTSS002,KTSS016,KTSS004,KTSS005,KTSS010,KTSS019,KTSS014,KTSS003"
KT2025856,Isabella Taylor,10/26/2013,98 Lei Yue Mun,KTPS012,"39,68,35,35,97,90,64","69,15,54,74,23,18,48",APP2025856,"KTSS017,KTSS001,KTSS005,KTSS012,KTSS018,KTSS009,KTSS010,KTSS002,KTSS014,KTSS008,KTSS007,KTSS003,KTSS020,KTSS004,KTSS015,KTSS019,KTSS016,KTSS011,KTSS013,KTSS006"
KT2025857,Mary Davis,09/10/2013,38 Yau Tong Bay,KTPS015,"49,57,46,46,24,43,100","67,83,10,4,80,23,8",APP2025857,"KTSS013,KTSS015,KTSS006,KTSS007,KTSS004,KTSS014,KTSS011,KTSS003,KTSS019,KTSS020,KTSS002,KTSS017,KTSS016,KTSS005,KTSS012,KTSS001,KTSS008,KTSS018,KTSS009,KTSS010"
KT2025858,Amelia Martin,09/03/2013,31 Ngau Tau Kok Rd,KTPS020,"19,3,10,5,16,35,83","36,70,4,89,78,74,68",APP2025858,"KTSS010,KTSS008,KTSS011,KTSS012,KTSS016,KTSS005,KTSS019,KTSS013,KTSS018,KTSS006,KTSS017,KTSS003,KTSS001,KTSS015,KTSS007,KTSS014,KTSS004,KTSS002,KTSS009,KTSS020"
KT2025859,Sarah Moore,05/16/2013,30 Tsui Ping Rd,KTPS008,"95,86,77,6,42,99,99","51,44,61,89,33,82,99",APP2025859,"KTSS016,KTSS007,KTSS001,KTSS002,KTSS005,KTSS011,KTSS009,KTSS015,KTSS006,KTSS017,KTSS014,KTSS013,KTSS020,KTSS003,KTSS012,KTSS010,KTSS004,KTSS019,KTSS008,KTSS018"
KT2025860,Mia Gonzalez,08/16/2013,66 Kowloon Bay,KTPS014,"72,38,41,96,52,27,0","22,90,52,18,54,7,23",APP2025860,"KTSS016,KTSS014,KTSS001,KTSS007,KTSS019,KTSS003,KTSS006,KTSS012,KTSS017,KTSS008,KTSS018,KTSS004,KTSS009,KTSS015,KTSS002,KTSS020,KTSS005,KTSS011,KTSS010,KTSS013"
KT2025861,Sarah Smith,04/06/2013,50 Kwun Tong Rd,KTPS008,"23,92,65,95,26,44,59","90,72,68,10,86,62,47",APP2025861,"KTSS019,KTSS005,KTSS003,KTSS018,KTSS013,KTSS011,KTSS008,KTSS002,KTSS001,KTSS020,KTSS016,KTSS012,KTSS010,KTSS014,KTSS006,KTSS004,KTSS017,KTSS015,KTSS009,KTSS007"
KT2025862,Olivia Jones,09/29/2013,26 Hoi Yuen Road,KTPS016,"52,28,93,100,27,12,41","95,21,82,21,74,21,24",APP2025862,"KTSS014,KTSS013,KTSS001,KTSS017,KTSS005,KTSS006,KTSS019,KTSS011,KTSS020,KTSS008,KTSS012,KTSS018,KTSS010,KTSS009,KTSS007,KTSS015,KTSS003,KTSS004,KTSS016,KTSS002"
KT2025863,John Hernandez,03/08/2013,97 Hoi Yuen Road,KTPS003,"33,91,44,17,22,86,22","82,13,14,49,85,19,75",APP2025863,"KTSS019,KTSS008,KTSS010,KTSS005,KTSS015,KTSS012,KTSS016,KTSS002,KTSS018,KTSS009,KTSS007,KTSS017,KTSS011,KTSS003,KTSS013,KTSS014,KTSS006,KTSS001,KTSS020,KTSS004"
KT2025864,Alexander Jackson,01/27/2013,42 Kwun Tong Rd,KTPS015,"38,5,4,71,92,29,14","20,100,97,71,34,52,57",APP2025864,"KTSS004,KTSS001,KTSS016,KTSS017,KTSS007,KTSS008,KTSS015,KTSS010,KTSS003,KTSS002,KTSS020,KTSS013,KTSS012,KTSS005,KTSS019,KTSS018,KTSS011,KTSS009,KTSS014,KTSS006"
KT2025865,Mary Garcia,11/02/2013,20 Tsui Ping Rd,KTPS002,"2,7,42,75,100,33,74","28,47,59,7,16,73,59",APP2025865,"KTSS009,KTSS011,KTSS012,KTSS014,KTSS005,KTSS018,KTSS007,KTSS020,KTSS001,KTSS003,KTSS004,KTSS017,KTSS002,KTSS010,KTSS008,KTSS015,KTSS016,KTSS019,KTSS006,KTSS013"
KT2025866,Ethan Anderson,02/01/2013,100 Hoi Yuen Road,KTPS018,"61,99,89,74,95,70,56","49,91,84,80,76,30,14",APP2025866,"KTSS012,KTSS002,KTSS020,KTSS008,KTSS003,KTSS016,KTSS006,KTSS015,KTSS001,KTSS014,KTSS005,KTSS007,KTSS004,KTSS011,KTSS013,KTSS010,KTSS009,KTSS018,KTSS017,KTSS019"
KT2025867,Harper Wilson,01/07/2013,58 Hoi Yuen Road,KTPS020,"99,50,2,11,5,60,36","97,4,69,79,31,59,37",APP2025867,"KTSS020,KTSS004,KTSS014,KTSS001,KTSS012,KTSS005,KTSS007,KTSS011,KTSS009,KTSS008,KTSS015,KTSS018,KTSS016,KTSS006,KTSS013,KTSS002,KTSS019,KTSS003,KTSS010,KTSS017"
KT2025868,Ethan Thomas,12/23/2013,33 Lam Tin Road,KTPS015,"51,42,35,45,66,91,41","21,24,8,56,94,10,25",APP2025868,"KTSS015,KTSS010,KTSS008,KTSS006,KTSS014,KTSS013,KTSS009,KTSS007,KTSS019,KTSS018,KTSS017,KTSS003,KTSS001,KTSS005,KTSS002,KTSS004,KTSS020,KTSS011,KTSS012,KTSS016"
KT2025869,Emily Gonzalez,12/25/2013,24 Sau Mau Ping,KTPS007,"45,29,60,8,19,10,4","3,23,18,67,29,42,9",APP2025869,"KTSS020,KTSS016,KTSS010,KTSS014,KTSS009,KTSS004,KTSS008,KTSS005,KTSS003,KTSS012,KTSS001,KTSS015,KTSS013,KTSS019,KTSS018,KTSS002,KTSS011,KTSS017,KTSS006,KTSS007"
KT2025870,Olivia Moore,09/02/2013,4 Kwun Tong Rd,KTPS013,"17,52,25,18,51,56,53","17,66,12,56,68,2,26",APP2025870,"KTSS005,KTSS011,KTSS004,KTSS014,KTSS015,KTSS019,KTSS008,KTSS009,KTSS012,KTSS007,KTSS017,KTSS002,KTSS006,KTSS003,KTSS010,KTSS020,KTSS016,KTSS001,KTSS018,KTSS013"
KT2025871,Mia Anderson,04/16/2013,78 Kowloon Bay,KTPS013,"51,26,61,17,41,100,26","11,11,36,76,36,69,9",APP2025871,"KTSS016,KTSS007,KTSS014,KTSS003,KTSS004,KTSS017,KTSS006,KTSS020,KTSS012,KTSS011,KTSS018,KTSS002,KTSS019,KTSS008,KTSS015,KTSS010,KTSS001,KTSS009,KTSS013,KTSS005"
KT2025872,Sophia Gonzalez,01/20/2013,10 Kowloon Bay,KTPS002,"24,11,19,3,17,83,38","87,10,12,72,27,80,66",APP2025872,"KTSS012,KTSS008,KTSS014,KTSS005,KTSS006,KTSS004,KTSS015,KTSS011,KTSS017,KTSS001,KTSS019,KTSS002,KTSS018,KTSS009,KTSS013,KTSS007,KTSS016,KTSS020,KTSS010,KTSS003"
KT2025873,Benjamin Miller,03/29/2013,10 Ngau Tau Kok Rd,KTPS016,"25,49,3,18,35,24,81","29,35,26,88,93,49,34",APP2025873,"KTSS019,KTSS015,KTSS020,KTSS004,KTSS003,KTSS010,KTSS012,KTSS018,KTSS006,KTSS016,KTSS009,KTSS005,KTSS001,KTSS017,KTSS002,KTSS013,KTSS014,KTSS011,KTSS008,KTSS007"
KT2025874,William Smith,10/05/2013,36 Hoi Yuen Road,KTPS014,"40,81,11,26,16,10,50","82,16,10,41,9,85,43",APP2025874,"KTSS018,KTSS012,KTSS010,KTSS019,KTSS009,KTSS020,KTSS014,KTSS004,KTSS003,KTSS005,KTSS006,KTSS017,KTSS013,KTSS015,KTSS008,KTSS016,KTSS007,KTSS011,KTSS001,KTSS002"
KT2025875,Daniel Williams,07/08/2013,60 Kwun Tong Rd,KTPS011,"5,81,50,99,59,94,32","98,89,48,1,63,22,60",APP2025875,"KTSS006,KTSS005,KTSS004,KTSS003,KTSS014,KTSS007,KTSS019,KTSS002,KTSS015,KTSS013,KTSS012,KTSS020,KTSS010,KTSS016,KTSS001,KTSS017,KTSS008,KTSS011,KTSS009,KTSS018"
KT2025876,Harper Anderson,12/15/2013,11 Sau Mau Ping,KTPS009,"72,35,9,68,61,58,56","64,19,99,7,97,64,63",APP2025876,"KTSS013,KTSS005,KTSS012,KTSS007,KTSS014,KTSS006,KTSS009,KTSS018,KTSS001,KTSS017,KTSS020,KTSS019,KTSS011,KTSS008,KTSS002,KTSS010,KTSS016,KTSS003,KTSS015,KTSS004"
KT2025877,James Jones,08/20/2013,35 Hoi Yuen Road,KTPS007,"53,89,39,87,34,16,15","98,14,87,42,92,59,5",APP2025877,"KTSS018,KTSS008,KTSS005,KTSS002,KTSS004,KTSS006,KTSS016,KTSS012,KTSS014,KTSS003,KTSS001,KTSS009,KTSS019,KTSS013,KTSS020,KTSS015,KTSS007,KTSS010,KTSS011,KTSS017"
KT2025878,Sophia Anderson,10/05/2013,43 Tsui Ping Rd,KTPS010,"9,99,13,14,93,17,97","57,14,93,30,88,2,76",APP2025878,"KTSS015,KTSS016,KTSS006,KTSS018,KTSS004,KTSS007,KTSS005,KTSS008,KTSS010,KTSS014,KTSS012,KTSS011,KTSS003,KTSS020,KTSS013,KTSS017,KTSS001,KTSS019,KTSS002,KTSS009"
KT2025879,Matthew Hernandez,07/11/2013,97 Tsui Ping Rd,KTPS010,"61,55,47,26,76,43,57","72,7,15,0,55,7,70",APP2025879,"KTSS009,KTSS020,KTSS007,KTSS015,KTSS008,KTSS012,KTSS018,KTSS013,KTSS003,KTSS005,KTSS016,KTSS004,KTSS001,KTSS002,KTSS006,KTSS017,KTSS010,KTSS011,KTSS019,KTSS014"
KT2025880,Emily Miller,12/05/2013,17 Lam Tin Road,KTPS004,"94,21,29,71,93,58,84","38,66,95,100,58,68,14",APP2025880,"KTSS009,KTSS015,KTSS003,KTSS002,KTSS004,KTSS012,KTSS019,KTSS016,KTSS008,KTSS007,KTSS001,KTSS013,KTSS011,KTSS020,KTSS006,KTSS018,KTSS005,KTSS010,KTSS014,KTSS017"
KT2025881,Sophia Jackson,09/04/2013,13 Ngau Tau Kok Rd,KTPS010,"81,88,44,91,98,86,87","87,27,0,74,57,27,54",APP2025881,"KTSS006,KTSS019,KTSS001,KTSS012,KTSS002,KTSS017,KTSS013,KTSS020,KTSS016,KTSS007,KTSS009,KTSS004,KTSS008,KTSS015,KTSS011,KTSS010,KTSS018,KTSS005,KTSS003,KTSS014"
KT2025882,John Moore,07/31/2013,74 Kowloon Bay,KTPS017,"4,41,99,12,92,40,20","43,81,12,37,66,9,90",APP2025882,"KTSS020,KTSS012,KTSS010,KTSS014,KTSS016,KTSS004,KTSS019,KTSS002,KTSS008,KTSS001,KTSS007,KTSS005,KTSS015,KTSS006,KTSS003,KTSS009,KTSS013,KTSS017,KTSS011,KTSS018"
KT2025883,Benjamin Williams,02/21/2013,45 Kwun Tong Rd,KTPS008,"66,84,34,0,55,27,38","24,48,7,57,18,92,86",APP2025883,"KTSS002,KTSS007,KTSS012,KTSS017,KTSS013,KTSS018,KTSS005,KTSS004,KTSS006,KTSS014,KTSS003,KTSS019,KTSS020,KTSS015,KTSS011,KTSS001,KTSS009,KTSS016,KTSS008,KTSS010"
KT2025884,Ethan Rodriguez,01/01/2013,82 Kowloon Bay,KTPS002,"71,38,58,38,12,18,44","72,12,94,92,95,70,16",APP2025884,"KTSS007,KTSS015,KTSS008,KTSS005,KTSS020,KTSS018,KTSS013,KTSS012,KTSS006,KTSS019,KTSS010,KTSS017,KTSS009,KTSS004,KTSS001,KTSS003,KTSS002,KTSS011,KTSS016,KTSS014"
KT2025885,Isabella Miller,11/27/2013,77 Tsui Ping Rd,KTPS014,"63,9,54,2,64,54,2","17,22,66,94,90,12,54",APP2025885,"KTSS016,KTSS003,KTSS010,KTSS020,KTSS001,KTSS017,KTSS005,KTSS008,KTSS011,KTSS015,KTSS009,KTSS019,KTSS018,KTSS007,KTSS002,KTSS013,KTSS006,KTSS014,KTSS012,KTSS004"
KT2025886,Amelia Smith,03/16/2013,83 Hoi Yuen Road,KTPS006,"19,3,52,49,38,36,73","18,93,70,7,11,79,88",APP2025886,"KTSS010,KTSS006,KTSS009,KTSS017,KTSS019,KTSS020,KTSS003,KTSS012,KTSS004,KTSS002,KTSS016,KTSS013,KTSS007,KTSS011,KTSS005,KTSS015,KTSS018,KTSS014,KTSS008,KTSS001"
KT2025887,Harper Thomas,12/06/2013,67 Ngau Tau Kok Rd,KTPS019,"54,35,52,44,2,2,96","90,29,82,78,33,77,53",APP2025887,"KTSS018,KTSS002,KTSS005,KTSS012,KTSS016,KTSS007,KTSS017,KTSS014,KTSS001,KTSS004,KTSS010,KTSS008,KTSS020,KTSS015,KTSS006,KTSS013,KTSS009,KTSS011,KTSS003,KTSS019"
KT2025888,William Garcia,03/12/2013,82 Lei Yue Mun,KTPS007,"91,95,11,36,71,55,27","39,46,23,23,6,28,30",APP2025888,"KTSS008,KTSS017,KTSS006,KTSS007,KTSS005,KTSS020,KTSS002,KTSS011,KTSS001,KTSS013,KTSS012,KTSS010,KTSS003,KTSS016,KTSS018,KTSS019,KTSS004,KTSS009,KTSS014,KTSS015"
KT2025889,Mary Smith,02/06/2013,92 Tsui Ping Rd,KTPS005,"6,74,82,38,46,76,3","3,87,25,29,38,49,59",APP2025889,"KTSS017,KTSS010,KTSS008,KTSS012,KTSS019,KTSS002,KTSS009,KTSS011,KTSS020,KTSS001,KTSS014,KTSS018,KTSS006,KTSS013,KTSS004,KTSS015,KTSS005,KTSS007,KTSS003,KTSS016"
KT2025890,Harper Johnson,07/17/2013,31 Kwun Tong Rd,KTPS017,"39,39,40,48,69,95,85","9,43,76,44,2,63,60",APP2025890,"KTSS003,KTSS012,KTSS004,KTSS007,KTSS013,KTSS005,KTSS020,KTSS019,KTSS001,KTSS014,KTSS017,KTSS006,KTSS016,KTSS008,KTSS010,KTSS002,KTSS018,KTSS015,KTSS009,KTSS011"
KT2025891,Mia Jones,03/31/2013,73 Tsui Ping Rd,KTPS004,"3,33,72,62,68,54,60","29,8,100,43,94,64,57",APP2025891,"KTSS010,KTSS019,KTSS013,KTSS003,KTSS006,KTSS002,KTSS011,KTSS016,KTSS004,KTSS008,KTSS007,KTSS018,KTSS014,KTSS017,KTSS015,KTSS005,KTSS012,KTSS020,KTSS001,KTSS009"
KT2025892,Isabella Gonzalez,06/05/2013,94 Yau Tong Bay,KTPS001,"53,94,82,83,95,66,83","43,99,97,31,99,43,21",APP2025892,"KTSS014,KTSS017,KTSS012,KTSS011,KTSS016,KTSS001,KTSS015,KTSS004,KTSS020,KTSS002,KTSS003,KTSS008,KTSS005,KTSS018,KTSS009,KTSS013,KTSS010,KTSS019,KTSS006,KTSS007"
KT2025893,Benjamin Hernandez,03/29/2013,90 Kowloon Bay,KTPS003,"72,15,97,64,9,33,6","87,66,35,43,39,29,72",APP2025893,"KTSS008,KTSS010,KTSS004,KTSS005,KTSS014,KTSS007,KTSS012,KTSS015,KTSS013,KTSS009,KTSS006,KTSS003,KTSS018,KTSS019,KTSS020,KTSS016,KTSS017,KTSS011,KTSS001,KTSS002"
KT2025894,Charlotte Johnson,09/04/2013,59 Sau Mau Ping,KTPS004,"41,67,74,91,45,53,83","80,71,7,47,22,46,76",APP2025894,"KTSS004,KTSS013,KTSS002,KTSS008,KTSS015,KTSS019,KTSS006,KTSS016,KTSS014,KTSS012,KTSS018,KTSS017,KTSS001,KTSS003,KTSS007,KTSS011,KTSS009,KTSS005,KTSS020,KTSS010"
KT2025895,Olivia Hernandez,01/24/2013,15 Ngau Tau Kok Rd,KTPS005,"23,58,61,68,69,78,98","34,98,74,70,55,28,83",APP2025895,"KTSS010,KTSS013,KTSS006,KTSS012,KTSS020,KTSS017,KTSS007,KTSS001,KTSS019,KTSS002,KTSS014,KTSS011,KTSS009,KTSS016,KTSS008,KTSS003,KTSS015,KTSS018,KTSS004,KTSS005"
KT2025896,Daniel Moore,09/05/2013,56 Tsui Ping Rd,KTPS009,"50,9,87,27,55,21,14","36,97,31,90,7,38,69",APP2025896,"KTSS003,KTSS020,KTSS010,KTSS014,KTSS013,KTSS009,KTSS004,KTSS015,KTSS008,KTSS001,KTSS006,KTSS018,KTSS005,KTSS012,KTSS011,KTSS002,KTSS007,KTSS019,KTSS016,KTSS017"
KT2025897,Mia Gonzalez,07/23/2013,60 Lam Tin Road,KTPS010,"45,27,66,82,2,51,41","81,56,33,17,14,33,60",APP2025897,"KTSS016,KTSS008,KTSS012,KTSS014,KTSS007,KTSS006,KTSS003,KTSS019,KTSS011,KTSS015,KTSS004,KTSS020,KTSS017,KTSS001,KTSS018,KTSS005,KTSS002,KTSS009,KTSS013,KTSS010"
KT2025898,Benjamin Jones,08/03/2013,34 Tsui Ping Rd,KTPS014,"51,40,58,6,8,93,91","91,60,87,12,22,99,76",APP2025898,"KTSS019,KTSS009,KTSS012,KTSS016,KTSS007,KTSS008,KTSS013,KTSS004,KTSS005,KTSS017,KTSS011,KTSS003,KTSS015,KTSS001,KTSS018,KTSS010,KTSS002,KTSS014,KTSS006,KTSS020"
KT2025899,William Wilson,09/05/2013,38 Hoi Yuen Road,KTPS009,"56,29,17,62,53,37,73","75,57,19,81,37,34,9",APP2025899,"KTSS019,KTSS013,KTSS008,KTSS005,KTSS003,KTSS018,KTSS002,KTSS016,KTSS015,KTSS011,KTSS010,KTSS017,KTSS020,KTSS004,KTSS014,KTSS006,KTSS009,KTSS007,KTSS001,KTSS012"
KT2025900,Emily Jackson,04/10/2013,55 Kwun Tong Bypass,KTPS018,"68,25,9,77,3,93,87","5,93,39,14,78,63,6",APP2025900,"KTSS019,KTSS012,KTSS004,KTSS003,KTSS014,KTSS017,KTSS001,KTSS020,KTSS011,KTSS018,KTSS005,KTSS016,KTSS009,KTSS007,KTSS008,KTSS002,KTSS006,KTSS013,KTSS015,KTSS010"
KT2025901,Harper Martinez,02/05/2013,59 Tsui Ping Rd,KTPS003,"17,87,49,2,97,45,43","54,99,26,76,98,15,65",APP2025901,"KTSS003,KTSS010,KTSS020,KTSS013,KTSS011,KTSS019,KTSS008,KTSS012,KTSS002,KTSS017,KTSS001,KTSS006,KTSS018,KTSS014,KTSS005,KTSS009,KTSS007,KTSS004,KTSS016,KTSS015"
KT2025902,John Rodriguez,01/12/2013,57 Yau Tong Bay,KTPS016,"73,12,69,88,25,42,18","1,11,95,61,84,20,18",APP2025902,"KTSS020,KTSS015,KTSS005,KTSS016,KTSS002,KTSS007,KTSS011,KTSS004,KTSS012,KTSS001,KTSS017,KTSS019,KTSS010,KTSS003,KTSS018,KTSS009,KTSS013,KTSS014,KTSS006,KTSS008"
KT2025903,Benjamin Williams,01/18/2013,91 Yau Tong Bay,KTPS012,"53,49,40,78,63,0,95","40,91,91,33,78,49,98",APP2025903,"KTSS012,KTSS019,KTSS001,KTSS005,KTSS002,KTSS011,KTSS014,KTSS006,KTSS004,KTSS003,KTSS009,KTSS013,KTSS018,KTSS020,KTSS010,KTSS007,KTSS008,KTSS016,KTSS017,KTSS015"
KT2025904,Daniel Smith,04/17/2013,25 Kwun Tong Rd,KTPS005,"16,73,49,39,86,43,34","68,62,83,77,82,24,66",APP2025904,"KTSS010,KTSS008,KTSS009,KTSS017,KTSS001,KTSS018,KTSS011,KTSS019,KTSS007,KTSS014,KTSS006,KTSS015,KTSS002,KTSS003,KTSS020,KTSS013,KTSS004,KTSS012,KTSS005,KTSS016"
KT2025905,James Taylor,01/11/2013,72 Kwun Tong Rd,KTPS019,"24,29,23,33,62,99,74","99,32,16,63,82,51,29",APP2025905,"KTSS019,KTSS012,KTSS011,KTSS008,KTSS007,KTSS014,KTSS020,KTSS013,KTSS016,KTSS003,KTSS006,KTSS001,KTSS018,KTSS009,KTSS017,KTSS004,KTSS015,KTSS002,KTSS005,KTSS010"
KT2025906,Mia Jackson,08/30/2013,22 Ngau Tau Kok Rd,KTPS017,"41,97,58,30,15,75,30","37,35,48,89,57,72,36",APP2025906,"KTSS009,KTSS018,KTSS007,KTSS014,KTSS008,KTSS019,KTSS012,KTSS015,KTSS001,KTSS020,KTSS004,KTSS006,KTSS005,KTSS011,KTSS017,KTSS010,KTSS003,KTSS016,KTSS002,KTSS013"
KT2025907,Ethan Rodriguez,07/15/2013,39 Lam Tin Road,KTPS017,"31,56,89,24,92,5,61","9,38,53,79,31,69,85",APP2025907,"KTSS011,KTSS007,KTSS012,KTSS016,KTSS004,KTSS019,KTSS017,KTSS014,KTSS001,KTSS018,KTSS003,KTSS005,KTSS006,KTSS013,KTSS015,KTSS009,KTSS008,KTSS020,KTSS002,KTSS010"
KT2025908,Isabella Davis,07/27/2013,44 Yau Tong Bay,KTPS008,"37,52,85,69,54,68,62","17,90,78,46,9,68,37",APP2025908,"KTSS001,KTSS019,KTSS010,KTSS005,KTSS008,KTSS004,KTSS018,KTSS009,KTSS016,KTSS011,KTSS006,KTSS015,KTSS014,KTSS007,KTSS017,KTSS020,KTSS012,KTSS002,KTSS013,KTSS003"
KT2025909,Ethan Gonzalez,11/13/2013,91 Hoi Yuen Road,KTPS001,"71,37,31,73,98,86,75","39,64,68,67,88,47,22",APP2025909,"KTSS018,KTSS010,KTSS016,KTSS009,KTSS004,KTSS005,KTSS014,KTSS017,KTSS008,KTSS020,KTSS019,KTSS007,KTSS002,KTSS001,KTSS013,KTSS011,KTSS006,KTSS015,KTSS003,KTSS012"
KT2025910,Harper Davis,05/17/2013,3 Hoi Yuen Road,KTPS009,"11,68,3,100,23,6,25","83,98,90,38,32,20,96",APP2025910,"KTSS017,KTSS002,KTSS009,KTSS014,KTSS015,KTSS003,KTSS010,KTSS011,KTSS005,KTSS008,KTSS012,KTSS001,KTSS016,KTSS019,KTSS006,KTSS004,KTSS013,KTSS007,KTSS018,KTSS020"
KT2025911,Mary Martin,03/06/2013,56 Sau Mau Ping,KTPS015,"48,62,68,62,30,29,78","31,42,31,53,88,81,33",APP2025911,"KTSS017,KTSS004,KTSS008,KTSS020,KTSS009,KTSS019,KTSS015,KTSS005,KTSS011,KTSS018,KTSS007,KTSS016,KTSS002,KTSS013,KTSS010,KTSS006,KTSS014,KTSS003,KTSS012,KTSS001"
KT2025912,Mary Johnson,05/04/2013,52 Lei Yue Mun,KTPS004,"67,98,8,32,49,72,67","48,18,22,94,42,57,20",APP2025912,"KTSS005,KTSS006,KTSS013,KTSS018,KTSS014,KTSS001,KTSS017,KTSS019,KTSS015,KTSS012,KTSS020,KTSS010,KTSS009,KTSS004,KTSS008,KTSS002,KTSS011,KTSS016,KTSS003,KTSS007"
KT2025913,Olivia Brown,01/07/2013,68 Tsui Ping Rd,KTPS017,"24,3,82,66,68,43,35","4,27,14,100,4,70,24",APP2025913,"KTSS010,KTSS013,KTSS015,KTSS018,KTSS006,KTSS017,KTSS005,KTSS016,KTSS019,KTSS007,KTSS009,KTSS011,KTSS008,KTSS012,KTSS020,KTSS014,KTSS003,KTSS002,KTSS004,KTSS001"
KT2025914,Benjamin Garcia,06/24/2013,24 Tsui Ping Rd,KTPS018,"22,36,7,68,51,95,76","82,14,82,7,15,6,12",APP2025914,"KTSS009,KTSS018,KTSS008,KTSS005,KTSS017,KTSS004,KTSS007,KTSS001,KTSS015,KTSS003,KTSS011,KTSS010,KTSS006,KTSS014,KTSS013,KTSS002,KTSS012,KTSS016,KTSS020,KTSS019"
KT2025915,Benjamin Williams,07/13/2013,48 Tsui Ping Rd,KTPS006,"40,11,98,33,80,93,68","38,97,80,44,73,41,52",APP2025915,"KTSS005,KTSS013,KTSS017,KTSS012,KTSS007,KTSS008,KTSS004,KTSS014,KTSS018,KTSS010,KTSS003,KTSS020,KTSS001,KTSS015,KTSS006,KTSS009,KTSS019,KTSS011,KTSS002,KTSS016"
KT2025916,Isabella Davis,01/23/2013,1 Lei Yue Mun,KTPS013,"40,76,90,84,84,31,28","30,50,0,76,8,10,94",APP2025916,"KTSS003,KTSS011,KTSS018,KTSS017,KTSS004,KTSS016,KTSS010,KTSS012,KTSS005,KTSS015,KTSS007,KTSS019,KTSS008,KTSS020,KTSS006,KTSS013,KTSS002,KTSS009,KTSS014,KTSS001"
KT2025917,Ethan Moore,01/05/2013,99 Lam Tin Road,KTPS004,"5,15,37,32,73,75,1","58,83,8,92,33,48,78",APP2025917,"KTSS008,KTSS020,KTSS017,KTSS015,KTSS012,KTSS018,KTSS006,KTSS002,KTSS016,KTSS013,KTSS019,KTSS001,KTSS011,KTSS005,KTSS003,KTSS010,KTSS014,KTSS009,KTSS007,KTSS004"
KT2025918,Daniel Moore,05/30/2013,48 Lei Yue Mun,KTPS012,"32,55,51,50,15,13,45","48,69,14,15,54,90,49",APP2025918,"KTSS005,KTSS007,KTSS014,KTSS016,KTSS013,KTSS018,KTSS019,KTSS002,KTSS004,KTSS008,KTSS006,KTSS001,KTSS010,KTSS003,KTSS009,KTSS017,KTSS011,KTSS012,KTSS015,KTSS020"
KT2025919,Mia Miller,08/15/2013,35 Kowloon Bay,KTPS011,"40,91,74,21,27,36,40","27,8,3,3,97,72,55",APP2025919,"KTSS010,KTSS009,KTSS014,KTSS020,KTSS005,KTSS004,KTSS011,KTSS007,KTSS013,KTSS019,KTSS018,KTSS015,KTSS002,KTSS017,KTSS003,KTSS012,KTSS006,KTSS001,KTSS016,KTSS008"
KT2025920,Charlotte Taylor,08/10/2013,63 Kwun Tong Bypass,KTPS020,"45,2,69,41,12,67,19","16,76,89,5,12,7,79",APP2025920,"KTSS004,KTSS015,KTSS006,KTSS001,KTSS018,KTSS016,KTSS012,KTSS013,KTSS007,KTSS002,KTSS005,KTSS020,KTSS011,KTSS010,KTSS017,KTSS003,KTSS008,KTSS009,KTSS014,KTSS019"
KT2025921,Alexander Taylor,04/28/2013,66 Kwun Tong Bypass,KTPS001,"57,0,16,78,51,80,96","40,73,4,62,35,28,79",APP2025921,"KTSS017,KTSS018,KTSS007,KTSS006,KTSS016,KTSS001,KTSS009,KTSS020,KTSS008,KTSS013,KTSS011,KTSS019,KTSS012,KTSS002,KTSS014,KTSS003,KTSS005,KTSS015,KTSS004,KTSS010"
KT2025922,Mary Garcia,06/27/2013,13 Hoi Yuen Road,KTPS008,"72,23,27,3,2,47,75","78,82,26,11,38,74,98",APP2025922,"KTSS004,KTSS011,KTSS018,KTSS002,KTSS009,KTSS016,KTSS003,KTSS013,KTSS010,KTSS014,KTSS015,KTSS019,KTSS020,KTSS017,KTSS012,KTSS006,KTSS008,KTSS001,KTSS005,KTSS007"
KT2025923,James Lopez,06/12/2013,55 Kwun Tong Rd,KTPS007,"61,66,7,14,69,46,79","98,33,99,42,31,12,7",APP2025923,"KTSS002,KTSS014,KTSS009,KTSS001,KTSS011,KTSS005,KTSS019,KTSS008,KTSS003,KTSS006,KTSS010,KTSS004,KTSS017,KTSS016,KTSS020,KTSS018,KTSS013,KTSS012,KTSS015,KTSS007"
KT2025924,Michael Williams,05/04/2013,71 Hoi Yuen Road,KTPS011,"74,21,94,2,95,39,58","35,56,93,2,33,95,73",APP2025924,"KTSS014,KTSS006,KTSS008,KTSS002,KTSS015,KTSS020,KTSS016,KTSS005,KTSS011,KTSS012,KTSS009,KTSS013,KTSS004,KTSS003,KTSS019,KTSS001,KTSS007,KTSS010,KTSS018,KTSS017"
KT2025925,Olivia Moore,01/18/2013,83 Hoi Yuen Road,KTPS020,"42,71,55,72,87,5,63","21,44,1,61,68,12,14",APP2025925,"KTSS002,KTSS017,KTSS011,KTSS016,KTSS019,KTSS010,KTSS001,KTSS014,KTSS013,KTSS007,KTSS018,KTSS003,KTSS006,KTSS005,KTSS004,KTSS008,KTSS009,KTSS015,KTSS012,KTSS020"
KT2025926,Sarah Thomas,02/09/2013,64 Lei Yue Mun,KTPS018,"90,3,9,94,96,51,42","27,40,45,17,97,54,45",APP2025926,"KTSS013,KTSS017,KTSS018,KTSS014,KTSS020,KTSS004,KTSS001,KTSS008,KTSS015,KTSS002,KTSS012,KTSS016,KTSS005,KTSS003,KTSS006,KTSS010,KTSS019,KTSS007,KTSS011,KTSS009"
KT2025927,Michael Thomas,05/01/2013,86 Hoi Yuen Road,KTPS014,"59,51,7,10,99,70,91","7,20,57,54,62,64,53",APP2025927,"KTSS002,KTSS017,KTSS012,KTSS010,KTSS009,KTSS011,KTSS019,KTSS016,KTSS013,KTSS001,KTSS008,KTSS003,KTSS007,KTSS004,KTSS014,KTSS015,KTSS005,KTSS020,KTSS018,KTSS006"
KT2025928,Daniel Williams,03/25/2013,43 Hoi Yuen Road,KTPS009,"29,46,80,27,18,19,48","34,85,26,48,69,35,5",APP2025928,"KTSS019,KTSS004,KTSS013,KTSS007,KTSS008,KTSS005,KTSS016,KTSS020,KTSS001,KTSS006,KTSS009,KTSS011,KTSS017,KTSS002,KTSS010,KTSS012,KTSS003,KTSS018,KTSS015,KTSS014"
KT2025929,Olivia Johnson,02/08/2013,55 Kowloon Bay,KTPS002,"100,10,87,56,42,50,71","77,91,99,4,94,76,83",APP2025929,"KTSS002,KTSS016,KTSS015,KTSS014,KTSS017,KTSS011,KTSS004,KTSS019,KTSS018,KTSS012,KTSS020,KTSS010,KTSS008,KTSS003,KTSS013,KTSS007,KTSS005,KTSS006,KTSS001,KTSS009"
KT2025930,Charlotte Moore,04/04/2013,10 Sau Mau Ping,KTPS017,"31,13,91,54,80,62,24","18,30,30,59,28,79,37",APP2025930,"KTSS011,KTSS019,KTSS005,KTSS016,KTSS006,KTSS017,KTSS004,KTSS003,KTSS020,KTSS007,KTSS015,KTSS001,KTSS010,KTSS012,KTSS008,KTSS014,KTSS013,KTSS009,KTSS002,KTSS018"
KT2025931,James Smith,03/21/2013,1 Kwun Tong Bypass,KTPS017,"3,20,73,88,26,97,51","55,37,47,17,28,19,91",APP2025931,"KTSS019,KTSS010,KTSS015,KTSS009,KTSS016,KTSS014,KTSS017,KTSS013,KTSS011,KTSS001,KTSS005,KTSS003,KTSS020,KTSS012,KTSS007,KTSS008,KTSS018,KTSS002,KTSS006,KTSS004"
KT2025932,Alexander Wilson,04/24/2013,22 Lei Yue Mun,KTPS007,"92,63,23,23,20,59,20","67,26,99,0,18,90,87",APP2025932,"KTSS014,KTSS008,KTSS011,KTSS009,KTSS020,KTSS019,KTSS017,KTSS013,KTSS012,KTSS016,KTSS001,KTSS015,KTSS006,KTSS010,KTSS002,KTSS005,KTSS018,KTSS007,KTSS004,KTSS003"
KT2025933,William Williams,03/22/2013,69 Kwun Tong Bypass,KTPS005,"12,83,39,90,91,20,97","32,83,93,6,10,92,28",APP2025933,"KTSS011,KTSS010,KTSS012,KTSS006,KTSS013,KTSS003,KTSS002,KTSS017,KTSS004,KTSS015,KTSS005,KTSS020,KTSS007,KTSS009,KTSS008,KTSS014,KTSS016,KTSS019,KTSS001,KTSS018"
KT2025934,Mia Moore,01/05/2013,77 Kowloon Bay,KTPS004,"27,86,67,54,58,35,14","10,61,90,94,35,69,76",APP2025934,"KTSS013,KTSS010,KTSS014,KTSS004,KTSS011,KTSS001,KTSS016,KTSS008,KTSS005,KTSS015,KTSS020,KTSS019,KTSS002,KTSS007,KTSS006,KTSS003,KTSS017,KTSS012,KTSS009,KTSS018"
KT2025935,Mary Martin,11/01/2013,61 Kowloon Bay,KTPS020,"22,28,94,63,15,10,38","56,44,68,72,97,78,96",APP2025935,"KTSS011,KTSS009,KTSS003,KTSS001,KTSS018,KTSS005,KTSS017,KTSS016,KTSS015,KTSS010,KTSS019,KTSS004,KTSS006,KTSS008,KTSS002,KTSS013,KTSS012,KTSS007,KTSS020,KTSS014"
KT2025936,Sarah Martin,08/14/2013,28 Sau Mau Ping,KTPS010,"38,46,59,32,82,16,55","29,17,33,89,35,67,45",APP2025936,"KTSS016,KTSS005,KTSS017,KTSS002,KTSS019,KTSS009,KTSS011,KTSS001,KTSS007,KTSS003,KTSS006,KTSS015,KTSS012,KTSS004,KTSS008,KTSS010,KTSS020,KTSS018,KTSS014,KTSS013"
KT2025937,Isabella Williams,05/19/2013,96 Tsui Ping Rd,KTPS018,"53,43,71,46,67,67,5","14,73,84,46,19,47,79",APP2025937,"KTSS009,KTSS012,KTSS004,KTSS008,KTSS019,KTSS006,KTSS020,KTSS011,KTSS014,KTSS018,KTSS015,KTSS016,KTSS013,KTSS007,KTSS010,KTSS005,KTSS003,KTSS017,KTSS002,KTSS001"
KT2025938,Mary Smith,03/26/2013,1 Lam Tin Road,KTPS006,"60,24,77,49,32,40,49","28,74,16,12,100,31,16",APP2025938,"KTSS001,KTSS020,KTSS004,KTSS015,KTSS006,KTSS014,KTSS011,KTSS010,KTSS002,KTSS003,KTSS019,KTSS008,KTSS017,KTSS013,KTSS005,KTSS009,KTSS007,KTSS016,KTSS018,KTSS012"
KT2025939,Sophia Jackson,12/17/2013,27 Kwun Tong Rd,KTPS014,"38,97,92,92,58,82,15","52,99,63,53,7,44,63",APP2025939,"KTSS004,KTSS011,KTSS002,KTSS019,KTSS005,KTSS003,KTSS016,KTSS018,KTSS013,KTSS017,KTSS007,KTSS014,KTSS001,KTSS010,KTSS009,KTSS012,KTSS020,KTSS015,KTSS006,KTSS008"
KT2025940,Olivia Gonzalez,04/22/2013,29 Ngau Tau Kok Rd,KTPS012,"18,57,73,62,61,93,41","55,35,83,52,88,24,8",APP2025940,"KTSS005,KTSS012,KTSS013,KTSS017,KTSS009,KTSS008,KTSS004,KTSS007,KTSS006,KTSS002,KTSS003,KTSS019,KTSS014,KTSS018,KTSS010,KTSS011,KTSS020,KTSS015,KTSS016,KTSS001"
KT2025941,Ethan Martinez,05/24/2013,19 Ngau Tau Kok Rd,KTPS007,"65,83,64,22,72,11,43","72,55,93,6,69,20,98",APP2025941,"KTSS001,KTSS012,KTSS018,KTSS007,KTSS005,KTSS010,KTSS008,KTSS011,KTSS003,KTSS019,KTSS002,KTSS006,KTSS020,KTSS013,KTSS004,KTSS016,KTSS014,KTSS015,KTSS009,KTSS017"
KT2025942,James Rodriguez,11/07/2013,83 Lam Tin Road,KTPS004,"79,1,76,72,0,21,20","74,10,2,33,89,77,99",APP2025942,"KTSS007,KTSS013,KTSS016,KTSS012,KTSS006,KTSS008,KTSS002,KTSS011,KTSS017,KTSS001,KTSS019,KTSS015,KTSS020,KTSS018,KTSS009,KTSS005,KTSS014,KTSS004,KTSS010,KTSS003"
KT2025943,Charlotte Martin,10/24/2013,97 Ngau Tau Kok Rd,KTPS002,"41,38,61,14,50,72,100","60,43,80,64,10,68,59",APP2025943,"KTSS004,KTSS001,KTSS019,KTSS010,KTSS007,KTSS020,KTSS005,KTSS003,KTSS016,KTSS009,KTSS012,KTSS013,KTSS011,KTSS015,KTSS017,KTSS014,KTSS006,KTSS008,KTSS018,KTSS002"
KT2025944,Emily Davis,07/06/2013,11 Kwun Tong Bypass,KTPS012,"40,94,88,3,29,34,39","48,92,82,81,30,83,26",APP2025944,"KTSS009,KTSS005,KTSS006,KTSS001,KTSS012,KTSS020,KTSS002,KTSS017,KTSS008,KTSS015,KTSS011,KTSS016,KTSS004,KTSS018,KTSS013,KTSS019,KTSS010,KTSS003,KTSS007,KTSS014"
KT2025945,Isabella Martin,04/10/2013,27 Hoi Yuen Road,KTPS007,"93,31,29,45,78,82,62","74,5,25,27,8,97,80",APP2025945,"KTSS013,KTSS009,KTSS015,KTSS020,KTSS016,KTSS001,KTSS004,KTSS008,KTSS012,KTSS003,KTSS005,KTSS002,KTSS017,KTSS006,KTSS018,KTSS011,KTSS007,KTSS019,KTSS010,KTSS014"
KT2025946,Ethan Wilson,08/07/2013,85 Kwun Tong Rd,KTPS005,"52,25,94,27,0,73,90","46,100,48,78,69,87,71",APP2025946,"KTSS001,KTSS006,KTSS017,KTSS020,KTSS005,KTSS013,KTSS004,KTSS002,KTSS007,KTSS008,KTSS012,KTSS010,KTSS009,KTSS015,KTSS011,KTSS019,KTSS018,KTSS016,KTSS003,KTSS014"
KT2025947,David Davis,07/08/2013,73 Sau Mau Ping,KTPS011,"19,77,24,58,85,29,68","29,37,74,58,11,80,74",APP2025947,"KTSS013,KTSS017,KTSS019,KTSS009,KTSS010,KTSS016,KTSS018,KTSS006,KTSS003,KTSS008,KTSS020,KTSS011,KTSS002,KTSS004,KTSS005,KTSS015,KTSS012,KTSS014,KTSS001,KTSS007"
KT2025948,Sarah Smith,07/22/2013,69 Tsui Ping Rd,KTPS018,"90,10,78,88,4,22,55","30,79,24,49,66,25,6",APP2025948,"KTSS018,KTSS010,KTSS013,KTSS014,KTSS007,KTSS002,KTSS006,KTSS003,KTSS020,KTSS017,KTSS005,KTSS004,KTSS019,KTSS001,KTSS011,KTSS016,KTSS009,KTSS012,KTSS015,KTSS008"
KT2025949,Amelia Jones,03/28/2013,18 Kwun Tong Rd,KTPS007,"4,34,4,32,35,40,44","89,4,3,28,39,74,48",APP2025949,"KTSS016,KTSS004,KTSS006,KTSS001,KTSS019,KTSS014,KTSS002,KTSS005,KTSS020,KTSS009,KTSS010,KTSS015,KTSS008,KTSS011,KTSS012,KTSS018,KTSS013,KTSS003,KTSS007,KTSS017"
KT2025950,Mia Gonzalez,07/22/2013,6 Lam Tin Road,KTPS013,"19,59,11,11,60,81,14","64,31,2,37,63,9,74",APP2025950,"KTSS003,KTSS005,KTSS008,KTSS002,KTSS006,KTSS014,KTSS007,KTSS019,KTSS017,KTSS011,KTSS013,KTSS018,KTSS020,KTSS009,KTSS001,KTSS012,KTSS010,KTSS016,KTSS015,KTSS004"
KT2025951,Sophia Williams,09/29/2013,49 Kwun Tong Rd,KTPS001,"43,29,85,8,91,4,18","1,54,27,71,90,52,19",APP2025951,"KTSS015,KTSS020,KTSS018,KTSS003,KTSS014,KTSS011,KTSS017,KTSS002,KTSS005,KTSS004,KTSS006,KTSS008,KTSS009,KTSS016,KTSS013,KTSS001,KTSS019,KTSS010,KTSS007,KTSS012"
KT2025952,Olivia Williams,04/25/2013,74 Kwun Tong Bypass,KTPS006,"91,94,29,99,14,30,98","58,41,24,41,87,5,76",APP2025952,"KTSS006,KTSS005,KTSS010,KTSS002,KTSS015,KTSS018,KTSS003,KTSS019,KTSS009,KTSS012,KTSS014,KTSS004,KTSS008,KTSS013,KTSS007,KTSS016,KTSS001,KTSS020,KTSS017,KTSS011"
KT2025953,Alexander Jackson,04/27/2013,96 Ngau Tau Kok Rd,KTPS016,"15,87,30,63,16,9,40","40,45,17,55,3,36,5",APP2025953,"KTSS007,KTSS008,KTSS005,KTSS003,KTSS012,KTSS014,KTSS016,KTSS010,KTSS018,KTSS020,KTSS002,KTSS011,KTSS004,KTSS019,KTSS013,KTSS001,KTSS015,KTSS017,KTSS006,KTSS009"
KT2025954,Ethan Moore,12/20/2013,19 Kowloon Bay,KTPS009,"5,64,94,35,97,35,14","68,95,63,25,50,6,25",APP2025954,"KTSS016,KTSS012,KTSS006,KTSS002,KTSS019,KTSS005,KTSS017,KTSS008,KTSS015,KTSS004,KTSS007,KTSS010,KTSS013,KTSS014,KTSS009,KTSS020,KTSS003,KTSS001,KTSS011,KTSS018"
KT2025955,Mia Taylor,09/26/2013,37 Kwun Tong Bypass,KTPS013,"67,77,21,6,85,65,22","16,70,33,37,40,37,49",APP2025955,"KTSS014,KTSS003,KTSS020,KTSS017,KTSS009,KTSS015,KTSS018,KTSS013,KTSS004,KTSS010,KTSS016,KTSS008,KTSS012,KTSS019,KTSS001,KTSS002,KTSS006,KTSS007,KTSS005,KTSS011"
KT2025956,Ethan Moore,06/11/2013,5 Lam Tin Road,KTPS007,"75,32,11,59,17,58,60","23,69,76,1,79,76,21",APP2025956,"KTSS010,KTSS002,KTSS006,KTSS015,KTSS013,KTSS016,KTSS003,KTSS019,KTSS007,KTSS008,KTSS009,KTSS004,KTSS012,KTSS018,KTSS017,KTSS011,KTSS001,KTSS020,KTSS005,KTSS014"
KT2025957,Matthew Brown,02/16/2013,32 Lam Tin Road,KTPS018,"62,72,23,41,70,83,0","80,50,73,99,1,32,68",APP2025957,"KTSS002,KTSS004,KTSS010,KTSS015,KTSS008,KTSS011,KTSS016,KTSS006,KTSS013,KTSS020,KTSS001,KTSS009,KTSS007,KTSS017,KTSS003,KTSS012,KTSS018,KTSS014,KTSS019,KTSS005"
KT2025958,Isabella Johnson,01/02/2013,40 Lei Yue Mun,KTPS012,"83,82,63,45,24,31,49","79,55,61,64,76,67,82",APP2025958,"KTSS020,KTSS011,KTSS005,KTSS017,KTSS014,KTSS002,KTSS019,KTSS013,KTSS004,KTSS012,KTSS006,KTSS001,KTSS010,KTSS016,KTSS018,KTSS009,KTSS007,KTSS008,KTSS015,KTSS003"
KT2025959,Michael Smith,10/23/2013,72 Lei Yue Mun,KTPS003,"55,99,86,40,10,46,86","64,24,71,36,51,29,65",APP2025959,"KTSS001,KTSS003,KTSS019,KTSS002,KTSS012,KTSS009,KTSS017,KTSS020,KTSS011,KTSS005,KTSS004,KTSS016,KTSS008,KTSS006,KTSS010,KTSS007,KTSS015,KTSS018,KTSS014,KTSS013"
KT2025960,John Rodriguez,11/01/2013,58 Yau Tong Bay,KTPS005,"13,28,63,93,80,13,19","3,40,66,84,5,87,2",APP2025960,"KTSS008,KTSS020,KTSS019,KTSS013,KTSS012,KTSS004,KTSS007,KTSS015,KTSS005,KTSS018,KTSS009,KTSS014,KTSS003,KTSS006,KTSS001,KTSS002,KTSS011,KTSS016,KTSS010,KTSS017"
KT2025961,Mary Thomas,03/19/2013,12 Hoi Yuen Road,KTPS009,"84,100,84,61,58,20,88","54,87,24,99,17,69,57",APP2025961,"KTSS002,KTSS019,KTSS013,KTSS010,KTSS009,KTSS015,KTSS016,KTSS020,KTSS001,KTSS017,KTSS011,KTSS006,KTSS012,KTSS007,KTSS004,KTSS003,KTSS008,KTSS018,KTSS005,KTSS014"
KT2025962,Isabella Brown,03/25/2013,63 Kwun Tong Bypass,KTPS005,"80,83,96,93,65,97,16","62,9,79,0,80,69,83",APP2025962,"KTSS015,KTSS009,KTSS017,KTSS019,KTSS013,KTSS010,KTSS018,KTSS004,KTSS011,KTSS020,KTSS006,KTSS001,KTSS003,KTSS008,KTSS014,KTSS005,KTSS002,KTSS012,KTSS016,KTSS007"
KT2025963,Mary Moore,12/18/2013,47 Sau Mau Ping,KTPS017,"99,78,77,88,10,75,49","71,15,99,34,57,95,31",APP2025963,"KTSS009,KTSS017,KTSS006,KTSS019,KTSS020,KTSS005,KTSS010,KTSS015,KTSS001,KTSS012,KTSS002,KTSS003,KTSS008,KTSS007,KTSS018,KTSS013,KTSS011,KTSS016,KTSS014,KTSS004"
KT2025964,Mia Garcia,10/08/2013,15 Kowloon Bay,KTPS009,"35,69,67,81,31,54,75","51,73,93,55,65,15,39",APP2025964,"KTSS001,KTSS020,KTSS008,KTSS009,KTSS006,KTSS011,KTSS014,KTSS019,KTSS017,KTSS003,KTSS016,KTSS013,KTSS018,KTSS005,KTSS002,KTSS004,KTSS010,KTSS012,KTSS007,KTSS015"
KT2025965,David Johnson,03/23/2013,64 Lam Tin Road,KTPS012,"35,88,25,31,90,67,12","27,94,22,1,68,19,77",APP2025965,"KTSS009,KTSS007,KTSS005,KTSS004,KTSS003,KTSS016,KTSS018,KTSS001,KTSS011,KTSS013,KTSS006,KTSS020,KTSS017,KTSS010,KTSS008,KTSS002,KTSS014,KTSS015,KTSS019,KTSS012"
KT2025966,Amelia Brown,08/22/2013,13 Hoi Yuen Road,KTPS011,"75,19,96,87,99,50,78","20,29,62,80,35,25,83",APP2025966,"KTSS003,KTSS002,KTSS019,KTSS008,KTSS015,KTSS014,KTSS010,KTSS007,KTSS011,KTSS004,KTSS016,KTSS012,KTSS018,KTSS020,KTSS001,KTSS017,KTSS005,KTSS009,KTSS006,KTSS013"
KT2025967,Charlotte Johnson,08/01/2013,80 Ngau Tau Kok Rd,KTPS007,"13,56,67,95,1,10,67","64,8,80,28,16,51,70",APP2025967,"KTSS019,KTSS001,KTSS002,KTSS015,KTSS017,KTSS009,KTSS013,KTSS016,KTSS004,KTSS020,KTSS005,KTSS018,KTSS010,KTSS014,KTSS012,KTSS008,KTSS006,KTSS003,KTSS011,KTSS007"
KT2025968,Daniel Martin,07/29/2013,63 Tsui Ping Rd,KTPS015,"74,22,61,100,52,96,40","35,41,76,55,11,82,97",APP2025968,"KTSS017,KTSS014,KTSS003,KTSS005,KTSS009,KTSS002,KTSS010,KTSS001,KTSS004,KTSS012,KTSS015,KTSS020,KTSS019,KTSS013,KTSS006,KTSS007,KTSS018,KTSS011,KTSS008,KTSS016"
KT2025969,David Davis,01/09/2013,70 Tsui Ping Rd,KTPS009,"98,100,37,88,66,82,53","26,91,35,69,57,19,35",APP2025969,"KTSS010,KTSS018,KTSS015,KTSS009,KTSS014,KTSS005,KTSS001,KTSS003,KTSS007,KTSS011,KTSS017,KTSS020,KTSS008,KTSS019,KTSS013,KTSS004,KTSS002,KTSS012,KTSS006,KTSS016"
KT2025970,Alexander Miller,01/29/2013,13 Ngau Tau Kok Rd,KTPS013,"4,70,82,72,18,36,59","76,52,46,46,4,0,74",APP2025970,"KTSS017,KTSS001,KTSS008,KTSS005,KTSS020,KTSS006,KTSS004,KTSS014,KTSS016,KTSS011,KTSS003,KTSS019,KTSS013,KTSS010,KTSS012,KTSS018,KTSS009,KTSS002,KTSS015,KTSS007"
KT2025971,Charlotte Williams,12/14/2013,68 Kowloon Bay,KTPS019,"13,33,57,52,7,26,7","32,82,17,28,50,5,44",APP2025971,"KTSS005,KTSS019,KTSS014,KTSS003,KTSS010,KTSS020,KTSS015,KTSS002,KTSS001,KTSS018,KTSS008,KTSS007,KTSS016,KTSS013,KTSS012,KTSS006,KTSS011,KTSS009,KTSS004,KTSS017"
KT2025972,Charlotte Jones,04/17/2013,90 Kwun Tong Bypass,KTPS016,"100,35,40,56,81,71,70","26,1,60,81,43,42,96",APP2025972,"KTSS004,KTSS010,KTSS014,KTSS018,KTSS012,KTSS015,KTSS011,KTSS019,KTSS001,KTSS017,KTSS020,KTSS005,KTSS006,KTSS003,KTSS013,KTSS016,KTSS009,KTSS008,KTSS007,KTSS002"
KT2025973,Charlotte Thomas,02/21/2013,86 Hoi Yuen Road,KTPS006,"26,100,16,68,81,25,14","6,11,100,14,22,48,52",APP2025973,"KTSS019,KTSS002,KTSS003,KTSS004,KTSS010,KTSS018,KTSS005,KTSS011,KTSS009,KTSS006,KTSS008,KTSS001,KTSS017,KTSS014,KTSS015,KTSS016,KTSS020,KTSS012,KTSS007,KTSS013"
KT2025974,Sarah Williams,08/22/2013,12 Kowloon Bay,KTPS011,"64,0,49,96,46,21,52","65,52,89,14,74,52,38",APP2025974,"KTSS015,KTSS016,KTSS007,KTSS005,KTSS013,KTSS011,KTSS017,KTSS003,KTSS001,KTSS019,KTSS009,KTSS012,KTSS004,KTSS010,KTSS006,KTSS020,KTSS002,KTSS014,KTSS018,KTSS008"
KT2025975,Ethan Thomas,12/14/2013,48 Tsui Ping Rd,KTPS016,"6,62,86,98,83,1,10","9,54,85,59,98,43,10",APP2025975,"KTSS010,KTSS009,KTSS008,KTSS005,KTSS002,KTSS015,KTSS011,KTSS004,KTSS012,KTSS014,KTSS007,KTSS006,KTSS020,KTSS019,KTSS016,KTSS001,KTSS018,KTSS017,KTSS003,KTSS013"
KT2025976,David Moore,06/17/2013,61 Sau Mau Ping,KTPS003,"21,92,81,46,30,32,56","100,24,97,0,7,42,75",APP2025976,"KTSS004,KTSS011,KTSS007,KTSS008,KTSS003,KTSS002,KTSS015,KTSS014,KTSS019,KTSS016,KTSS010,KTSS017,KTSS005,KTSS012,KTSS001,KTSS006,KTSS020,KTSS018,KTSS009,KTSS013"
KT2025977,Isabella Brown,07/11/2013,21 Ngau Tau Kok Rd,KTPS009,"55,99,74,26,20,52,22","70,1,12,8,35,18,70",APP2025977,"KTSS012,KTSS008,KTSS014,KTSS017,KTSS001,KTSS003,KTSS007,KTSS002,KTSS015,KTSS010,KTSS004,KTSS013,KTSS006,KTSS005,KTSS020,KTSS016,KTSS019,KTSS011,KTSS009,KTSS018"
KT2025978,William Lopez,11/21/2013,83 Ngau Tau Kok Rd,KTPS006,"10,64,74,14,52,24,69","48,97,77,80,11,96,41",APP2025978,"KTSS006,KTSS009,KTSS005,KTSS001,KTSS015,KTSS017,KTSS004,KTSS007,KTSS019,KTSS013,KTSS016,KTSS020,KTSS010,KTSS018,KTSS002,KTSS014,KTSS012,KTSS008,KTSS011,KTSS003"
KT2025979,Harper Rodriguez,10/17/2013,63 Hoi Yuen Road,KTPS009,"58,56,62,3,14,42,57","70,100,25,81,85,43,88",APP2025979,"KTSS016,KTSS001,KTSS002,KTSS006,KTSS010,KTSS005,KTSS014,KTSS008,KTSS018,KTSS003,KTSS012,KTSS009,KTSS020,KTSS007,KTSS017,KTSS015,KTSS019,KTSS013,KTSS011,KTSS004"
KT2025980,Ethan Williams,01/07/2013,31 Sau Mau Ping,KTPS016,"67,45,35,74,89,75,70","52,11,60,20,48,96,97",APP2025980,"KTSS007,KTSS003,KTSS001,KTSS008,KTSS013,KTSS006,KTSS004,KTSS019,KTSS005,KTSS016,KTSS009,KTSS017,KTSS020,KTSS002,KTSS015,KTSS012,KTSS014,KTSS018,KTSS011,KTSS010"
KT2025981,Matthew Hernandez,02/05/2013,60 Lam Tin Road,KTPS004,"9,66,9,10,38,81,56","67,54,48,10,1,73,20",APP2025981,"KTSS019,KTSS003,KTSS012,KTSS010,KTSS005,KTSS016,KTSS015,KTSS002,KTSS011,KTSS013,KTSS008,KTSS004,KTSS001,KTSS014,KTSS020,KTSS017,KTSS007,KTSS018,KTSS006,KTSS009"
KT2025982,William Jones,05/27/2013,81 Sau Mau Ping,KTPS007,"16,83,58,59,13,3,9","37,58,73,57,78,15,69",APP2025982,"KTSS006,KTSS013,KTSS008,KTSS018,KTSS004,KTSS001,KTSS010,KTSS003,KTSS007,KTSS017,KTSS020,KTSS002,KTSS011,KTSS015,KTSS005,KTSS016,KTSS012,KTSS019,KTSS009,KTSS014"
KT2025983,Amelia Moore,03/08/2013,98 Tsui Ping Rd,KTPS010,"85,12,88,1,7,22,59","11,82,58,55,21,38,12",APP2025983,"KTSS017,KTSS007,KTSS020,KTSS016,KTSS018,KTSS014,KTSS006,KTSS005,KTSS009,KTSS003,KTSS013,KTSS019,KTSS015,KTSS002,KTSS010,KTSS004,KTSS012,KTSS001,KTSS008,KTSS011"
KT2025984,Mia Martinez,12/14/2013,69 Sau Mau Ping,KTPS011,"46,74,61,25,55,70,68","64,27,30,82,58,77,71",APP2025984,"KTSS017,KTSS015,KTSS020,KTSS011,KTSS003,KTSS012,KTSS005,KTSS006,KTSS009,KTSS014,KTSS008,KTSS007,KTSS001,KTSS019,KTSS002,KTSS018,KTSS010,KTSS013,KTSS016,KTSS004"
KT2025985,Michael Lopez,02/11/2013,75 Lam Tin Road,KTPS016,"76,99,68,32,86,17,31","79,39,12,75,25,64,4",APP2025985,"KTSS010,KTSS020,KTSS013,KTSS001,KTSS008,KTSS018,KTSS002,KTSS015,KTSS005,KTSS016,KTSS009,KTSS004,KTSS012,KTSS003,KTSS011,KTSS017,KTSS007,KTSS006,KTSS014,KTSS019"
KT2025986,David Wilson,06/30/2013,17 Kwun Tong Bypass,KTPS008,"35,94,40,52,10,58,95","32,36,55,35,45,18,46",APP2025986,"KTSS010,KTSS003,KTSS006,KTSS016,KTSS008,KTSS019,KTSS002,KTSS015,KTSS004,KTSS020,KTSS018,KTSS013,KTSS014,KTSS001,KTSS011,KTSS012,KTSS007,KTSS017,KTSS009,KTSS005"
KT2025987,Michael Hernandez,02/17/2013,62 Lam Tin Road,KTPS018,"80,8,1,12,60,95,29","69,20,43,25,92,67,62",APP2025987,"KTSS014,KTSS018,KTSS009,KTSS017,KTSS013,KTSS020,KTSS003,KTSS015,KTSS005,KTSS010,KTSS019,KTSS002,KTSS001,KTSS004,KTSS016,KTSS008,KTSS007,KTSS011,KTSS012,KTSS006"
KT2025988,Mary Smith,09/15/2013,34 Hoi Yuen Road,KTPS008,"65,82,49,73,0,100,34","4,66,81,79,11,11,52",APP2025988,"KTSS008,KTSS004,KTSS018,KTSS005,KTSS019,KTSS010,KTSS003,KTSS001,KTSS015,KTSS011,KTSS009,KTSS014,KTSS002,KTSS013,KTSS006,KTSS012,KTSS017,KTSS020,KTSS016,KTSS007"
KT2025989,Sarah Moore,11/06/2013,41 Yau Tong Bay,KTPS018,"100,7,29,62,21,87,45","12,26,96,58,54,32,43",APP2025989,"KTSS006,KTSS015,KTSS005,KTSS004,KTSS001,KTSS019,KTSS013,KTSS014,KTSS011,KTSS010,KTSS020,KTSS009,KTSS002,KTSS016,KTSS012,KTSS007,KTSS008,KTSS018,KTSS003,KTSS017"
KT2025990,William Wilson,07/22/2013,82 Kwun Tong Bypass,KTPS009,"57,90,30,87,41,34,76","68,46,45,97,78,8,39",APP2025990,"KTSS001,KTSS015,KTSS018,KTSS006,KTSS019,KTSS012,KTSS020,KTSS017,KTSS002,KTSS004,KTSS008,KTSS013,KTSS014,KTSS005,KTSS007,KTSS016,KTSS010,KTSS009,KTSS003,KTSS011"
KT2025991,Amelia Wilson,08/18/2013,72 Kwun Tong Bypass,KTPS003,"64,54,24,26,2,18,1","86,37,2,48,63,23,58",APP2025991,"KTSS011,KTSS020,KTSS005,KTSS016,KTSS002,KTSS006,KTSS015,KTSS004,KTSS017,KTSS018,KTSS012,KTSS008,KTSS013,KTSS009,KTSS010,KTSS007,KTSS003,KTSS019,KTSS014,KTSS001"
KT2025992,Daniel Jones,06/12/2013,71 Kwun Tong Bypass,KTPS002,"26,29,77,82,12,100,83","54,35,14,15,55,81,65",APP2025992,"KTSS002,KTSS011,KTSS005,KTSS020,KTSS019,KTSS017,KTSS006,KTSS018,KTSS016,KTSS008,KTSS015,KTSS007,KTSS013,KTSS010,KTSS003,KTSS001,KTSS009,KTSS004,KTSS014,KTSS012"
KT2025993,Mia Rodriguez,07/14/2013,59 Kowloon Bay,KTPS020,"12,86,21,35,73,30,17","41,51,15,69,7,6,20",APP2025993,"KTSS019,KTSS008,KTSS002,KTSS017,KTSS015,KTSS004,KTSS007,KTSS009,KTSS003,KTSS018,KTSS006,KTSS010,KTSS016,KTSS014,KTSS020,KTSS011,KTSS012,KTSS005,KTSS013,KTSS001"
KT2025994,David Miller,04/29/2013,16 Sau Mau Ping,KTPS003,"3,1,82,94,73,7,62","73,93,99,84,21,34,75",APP2025994,"KTSS004,KTSS005,KTSS006,KTSS010,KTSS012,KTSS009,KTSS002,KTSS013,KTSS018,KTSS020,KTSS008,KTSS017,KTSS003,KTSS014,KTSS016,KTSS001,KTSS015,KTSS007,KTSS011,KTSS019"
KT2025995,Mary Taylor,11/02/2013,94 Kwun Tong Bypass,KTPS005,"26,54,41,17,94,59,41","48,20,27,66,32,15,20",APP2025995,"KTSS015,KTSS013,KTSS009,KTSS010,KTSS004,KTSS011,KTSS001,KTSS002,KTSS006,KTSS007,KTSS018,KTSS016,KTSS020,KTSS008,KTSS005,KTSS003,KTSS019,KTSS014,KTSS012,KTSS017"
KT2025996,Isabella Martinez,01/27/2013,97 Kwun Tong Rd,KTPS017,"90,67,73,72,31,77,37","73,17,69,39,49,62,24",APP2025996,"KTSS016,KTSS009,KTSS010,KTSS007,KTSS012,KTSS018,KTSS005,KTSS017,KTSS014,KTSS001,KTSS006,KTSS002,KTSS013,KTSS019,KTSS015,KTSS020,KTSS004,KTSS008,KTSS011,KTSS003"
KT2025997,James Hernandez,11/18/2013,48 Kowloon Bay,KTPS004,"56,27,64,40,43,25,14","43,16,72,38,31,91,70",APP2025997,"KTSS011,KTSS009,KTSS017,KTSS015,KTSS010,KTSS016,KTSS005,KTSS007,KTSS012,KTSS018,KTSS014,KTSS019,KTSS003,KTSS020,KTSS002,KTSS006,KTSS001,KTSS008,KTSS004,KTSS013"
KT2025998,Sarah Brown,02/19/2013,28 Sau Mau Ping,KTPS007,"95,22,89,63,35,71,98","15,49,4,25,20,64,2",APP2025998,"KTSS009,KTSS006,KTSS019,KTSS005,KTSS010,KTSS007,KTSS012,KTSS017,KTSS018,KTSS002,KTSS001,KTSS011,KTSS003,KTSS004,KTSS014,KTSS013,KTSS015,KTSS008,KTSS016,KTSS020"
KT2025999,John Lopez,05/25/2013,17 Kowloon Bay,KTPS007,"49,54,34,16,47,31,49","74,68,60,70,36,18,93",APP2025999,"KTSS015,KTSS005,KTSS006,KTSS007,KTSS017,KTSS010,KTSS020,KTSS012,KTSS002,KTSS013,KTSS009,KTSS019,KTSS003,KTSS018,KTSS008,KTSS004,KTSS016,KTSS011,KTSS001,KTSS014"
KT20251000,Harper Miller,04/01/2013,29 Kwun Tong Rd,KTPS017,"66,0,46,69,99,64,2","44,11,93,76,47,79,20",APP20251000,"KTSS010,KTSS013,KTSS017,KTSS015,KTSS005,KTSS006,KTSS002,KTSS019,KTSS012,KTSS011,KTSS009,KTSS020,KTSS018,KTSS016,KTSS001,KTSS007,KTSS014,KTSS008,KTSS004,KTSS003"
KT20251001,Charlotte Moore,09/07/2013,7 Sau Mau Ping,KTPS015,"26,31,17,17,4,9,43","98,63,4,100,7,26,2",APP20251001,"KTSS008,KTSS012,KTSS020,KTSS001,KTSS010,KTSS003,KTSS011,KTSS019,KTSS007,KTSS009,KTSS006,KTSS016,KTSS017,KTSS002,KTSS005,KTSS013,KTSS004,KTSS014,KTSS018,KTSS015"
KT20251002,Alexander Brown,11/02/2013,5 Yau Tong Bay,KTPS011,"47,43,15,33,71,95,98","50,18,42,17,56,36,99",APP20251002,"KTSS004,KTSS003,KTSS010,KTSS011,KTSS007,KTSS008,KTSS017,KTSS005,KTSS016,KTSS018,KTSS012,KTSS015,KTSS002,KTSS006,KTSS020,KTSS014,KTSS019,KTSS009,KTSS013,KTSS001"
KT20251003,Benjamin Lopez,02/10/2013,73 Lei Yue Mun,KTPS011,"76,8,12,94,98,98,30","81,86,87,46,31,87,48",APP20251003,"KTSS002,KTSS016,KTSS006,KTSS009,KTSS019,KTSS003,KTSS008,KTSS004,KTSS011,KTSS020,KTSS017,KTSS014,KTSS012,KTSS007,KTSS005,KTSS010,KTSS013,KTSS018,KTSS015,KTSS001"
KT20251004,Harper Moore,06/23/2013,2 Kwun Tong Bypass,KTPS009,"36,59,52,21,36,20,5","68,39,98,46,93,68,47",APP20251004,"KTSS002,KTSS012,KTSS017,KTSS018,KTSS003,KTSS009,KTSS004,KTSS008,KTSS010,KTSS005,KTSS011,KTSS015,KTSS019,KTSS007,KTSS020,KTSS016,KTSS001,KTSS014,KTSS013,KTSS006"
KT20251005,Charlotte Moore,06/08/2013,72 Kwun Tong Rd,KTPS012,"31,63,55,82,32,45,55","22,34,41,23,22,57,59",APP20251005,"KTSS012,KTSS018,KTSS019,KTSS017,KTSS010,KTSS002,KTSS016,KTSS014,KTSS006,KTSS007,KTSS004,KTSS001,KTSS015,KTSS008,KTSS003,KTSS020,KTSS011,KTSS005,KTSS013,KTSS009"
KT20251006,David Wilson,03/08/2013,16 Kwun Tong Rd,KTPS013,"5,33,41,54,71,80,37","12,82,95,71,63,57,67",APP20251006,"KTSS013,KTSS016,KTSS007,KTSS014,KTSS009,KTSS006,KTSS020,KTSS005,KTSS015,KTSS011,KTSS017,KTSS010,KTSS002,KTSS008,KTSS018,KTSS019,KTSS004,KTSS003,KTSS012,KTSS001"
KT20251007,Sophia Lopez,10/25/2013,88 Lam Tin Road,KTPS005,"27,2,2,96,100,47,41","83,23,51,12,36,11,9",APP20251007,"KTSS016,KTSS008,KTSS015,KTSS018,KTSS014,KTSS002,KTSS006,KTSS003,KTSS007,KTSS004,KTSS010,KTSS019,KTSS013,KTSS011,KTSS012,KTSS005,KTSS009,KTSS001,KTSS020,KTSS017"
KT20251008,Amelia Miller,04/01/2013,88 Ngau Tau Kok Rd,KTPS004,"20,23,16,3,43,65,94","45,76,39,77,95,33,73",APP20251008,"KTSS009,KTSS010,KTSS002,KTSS015,KTSS012,KTSS005,KTSS013,KTSS007,KTSS020,KTSS017,KTSS008,KTSS004,KTSS016,KTSS011,KTSS014,KTSS006,KTSS018,KTSS019,KTSS001,KTSS003"
KT20251009,Olivia Martin,11/28/2013,49 Yau Tong Bay,KTPS012,"21,84,55,14,11,68,43","22,36,30,64,16,2,79",APP20251009,"KTSS001,KTSS020,KTSS017,KTSS012,KTSS011,KTSS016,KTSS019,KTSS003,KTSS005,KTSS010,KTSS018,KTSS007,KTSS014,KTSS009,KTSS004,KTSS006,KTSS008,KTSS002,KTSS015,KTSS013"
KT20251010,Olivia Moore,09/29/2013,25 Kowloon Bay,KTPS013,"99,98,39,26,49,74,19","53,34,33,46,79,70,95",APP20251010,"KTSS011,KTSS007,KTSS018,KTSS013,KTSS015,KTSS016,KTSS014,KTSS002,KTSS003,KTSS008,KTSS010,KTSS001,KTSS004,KTSS006,KTSS009,KTSS005,KTSS012,KTSS020,KTSS017,KTSS019"
KT20251011,Sophia Thomas,01/06/2013,22 Yau Tong Bay,KTPS009,"93,18,20,22,47,62,57","40,27,56,91,6,32,41",APP20251011,"KTSS011,KTSS016,KTSS017,KTSS009,KTSS007,KTSS010,KTSS012,KTSS002,KTSS013,KTSS003,KTSS008,KTSS006,KTSS001,KTSS014,KTSS018,KTSS020,KTSS019,KTSS015,KTSS004,KTSS005"
KT20251012,Mary Smith,11/16/2013,24 Yau Tong Bay,KTPS010,"46,52,28,77,42,46,21","78,25,37,50,75,70,96",APP20251012,"KTSS018,KTSS006,KTSS020,KTSS009,KTSS016,KTSS017,KTSS008,KTSS015,KTSS010,KTSS002,KTSS004,KTSS007,KTSS014,KTSS001,KTSS019,KTSS013,KTSS005,KTSS011,KTSS003,KTSS012"
KT20251013,Ethan Jackson,06/22/2013,29 Sau Mau Ping,KTPS009,"51,72,18,23,82,17,83","58,93,92,44,6,34,35",APP20251013,"KTSS018,KTSS019,KTSS012,KTSS001,KTSS003,KTSS006,KTSS020,KTSS007,KTSS011,KTSS005,KTSS002,KTSS014,KTSS013,KTSS008,KTSS004,KTSS015,KTSS009,KTSS016,KTSS010,KTSS017"
KT20251014,Ethan Smith,04/06/2013,46 Ngau Tau Kok Rd,KTPS004,"55,68,29,52,9,74,57","4,93,50,70,32,67,12",APP20251014,"KTSS020,KTSS019,KTSS012,KTSS007,KTSS017,KTSS004,KTSS005,KTSS001,KTSS014,KTSS011,KTSS016,KTSS006,KTSS010,KTSS003,KTSS009,KTSS002,KTSS008,KTSS013,KTSS015,KTSS018"
KT20251015,Ethan Miller,01/31/2013,97 Kowloon Bay,KTPS014,"85,66,32,10,2,2,99","36,10,71,79,34,7,59",APP20251015,"KTSS001,KTSS012,KTSS016,KTSS004,KTSS015,KTSS017,KTSS020,KTSS005,KTSS008,KTSS009,KTSS014,KTSS011,KTSS006,KTSS007,KTSS003,KTSS019,KTSS013,KTSS002,KTSS010,KTSS018"
KT20251016,Daniel Lopez,05/07/2013,67 Tsui Ping Rd,KTPS013,"17,20,94,15,71,45,9","25,57,7,90,61,44,45",APP20251016,"KTSS006,KTSS002,KTSS017,KTSS020,KTSS007,KTSS013,KTSS003,KTSS016,KTSS015,KTSS014,KTSS004,KTSS005,KTSS012,KTSS001,KTSS009,KTSS018,KTSS008,KTSS011,KTSS010,KTSS019"
KT20251017,William Jones,01/24/2013,3 Kowloon Bay,KTPS007,"97,35,80,19,48,9,32","49,38,30,59,2,1,100",APP20251017,"KTSS009,KTSS003,KTSS008,KTSS019,KTSS013,KTSS016,KTSS014,KTSS012,KTSS010,KTSS002,KTSS018,KTSS004,KTSS015,KTSS005,KTSS007,KTSS011,KTSS001,KTSS006,KTSS017,KTSS020"
KT20251018,Matthew Brown,07/08/2013,12 Kwun Tong Bypass,KTPS015,"74,67,50,58,31,27,60","94,73,42,44,94,31,53",APP20251018,"KTSS003,KTSS016,KTSS005,KTSS019,KTSS014,KTSS012,KTSS008,KTSS018,KTSS009,KTSS017,KTSS020,KTSS004,KTSS002,KTSS001,KTSS007,KTSS011,KTSS015,KTSS013,KTSS010,KTSS006"
KT20251019,Mia Taylor,06/14/2013,93 Yau Tong Bay,KTPS004,"33,67,96,65,97,86,52","57,64,96,60,45,74,19",APP20251019,"KTSS019,KTSS002,KTSS014,KTSS005,KTSS012,KTSS001,KTSS003,KTSS017,KTSS007,KTSS006,KTSS018,KTSS008,KTSS013,KTSS009,KTSS010,KTSS015,KTSS011,KTSS004,KTSS020,KTSS016"
KT20251020,William Miller,02/06/2013,3 Yau Tong Bay,KTPS002,"61,62,30,24,5,6,1","93,99,21,39,12,58,47",APP20251020,"KTSS005,KTSS009,KTSS016,KTSS007,KTSS020,KTSS018,KTSS017,KTSS014,KTSS012,KTSS019,KTSS004,KTSS008,KTSS002,KTSS001,KTSS003,KTSS011,KTSS013,KTSS015,KTSS010,KTSS006"
